"from_function","from_entry","from_addr","to_symbol","to_addr","ref_type","is_call","is_data"
"FUN_00f808f0","00f808f0","00f808fd","","Stack[0x0]","READ","false","true"
"FUN_00f808f0","00f808f0","00f80900","","Stack[-0xc]","WRITE","false","true"
"FUN_00f808f0","00f808f0","00f80908","LAB_0196a5a6","0196a5a6","DATA","false","true"
"FUN_00f808f0","00f808f0","00f8090d","ExceptionList","ffdff000","READ","false","true"
"FUN_00f808f0","00f808f0","00f8091b","DAT_01bbb1c0","01bbb1c0","READ","false","true"
"FUN_00f808f0","00f808f0","00f80922","","Stack[-0x24]","WRITE","false","true"
"FUN_00f808f0","00f808f0","00f80928","","Stack[-0x1c]","DATA","false","true"
"FUN_00f808f0","00f808f0","00f8092b","ExceptionList","ffdff000","WRITE","false","true"
"FUN_00f808f0","00f808f0","00f80933","","Stack[-0x47c]","WRITE","false","true"
"FUN_00f808f0","00f808f0","00f80939","DAT_01bfc3b4","01bfc3b4","READ","false","true"
"FUN_00f808f0","00f808f0","00f8093e","DAT_01bfb2c4","01bfb2c4","READ","false","true"
"FUN_00f808f0","00f808f0","00f80950","DAT_01bfc3b4","01bfc3b4","READ","false","true"
"FUN_00f808f0","00f808f0","00f80974","DAT_01bfb2a0","01bfb2a0","READ","false","true"
"FUN_00f808f0","00f808f0","00f8097c","LAB_00f80989","00f80989","CONDITIONAL_JUMP","false","false"
"FUN_00f808f0","00f808f0","00f8097e","FUN_00f54dc0","00f54dc0","UNCONDITIONAL_CALL","true","false"
"FUN_00f808f0","00f808f0","00f80983","DAT_01bfb2a0","01bfb2a0","READ","false","true"
"FUN_00f808f0","00f808f0","00f80989","DAT_01bfb2d8","01bfb2d8","READ","false","true"
"FUN_00f808f0","00f808f0","00f8098e","DAT_01bb97a0","01bb97a0","WRITE","false","true"
"FUN_00f808f0","00f808f0","00f8099e","LAB_00f809b2","00f809b2","CONDITIONAL_JUMP","false","false"
"FUN_00f808f0","00f808f0","00f809a0","DAT_01b027a8","01b027a8","READ","false","true"
"FUN_00f808f0","00f808f0","00f809a8","s_Enchant_Room.mp3_01ac8de8","01ac8de8","DATA","false","true"
"FUN_00f808f0","00f808f0","00f809ad","FUN_00f547c0","00f547c0","UNCONDITIONAL_CALL","true","false"
"FUN_00f808f0","00f808f0","00f809b2","DAT_01bfb8cc","01bfb8cc","READ","false","true"
"FUN_00f808f0","00f808f0","00f809b8","","Stack[-0x28]","DATA","false","true"
"FUN_00f808f0","00f808f0","00f809bc","","Stack[-0x34]","DATA","false","true"
"FUN_00f808f0","00f808f0","00f809bf","","Stack[-0x28]","WRITE","false","true"
"FUN_00f808f0","00f808f0","00f809ca","FUN_00f1b390","00f1b390","UNCONDITIONAL_CALL","true","false"
"FUN_00f808f0","00f808f0","00f809cf","","Stack[-0x2c]","READ","false","true"
"FUN_00f808f0","00f808f0","00f809d6","LAB_00f809eb","00f809eb","CONDITIONAL_JUMP","false","false"
"FUN_00f808f0","00f808f0","00f809df","LAB_00f809eb","00f809eb","CONDITIONAL_JUMP","false","false"
"FUN_00f808f0","00f808f0","00f809e4","LAB_00f809eb","00f809eb","CONDITIONAL_JUMP","false","false"
"FUN_00f808f0","00f808f0","00f809e9","LAB_00f809ed","00f809ed","UNCONDITIONAL_JUMP","false","false"
"FUN_00f808f0","00f808f0","00f809ee","FUN_01467b00","01467b00","UNCONDITIONAL_CALL","true","false"
"FUN_00f808f0","00f808f0","00f809f3","DAT_01bfb8cc","01bfb8cc","READ","false","true"
"FUN_00f808f0","00f808f0","00f809fd","FUN_01293d20","01293d20","UNCONDITIONAL_CALL","true","false"
"FUN_00f808f0","00f808f0","00f80a04","LAB_00f80a46","00f80a46","CONDITIONAL_JUMP","false","false"
"FUN_00f808f0","00f808f0","00f80a06","DAT_01bfb8cc","01bfb8cc","READ","false","true"
"FUN_00f808f0","00f808f0","00f80a0c","","Stack[-0x28]","DATA","false","true"
"FUN_00f808f0","00f808f0","00f80a10","","Stack[-0x34]","DATA","false","true"
"FUN_00f808f0","00f808f0","00f80a13","","Stack[-0x28]","WRITE","false","true"
"FUN_00f808f0","00f808f0","00f80a1e","FUN_00f1b390","00f1b390","UNCONDITIONAL_CALL","true","false"
"FUN_00f808f0","00f808f0","00f80a23","","Stack[-0x2c]","READ","false","true"
"FUN_00f808f0","00f808f0","00f80a2a","LAB_00f80a3f","00f80a3f","CONDITIONAL_JUMP","false","false"
"FUN_00f808f0","00f808f0","00f80a33","LAB_00f80a3f","00f80a3f","CONDITIONAL_JUMP","false","false"
"FUN_00f808f0","00f808f0","00f80a38","LAB_00f80a3f","00f80a3f","CONDITIONAL_JUMP","false","false"
"FUN_00f808f0","00f808f0","00f80a3d","LAB_00f80a41","00f80a41","UNCONDITIONAL_JUMP","false","false"
"FUN_00f808f0","00f808f0","00f80a41","FUN_012eba00","012eba00","UNCONDITIONAL_CALL","true","false"
"FUN_00f808f0","00f808f0","00f80a46","DAT_01bfb8cc","01bfb8cc","READ","false","true"
"FUN_00f808f0","00f808f0","00f80a50","FUN_01293d20","01293d20","UNCONDITIONAL_CALL","true","false"
"FUN_00f808f0","00f808f0","00f80a57","LAB_00f80ab6","00f80ab6","CONDITIONAL_JUMP","false","false"
"FUN_00f808f0","00f808f0","00f80a59","DAT_01bfb8cc","01bfb8cc","READ","false","true"
"FUN_00f808f0","00f808f0","00f80a5e","","Stack[-0x28]","DATA","false","true"
"FUN_00f808f0","00f808f0","00f80a65","","Stack[-0x28]","WRITE","false","true"
"FUN_00f808f0","00f808f0","00f80a6c","","Stack[-0x34]","DATA","false","true"
"FUN_00f808f0","00f808f0","00f80a6f","","Stack[-0x46c]","WRITE","false","true"
"FUN_00f808f0","00f808f0","00f80a78","FUN_00f1b390","00f1b390","UNCONDITIONAL_CALL","true","false"
"FUN_00f808f0","00f808f0","00f80a7d","","Stack[-0x2c]","READ","false","true"
"FUN_00f808f0","00f808f0","00f80a84","LAB_00f80ab6","00f80ab6","CONDITIONAL_JUMP","false","false"
"FUN_00f808f0","00f808f0","00f80a8d","LAB_00f80ab6","00f80ab6","CONDITIONAL_JUMP","false","false"
"FUN_00f808f0","00f808f0","00f80a8f","","Stack[-0x46c]","READ","false","true"
"FUN_00f808f0","00f808f0","00f80a97","LAB_00f80ab6","00f80ab6","CONDITIONAL_JUMP","false","false"
"FUN_00f808f0","00f808f0","00f80a9e","LAB_00f80ab6","00f80ab6","CONDITIONAL_JUMP","false","false"
"FUN_00f808f0","00f808f0","00f80aab","LAB_00f80ab6","00f80ab6","CONDITIONAL_JUMP","false","false"
"FUN_00f808f0","00f808f0","00f80ab6","DAT_01bfb8cc","01bfb8cc","READ","false","true"
"FUN_00f808f0","00f808f0","00f80ac0","FUN_01293d20","01293d20","UNCONDITIONAL_CALL","true","false"
"FUN_00f808f0","00f808f0","00f80ac7","LAB_00f80b26","00f80b26","CONDITIONAL_JUMP","false","false"
"FUN_00f808f0","00f808f0","00f80ac9","DAT_01bfb8cc","01bfb8cc","READ","false","true"
"FUN_00f808f0","00f808f0","00f80ace","","Stack[-0x28]","DATA","false","true"
"FUN_00f808f0","00f808f0","00f80ad5","","Stack[-0x28]","WRITE","false","true"
"FUN_00f808f0","00f808f0","00f80adc","","Stack[-0x34]","DATA","false","true"
"FUN_00f808f0","00f808f0","00f80adf","","Stack[-0x46c]","WRITE","false","true"
"FUN_00f808f0","00f808f0","00f80ae8","FUN_00f1b390","00f1b390","UNCONDITIONAL_CALL","true","false"
"FUN_00f808f0","00f808f0","00f80aed","","Stack[-0x2c]","READ","false","true"
"FUN_00f808f0","00f808f0","00f80af4","LAB_00f80b26","00f80b26","CONDITIONAL_JUMP","false","false"
"FUN_00f808f0","00f808f0","00f80afd","LAB_00f80b26","00f80b26","CONDITIONAL_JUMP","false","false"
"FUN_00f808f0","00f808f0","00f80aff","","Stack[-0x46c]","READ","false","true"
"FUN_00f808f0","00f808f0","00f80b07","LAB_00f80b26","00f80b26","CONDITIONAL_JUMP","false","false"
"FUN_00f808f0","00f808f0","00f80b0e","LAB_00f80b26","00f80b26","CONDITIONAL_JUMP","false","false"
"FUN_00f808f0","00f808f0","00f80b1b","LAB_00f80b26","00f80b26","CONDITIONAL_JUMP","false","false"
"FUN_00f808f0","00f808f0","00f80b26","DAT_01bfb8cc","01bfb8cc","READ","false","true"
"FUN_00f808f0","00f808f0","00f80b2d","LAB_00f80b5c","00f80b5c","CONDITIONAL_JUMP","false","false"
"FUN_00f808f0","00f808f0","00f80b38","FUN_01293d20","01293d20","UNCONDITIONAL_CALL","true","false"
"FUN_00f808f0","00f808f0","00f80b3f","LAB_00f80b5c","00f80b5c","CONDITIONAL_JUMP","false","false"
"FUN_00f808f0","00f808f0","00f80b41","DAT_01bfe464","01bfe464","READ","false","true"
"FUN_00f808f0","00f808f0","00f80b47","","Stack[-0x28]","DATA","false","true"
"FUN_00f808f0","00f808f0","00f80b50","","Stack[-0x28]","WRITE","false","true"
"FUN_00f808f0","00f808f0","00f80b57","FUN_014414a0","014414a0","UNCONDITIONAL_CALL","true","false"
"FUN_00f808f0","00f808f0","00f80b5f","","Stack[-0x38]","WRITE","false","true"
"FUN_00f808f0","00f808f0","00f80b66","","Stack[-0x48]","WRITE","false","true"
"FUN_00f808f0","00f808f0","00f80b6a","","Stack[-0x48]","WRITE","false","true"
"FUN_00f808f0","00f808f0","00f80b71","","Stack[-0x44]","WRITE","false","true"
"FUN_00f808f0","00f808f0","00f80b78","","Stack[-0x40]","WRITE","false","true"
"FUN_00f808f0","00f808f0","00f80b7f","","Stack[-0x3c]","WRITE","false","true"
"FUN_00f808f0","00f808f0","00f80b86","","Stack[-0x38]","WRITE","false","true"
"FUN_00f808f0","00f808f0","00f80b8d","","Stack[-0x28]","DATA","false","true"
"FUN_00f808f0","00f808f0","00f80b90","","Stack[-0x14]","WRITE","false","true"
"FUN_00f808f0","00f808f0","00f80b98","","Stack[-0x48]","DATA","false","true"
"FUN_00f808f0","00f808f0","00f80b9b","","Stack[-0x28]","WRITE","false","true"
"FUN_00f808f0","00f808f0","00f80ba2","","Stack[-0x46c]","WRITE","false","true"
"FUN_00f808f0","00f808f0","00f80bac","FUN_00f5dab0","00f5dab0","UNCONDITIONAL_CALL","true","false"
"FUN_00f808f0","00f808f0","00f80bb1","","Stack[-0x46c]","DATA","false","true"
"FUN_00f808f0","00f808f0","00f80bba","FUN_00f5dab0","00f5dab0","UNCONDITIONAL_CALL","true","false"
"FUN_00f808f0","00f808f0","00f80bbf","DAT_01bfe464","01bfe464","READ","false","true"
"FUN_00f808f0","00f808f0","00f80bc5","","Stack[-0x48]","DATA","false","true"
"FUN_00f808f0","00f808f0","00f80bce","FUN_014414a0","014414a0","UNCONDITIONAL_CALL","true","false"
"FUN_00f808f0","00f808f0","00f80bd3","DAT_01bfb8cc","01bfb8cc","READ","false","true"
"FUN_00f808f0","00f808f0","00f80bdb","LAB_00f80c05","00f80c05","CONDITIONAL_JUMP","false","false"
"FUN_00f808f0","00f808f0","00f80be1","FUN_01293d20","01293d20","UNCONDITIONAL_CALL","true","false"
"FUN_00f808f0","00f808f0","00f80be8","LAB_00f80c05","00f80c05","CONDITIONAL_JUMP","false","false"
"FUN_00f808f0","00f808f0","00f80bea","DAT_01bfb8cc","01bfb8cc","READ","false","true"
"FUN_00f808f0","00f808f0","00f80bf8","FUN_012945f0","012945f0","UNCONDITIONAL_CALL","true","false"
"FUN_00f808f0","00f808f0","00f80bff","LAB_00f80c05","00f80c05","CONDITIONAL_JUMP","false","false"
"FUN_00f808f0","00f808f0","00f80c05","DAT_01bfb2a8","01bfb2a8","READ","false","true"
"FUN_00f808f0","00f808f0","00f80c2a","DAT_01bfb2a8","01bfb2a8","READ","false","true"
"FUN_00f808f0","00f808f0","00f80c37","DAT_01b02b3c","01b02b3c","READ","false","true"
"FUN_00f808f0","00f808f0","00f80c3f","","Stack[-0x468]","DATA","false","true"
"FUN_00f808f0","00f808f0","00f80c4d","","Stack[-0x480]","WRITE","false","true"
"FUN_00f808f0","00f808f0","00f80c58","","Stack[-0x478]","WRITE","false","true"
"FUN_00f808f0","00f808f0","00f80c60","VCRUNTIME140.DLL::memset","01831f34","UNCONDITIONAL_CALL","true","false"
"FUN_00f808f0","00f808f0","00f80c68","","Stack[-0x468]","DATA","false","true"
"FUN_00f808f0","00f808f0","00f80c6e","FUN_0169ab10","0169ab10","UNCONDITIONAL_CALL","true","false"
"FUN_00f808f0","00f808f0","00f80c73","s_Data/etcobject/DatsCenter/F_DATS_01ac8dfc","01ac8dfc","DATA","false","true"
"FUN_00f808f0","00f808f0","00f80c78","","Stack[-0x468]","DATA","false","true"
"FUN_00f808f0","00f808f0","00f80c7e","","Stack[-0x14]","WRITE","false","true"
"FUN_00f808f0","00f808f0","00f80c82","FUN_0169c4f0","0169c4f0","UNCONDITIONAL_CALL","true","false"
"FUN_00f808f0","00f808f0","00f80c89","LAB_00f80ca4","00f80ca4","CONDITIONAL_JUMP","false","false"
"FUN_00f808f0","00f808f0","00f80c8b","s_Data/etcobject/DatsCenter/F_DATS_01ac8dfc","01ac8dfc","DATA","false","true"
"FUN_00f808f0","00f808f0","00f80c90","DAT_01ac8e28","01ac8e28","DATA","false","true"
"FUN_00f808f0","00f808f0","00f80c97","FUN_015aa730","015aa730","UNCONDITIONAL_CALL","true","false"
"FUN_00f808f0","00f808f0","00f80c9f","LAB_00f813e3","00f813e3","UNCONDITIONAL_JUMP","false","false"
"FUN_00f808f0","00f808f0","00f80ca4","","Stack[-0x30c]","READ","false","true"
"FUN_00f808f0","00f808f0","00f80cac","","Stack[-0x28]","WRITE","false","true"
"FUN_00f808f0","00f808f0","00f80cb2","","Stack[-0x470]","WRITE","false","true"
"FUN_00f808f0","00f808f0","00f80cba","LAB_00f80cc1","00f80cc1","CONDITIONAL_JUMP","false","false"
"FUN_00f808f0","00f808f0","00f80cbf","LAB_00f80cc7","00f80cc7","UNCONDITIONAL_JUMP","false","false"
"FUN_00f808f0","00f808f0","00f80cc1","","Stack[-0x470]","WRITE","false","true"
"FUN_00f808f0","00f808f0","00f80ccc","","Stack[-0x14]","WRITE","false","true"
"FUN_00f808f0","00f808f0","00f80cd0","FUN_01489f70","01489f70","UNCONDITIONAL_CALL","true","false"
"FUN_00f808f0","00f808f0","00f80ce6","LAB_00f80cf1","00f80cf1","CONDITIONAL_JUMP","false","false"
"FUN_00f808f0","00f808f0","00f80ce8","","Stack[-0x470]","READ","false","true"
"FUN_00f808f0","00f808f0","00f80cf1","FUN_01487b70","01487b70","UNCONDITIONAL_CALL","true","false"
"FUN_00f808f0","00f808f0","00f80cf6","","Stack[-0x478]","READ","false","true"
"FUN_00f808f0","00f808f0","00f80d04","","Stack[-0x480]","READ","false","true"
"FUN_00f808f0","00f808f0","00f80d0d","DAT_01bee678","01bee678","READ","false","true"
"FUN_00f808f0","00f808f0","00f80d2a","","Stack[-0x4b0]","WRITE","false","true"
"FUN_00f808f0","00f808f0","00f80d31","FUN_016a0910","016a0910","UNCONDITIONAL_CALL","true","false"
"FUN_00f808f0","00f808f0","00f80d3c","FUN_01692d50","01692d50","UNCONDITIONAL_CALL","true","false"
"FUN_00f808f0","00f808f0","00f80d4e","FUN_01692c40","01692c40","UNCONDITIONAL_CALL","true","false"
"FUN_00f808f0","00f808f0","00f80d53","s_Data/etcobject/DatsCenter/C_Grad_01ac8e54","01ac8e54","DATA","false","true"
"FUN_00f808f0","00f808f0","00f80d58","","Stack[-0x468]","DATA","false","true"
"FUN_00f808f0","00f808f0","00f80d5e","FUN_0169c4f0","0169c4f0","UNCONDITIONAL_CALL","true","false"
"FUN_00f808f0","00f808f0","00f80d65","LAB_00f80d71","00f80d71","CONDITIONAL_JUMP","false","false"
"FUN_00f808f0","00f808f0","00f80d67","s_Data/etcobject/DatsCenter/C_Grad_01ac8e54","01ac8e54","DATA","false","true"
"FUN_00f808f0","00f808f0","00f80d6c","LAB_00f80e66","00f80e66","UNCONDITIONAL_JUMP","false","false"
"FUN_00f808f0","00f808f0","00f80d71","","Stack[-0x30c]","READ","false","true"
"FUN_00f808f0","00f808f0","00f80d79","","Stack[-0x46c]","WRITE","false","true"
"FUN_00f808f0","00f808f0","00f80d81","LAB_00f80db1","00f80db1","CONDITIONAL_JUMP","false","false"
"FUN_00f808f0","00f808f0","00f80d85","LAB_00f80da4","00f80da4","CONDITIONAL_JUMP","false","false"
"FUN_00f808f0","00f808f0","00f80d87","","Stack[-0x470]","READ","false","true"
"FUN_00f808f0","00f808f0","00f80d95","LAB_00f80da4","00f80da4","CONDITIONAL_JUMP","false","false"
"FUN_00f808f0","00f808f0","00f80d9e","","Stack[-0x46c]","READ","false","true"
"FUN_00f808f0","00f808f0","00f80da6","","Stack[-0x28]","WRITE","false","true"
"FUN_00f808f0","00f808f0","00f80dab","LAB_00f80db1","00f80db1","CONDITIONAL_JUMP","false","false"
"FUN_00f808f0","00f808f0","00f80db6","FUN_01489f70","01489f70","UNCONDITIONAL_CALL","true","false"
"FUN_00f808f0","00f808f0","00f80dcd","","Stack[-0x46c]","WRITE","false","true"
"FUN_00f808f0","00f808f0","00f80dd5","LAB_00f80ddc","00f80ddc","CONDITIONAL_JUMP","false","false"
"FUN_00f808f0","00f808f0","00f80dda","LAB_00f80de2","00f80de2","UNCONDITIONAL_JUMP","false","false"
"FUN_00f808f0","00f808f0","00f80ddc","","Stack[-0x46c]","WRITE","false","true"
"FUN_00f808f0","00f808f0","00f80de2","FUN_01487b70","01487b70","UNCONDITIONAL_CALL","true","false"
"FUN_00f808f0","00f808f0","00f80dea","","Stack[-0x4b0]","READ","false","true"
"FUN_00f808f0","00f808f0","00f80df1","","Stack[-0x480]","READ","false","true"
"FUN_00f808f0","00f808f0","00f80dfd","DAT_01bee678","01bee678","READ","false","true"
"FUN_00f808f0","00f808f0","00f80e14","FUN_016a0910","016a0910","UNCONDITIONAL_CALL","true","false"
"FUN_00f808f0","00f808f0","00f80e19","DAT_01b02768","01b02768","READ","false","true"
"FUN_00f808f0","00f808f0","00f80e2a","","Stack[-0x2c]","WRITE","false","true"
"FUN_00f808f0","00f808f0","00f80e2a","DAT_3f800000","3f800000","DATA","false","true"
"FUN_00f808f0","00f808f0","00f80e31","","Stack[-0x2c]","READ","false","true"
"FUN_00f808f0","00f808f0","00f80e3b","","Stack[-0x4a0]","WRITE","false","true"
"FUN_00f808f0","00f808f0","00f80e3b","DAT_3f800000","3f800000","DATA","false","true"
"FUN_00f808f0","00f808f0","00f80e42","DAT_3f800000","3f800000","DATA","false","true"
"FUN_00f808f0","00f808f0","00f80e45","FUN_0148a890","0148a890","UNCONDITIONAL_CALL","true","false"
"FUN_00f808f0","00f808f0","00f80e4d","","Stack[-0x468]","DATA","false","true"
"FUN_00f808f0","00f808f0","00f80e53","s_Data/etcobject/DatsCenter/D_Grad_01ac8e84","01ac8e84","DATA","false","true"
"FUN_00f808f0","00f808f0","00f80e58","FUN_0169c4f0","0169c4f0","UNCONDITIONAL_CALL","true","false"
"FUN_00f808f0","00f808f0","00f80e5f","LAB_00f80e7b","00f80e7b","CONDITIONAL_JUMP","false","false"
"FUN_00f808f0","00f808f0","00f80e61","s_Data/etcobject/DatsCenter/D_Grad_01ac8e84","01ac8e84","DATA","false","true"
"FUN_00f808f0","00f808f0","00f80e66","s_Data/etcobject/DatsCenter/C_Grad_01ac8e54","01ac8e54","DATA","false","true"
"FUN_00f808f0","00f808f0","00f80e66","s_Data/etcobject/DatsCenter/D_Grad_01ac8e84","01ac8e84","DATA","false","true"
"FUN_00f808f0","00f808f0","00f80e67","DAT_01ac8e28","01ac8e28","DATA","false","true"
"FUN_00f808f0","00f808f0","00f80e6e","FUN_015aa730","015aa730","UNCONDITIONAL_CALL","true","false"
"FUN_00f808f0","00f808f0","00f80e76","LAB_00f813c9","00f813c9","UNCONDITIONAL_JUMP","false","false"
"FUN_00f808f0","00f808f0","00f80e7b","","Stack[-0x30c]","READ","false","true"
"FUN_00f808f0","00f808f0","00f80e83","","Stack[-0x470]","WRITE","false","true"
"FUN_00f808f0","00f808f0","00f80e8b","LAB_00f80ebb","00f80ebb","CONDITIONAL_JUMP","false","false"
"FUN_00f808f0","00f808f0","00f80e8f","LAB_00f80eae","00f80eae","CONDITIONAL_JUMP","false","false"
"FUN_00f808f0","00f808f0","00f80e91","","Stack[-0x46c]","READ","false","true"
"FUN_00f808f0","00f808f0","00f80e9f","LAB_00f80eae","00f80eae","CONDITIONAL_JUMP","false","false"
"FUN_00f808f0","00f808f0","00f80ea8","","Stack[-0x470]","READ","false","true"
"FUN_00f808f0","00f808f0","00f80eb0","","Stack[-0x28]","WRITE","false","true"
"FUN_00f808f0","00f808f0","00f80eb5","LAB_00f80ebb","00f80ebb","CONDITIONAL_JUMP","false","false"
"FUN_00f808f0","00f808f0","00f80ec0","FUN_01489f70","01489f70","UNCONDITIONAL_CALL","true","false"
"FUN_00f808f0","00f808f0","00f80ed6","LAB_00f80edc","00f80edc","CONDITIONAL_JUMP","false","false"
"FUN_00f808f0","00f808f0","00f80edc","FUN_01487b70","01487b70","UNCONDITIONAL_CALL","true","false"
"FUN_00f808f0","00f808f0","00f80ee4","","Stack[-0x4b0]","READ","false","true"
"FUN_00f808f0","00f808f0","00f80eeb","","Stack[-0x480]","READ","false","true"
"FUN_00f808f0","00f808f0","00f80ef7","DAT_01bee678","01bee678","READ","false","true"
"FUN_00f808f0","00f808f0","00f80f0e","FUN_016a0910","016a0910","UNCONDITIONAL_CALL","true","false"
"FUN_00f808f0","00f808f0","00f80f13","","Stack[-0x4a0]","READ","false","true"
"FUN_00f808f0","00f808f0","00f80f23","","Stack[-0x2c]","WRITE","false","true"
"FUN_00f808f0","00f808f0","00f80f23","DAT_3f800000","3f800000","DATA","false","true"
"FUN_00f808f0","00f808f0","00f80f2a","","Stack[-0x2c]","READ","false","true"
"FUN_00f808f0","00f808f0","00f80f31","DAT_3f800000","3f800000","DATA","false","true"
"FUN_00f808f0","00f808f0","00f80f34","FUN_0148a890","0148a890","UNCONDITIONAL_CALL","true","false"
"FUN_00f808f0","00f808f0","00f80f39","DAT_01bfc3b4","01bfc3b4","READ","false","true"
"FUN_00f808f0","00f808f0","00f80f42","DAT_01b02b34","01b02b34","READ","false","true"
"FUN_00f808f0","00f808f0","00f80f4a","DAT_01b02b30","01b02b30","READ","false","true"
"FUN_00f808f0","00f808f0","00f80f52","","Stack[-0x2c]","WRITE","false","true"
"FUN_00f808f0","00f808f0","00f80f64","DAT_01b02aac","01b02aac","READ","false","true"
"FUN_00f808f0","00f808f0","00f80f74","DAT_01b02b30","01b02b30","READ","false","true"
"FUN_00f808f0","00f808f0","00f80f7b","","Stack[-0x2c]","WRITE","false","true"
"FUN_00f808f0","00f808f0","00f80f84","LAB_00f80fa2","00f80fa2","CONDITIONAL_JUMP","false","false"
"FUN_00f808f0","00f808f0","00f80f92","LAB_00f80fa2","00f80fa2","CONDITIONAL_JUMP","false","false"
"FUN_00f808f0","00f808f0","00f80fa0","LAB_00f80fb3","00f80fb3","CONDITIONAL_JUMP","false","false"
"FUN_00f808f0","00f808f0","00f80fa2","","Stack[-0x2c]","READ","false","true"
"FUN_00f808f0","00f808f0","00f80fad","DAT_01bfc3b4","01bfc3b4","READ","false","true"
"FUN_00f808f0","00f808f0","00f80fb3","DAT_01b02ad4","01b02ad4","READ","false","true"
"FUN_00f808f0","00f808f0","00f80fbd","DAT_01b025b8","01b025b8","READ","false","true"
"FUN_00f808f0","00f808f0","00f80fc5","FUN_0147ab50","0147ab50","UNCONDITIONAL_CALL","true","false"
"FUN_00f808f0","00f808f0","00f80fca","DAT_01bfc3b4","01bfc3b4","READ","false","true"
"FUN_00f808f0","00f808f0","00f80fd0","DAT_01b029d4","01b029d4","READ","false","true"
"FUN_00f808f0","00f808f0","00f80ffe","LAB_00f8100c","00f8100c","CONDITIONAL_JUMP","false","false"
"FUN_00f808f0","00f808f0","00f81000","DAT_01b02a54","01b02a54","READ","false","true"
"FUN_00f808f0","00f808f0","00f8100e","DAT_01b03420","01b03420","READ","false","true"
"FUN_00f808f0","00f808f0","00f81016","","Stack[-0x478]","READ","false","true"
"FUN_00f808f0","00f808f0","00f8102c","","Stack[-0x2c]","WRITE","false","true"
"FUN_00f808f0","00f808f0","00f81033","","Stack[-0x2c]","READ","false","true"
"FUN_00f808f0","00f808f0","00f8103e","DAT_01b02a50","01b02a50","READ","false","true"
"FUN_00f808f0","00f808f0","00f81058","DAT_01bfc3b4","01bfc3b4","READ","false","true"
"FUN_00f808f0","00f808f0","00f81067","DAT_01bfc3b4","01bfc3b4","READ","false","true"
"FUN_00f808f0","00f808f0","00f81074","LAB_00f8108f","00f8108f","CONDITIONAL_JUMP","false","false"
"FUN_00f808f0","00f808f0","00f81081","LAB_00f8108f","00f8108f","CONDITIONAL_JUMP","false","false"
"FUN_00f808f0","00f808f0","00f810a2","","Stack[-0x2c]","WRITE","false","true"
"FUN_00f808f0","00f808f0","00f810a9","","Stack[-0x2c]","READ","false","true"
"FUN_00f808f0","00f808f0","00f810b4","DAT_01bfc3b4","01bfc3b4","READ","false","true"
"FUN_00f808f0","00f808f0","00f810c6","FUN_01692c40","01692c40","UNCONDITIONAL_CALL","true","false"
"FUN_00f808f0","00f808f0","00f810cb","DAT_01b02a50","01b02a50","READ","false","true"
"FUN_00f808f0","00f808f0","00f810e8","DAT_01bfc3b4","01bfc3b4","READ","false","true"
"FUN_00f808f0","00f808f0","00f810f7","DAT_01bfc3b4","01bfc3b4","READ","false","true"
"FUN_00f808f0","00f808f0","00f81107","LAB_00f81116","00f81116","CONDITIONAL_JUMP","false","false"
"FUN_00f808f0","00f808f0","00f81114","LAB_00f8111e","00f8111e","CONDITIONAL_JUMP","false","false"
"FUN_00f808f0","00f808f0","00f81128","","Stack[-0x4c]","WRITE","false","true"
"FUN_00f808f0","00f808f0","00f81128","DAT_3f800000","3f800000","DATA","false","true"
"FUN_00f808f0","00f808f0","00f8112f","","Stack[-0x58]","WRITE","false","true"
"FUN_00f808f0","00f808f0","00f81136","","Stack[-0x54]","WRITE","false","true"
"FUN_00f808f0","00f808f0","00f8113d","","Stack[-0x50]","WRITE","false","true"
"FUN_00f808f0","00f808f0","00f81144","","Stack[-0x470]","WRITE","false","true"
"FUN_00f808f0","00f808f0","00f8114c","s_Digimon_Box01_01ac8eb4","01ac8eb4","DATA","false","true"
"FUN_00f808f0","00f808f0","00f81154","FUN_01694ab0","01694ab0","UNCONDITIONAL_CALL","true","false"
"FUN_00f808f0","00f808f0","00f8115c","","Stack[-0x46c]","WRITE","false","true"
"FUN_00f808f0","00f808f0","00f81162","","Stack[-0x470]","READ","false","true"
"FUN_00f808f0","00f808f0","00f81168","","Stack[-0x46c]","DATA","false","true"
"FUN_00f808f0","00f808f0","00f8116f","","Stack[-0x14]","WRITE","false","true"
"FUN_00f808f0","00f808f0","00f81177","","Stack[-0x14]","WRITE","false","true"
"FUN_00f808f0","00f808f0","00f8117b","","Stack[-0x46c]","READ","false","true"
"FUN_00f808f0","00f808f0","00f81181","DAT_01a1e870","01a1e870","READ","false","true"
"FUN_00f808f0","00f808f0","00f81187","LAB_00f811b0","00f811b0","CONDITIONAL_JUMP","false","false"
"FUN_00f808f0","00f808f0","00f8119b","LAB_00f811b0","00f811b0","CONDITIONAL_JUMP","false","false"
"FUN_00f808f0","00f808f0","00f8119e","DAT_01beee98","01beee98","READ","false","true"
"FUN_00f808f0","00f808f0","00f811a4","","Stack[-0x46c]","DATA","false","true"
"FUN_00f808f0","00f808f0","00f811ab","FUN_01694dd0","01694dd0","UNCONDITIONAL_CALL","true","false"
"FUN_00f808f0","00f808f0","00f811b0","","Stack[-0x14]","WRITE","false","true"
"FUN_00f808f0","00f808f0","00f811b4","DAT_01b029e8","01b029e8","READ","false","true"
"FUN_00f808f0","00f808f0","00f811bc","","Stack[-0x470]","WRITE","false","true"
"FUN_00f808f0","00f808f0","00f811c6","LAB_00f811d9","00f811d9","CONDITIONAL_JUMP","false","false"
"FUN_00f808f0","00f808f0","00f811d1","","Stack[-0x470]","WRITE","false","true"
"FUN_00f808f0","00f808f0","00f811d9","DAT_01bfb2a8","01bfb2a8","READ","false","true"
"FUN_00f808f0","00f808f0","00f811de","","Stack[-0x480]","READ","false","true"
"FUN_00f808f0","00f808f0","00f811eb","","Stack[-0x478]","READ","false","true"
"FUN_00f808f0","00f808f0","00f81203","","Stack[-0x2c]","WRITE","false","true"
"FUN_00f808f0","00f808f0","00f81208","DAT_01b029a0","01b029a0","READ","false","true"
"FUN_00f808f0","00f808f0","00f81215","","Stack[-0x4a0]","WRITE","false","true"
"FUN_00f808f0","00f808f0","00f81222","","Stack[-0x2c]","WRITE","false","true"
"FUN_00f808f0","00f808f0","00f81229","","Stack[-0x2c]","READ","false","true"
"FUN_00f808f0","00f808f0","00f8122f","","Stack[-0x4a0]","READ","false","true"
"FUN_00f808f0","00f808f0","00f81238","","Stack[-0x474]","WRITE","false","true"
"FUN_00f808f0","00f808f0","00f81248","","Stack[-0x58]","DATA","false","true"
"FUN_00f808f0","00f808f0","00f81253","FUN_00f5c3f0","00f5c3f0","UNCONDITIONAL_CALL","true","false"
"FUN_00f808f0","00f808f0","00f81258","","Stack[-0x47c]","READ","false","true"
"FUN_00f808f0","00f808f0","00f81260","","Stack[-0x470]","READ","false","true"
"FUN_00f808f0","00f808f0","00f8128c","","Stack[-0x470]","WRITE","false","true"
"FUN_00f808f0","00f808f0","00f812a2","DAT_3f800000","3f800000","DATA","false","true"
"FUN_00f808f0","00f808f0","00f812b9","","Stack[-0x50]","WRITE","false","true"
"FUN_00f808f0","00f808f0","00f812c0","","Stack[-0x48c]","WRITE","false","true"
"FUN_00f808f0","00f808f0","00f812c6","s_Digimon_Box02_01ac8ec4","01ac8ec4","DATA","false","true"
"FUN_00f808f0","00f808f0","00f812d0","FUN_01694ab0","01694ab0","UNCONDITIONAL_CALL","true","false"
"FUN_00f808f0","00f808f0","00f812d8","","Stack[-0x46c]","WRITE","false","true"
"FUN_00f808f0","00f808f0","00f812de","","Stack[-0x48c]","READ","false","true"
"FUN_00f808f0","00f808f0","00f812e4","","Stack[-0x46c]","DATA","false","true"
"FUN_00f808f0","00f808f0","00f812eb","","Stack[-0x14]","WRITE","false","true"
"FUN_00f808f0","00f808f0","00f812f3","","Stack[-0x14]","WRITE","false","true"
"FUN_00f808f0","00f808f0","00f812f7","","Stack[-0x46c]","READ","false","true"
"FUN_00f808f0","00f808f0","00f812fd","DAT_01a1e870","01a1e870","READ","false","true"
"FUN_00f808f0","00f808f0","00f81303","LAB_00f8132c","00f8132c","CONDITIONAL_JUMP","false","false"
"FUN_00f808f0","00f808f0","00f81317","LAB_00f8132c","00f8132c","CONDITIONAL_JUMP","false","false"
"FUN_00f808f0","00f808f0","00f8131a","DAT_01beee98","01beee98","READ","false","true"
"FUN_00f808f0","00f808f0","00f81320","","Stack[-0x46c]","DATA","false","true"
"FUN_00f808f0","00f808f0","00f81327","FUN_01694dd0","01694dd0","UNCONDITIONAL_CALL","true","false"
"FUN_00f808f0","00f808f0","00f8132c","","Stack[-0x14]","WRITE","false","true"
"FUN_00f808f0","00f808f0","00f81333","","Stack[-0x480]","READ","false","true"
"FUN_00f808f0","00f808f0","00f8133d","","Stack[-0x478]","READ","false","true"
"FUN_00f808f0","00f808f0","00f81360","DAT_01b029a0","01b029a0","READ","false","true"
"FUN_00f808f0","00f808f0","00f81368","","Stack[-0x474]","READ","false","true"
"FUN_00f808f0","00f808f0","00f81375","","Stack[-0x2c]","WRITE","false","true"
"FUN_00f808f0","00f808f0","00f8137a","","Stack[-0x2c]","READ","false","true"
"FUN_00f808f0","00f808f0","00f81380","","Stack[-0x58]","DATA","false","true"
"FUN_00f808f0","00f808f0","00f81384","FUN_00f5c3f0","00f5c3f0","UNCONDITIONAL_CALL","true","false"
"FUN_00f808f0","00f808f0","00f81389","","Stack[-0x47c]","READ","false","true"
"FUN_00f808f0","00f808f0","00f8138f","","Stack[-0x470]","READ","false","true"
"FUN_00f808f0","00f808f0","00f813b5","DAT_3f800000","3f800000","DATA","false","true"
"FUN_00f808f0","00f808f0","00f813c9","","Stack[-0x14]","WRITE","false","true"
"FUN_00f808f0","00f808f0","00f813cf","LAB_00f813e3","00f813e3","CONDITIONAL_JUMP","false","false"
"FUN_00f808f0","00f808f0","00f813da","LAB_00f813e3","00f813e3","CONDITIONAL_JUMP","false","false"
"FUN_00f808f0","00f808f0","00f813e3","","Stack[-0x468]","DATA","false","true"
"FUN_00f808f0","00f808f0","00f813e9","FUN_0169b2f0","0169b2f0","UNCONDITIONAL_CALL","true","false"
"FUN_00f808f0","00f808f0","00f813ee","","Stack[-0x40]","DATA","false","true"
"FUN_00f808f0","00f808f0","00f813f1","FUN_00f1e050","00f1e050","UNCONDITIONAL_CALL","true","false"
"FUN_00f808f0","00f808f0","00f813f6","","Stack[-0x1c]","READ","false","true"
"FUN_00f808f0","00f808f0","00f813f9","ExceptionList","ffdff000","WRITE","false","true"
"FUN_00f808f0","00f808f0","00f81403","","Stack[-0x24]","READ","false","true"
"FUN_00f808f0","00f808f0","00f81408","__security_check_cookie","0179869b","UNCONDITIONAL_CALL","true","false"
"FUN_00f808f0","00f808f0","00f81412","","Stack[-0x4]","DATA","false","true"
"FUN_00f81940","00f81940","00f8194d","","Stack[0x0]","READ","false","true"
"FUN_00f81940","00f81940","00f81950","","Stack[-0xc]","WRITE","false","true"
"FUN_00f81940","00f81940","00f81958","LAB_0196a703","0196a703","DATA","false","true"
"FUN_00f81940","00f81940","00f8195d","ExceptionList","ffdff000","READ","false","true"
"FUN_00f81940","00f81940","00f81968","DAT_01bbb1c0","01bbb1c0","READ","false","true"
"FUN_00f81940","00f81940","00f8196f","","Stack[-0x24]","WRITE","false","true"
"FUN_00f81940","00f81940","00f81975","","Stack[-0x1c]","DATA","false","true"
"FUN_00f81940","00f81940","00f81978","ExceptionList","ffdff000","WRITE","false","true"
"FUN_00f81940","00f81940","00f8197e","DAT_01bfb2b8","01bfb2b8","READ","false","true"
"FUN_00f81940","00f81940","00f81986","","Stack[-0x6c]","WRITE","false","true"
"FUN_00f81940","00f81940","00f81989","FUN_00f808f0","00f808f0","UNCONDITIONAL_CALL","true","false"
"FUN_00f81940","00f81940","00f8198e","DAT_01bc07f0","01bc07f0","READ","false","true"
"FUN_00f81940","00f81940","00f8199e","DAT_01b025bc","01b025bc","READ","false","true"
"FUN_00f81940","00f81940","00f819a6","","Stack[-0x70]","WRITE","false","true"
"FUN_00f81940","00f81940","00f819ab","FUN_016830c0","016830c0","UNCONDITIONAL_CALL","true","false"
"FUN_00f81940","00f81940","00f819b5","","Stack[-0x64]","WRITE","false","true"
"FUN_00f81940","00f81940","00f819b8","","Stack[-0x14]","WRITE","false","true"
"FUN_00f81940","00f81940","00f819c1","LAB_00f819e1","00f819e1","CONDITIONAL_JUMP","false","false"
"FUN_00f81940","00f81940","00f819cb","VCRUNTIME140.DLL::memset","01831f34","UNCONDITIONAL_CALL","true","false"
"FUN_00f81940","00f81940","00f819d5","FUN_0123de10","0123de10","UNCONDITIONAL_CALL","true","false"
"FUN_00f81940","00f81940","00f819dc","","Stack[-0x5c]","WRITE","false","true"
"FUN_00f81940","00f81940","00f819df","LAB_00f819e6","00f819e6","UNCONDITIONAL_JUMP","false","false"
"FUN_00f81940","00f81940","00f819e3","","Stack[-0x5c]","WRITE","false","true"
"FUN_00f81940","00f81940","00f819e6","","Stack[-0x14]","WRITE","false","true"
"FUN_00f81940","00f81940","00f819f3","DAT_01bb9b2c","01bb9b2c","READ","false","true"
"FUN_00f81940","00f81940","00f819fb","DAT_01bc07ec","01bc07ec","READ","false","true"
"FUN_00f81940","00f81940","00f81a01","DAT_01bb9b34","01bb9b34","READ","false","true"
"FUN_00f81940","00f81940","00f81a09","s_EnchantTactics\card_base.tga_01ac8ed4","01ac8ed4","DATA","false","true"
"FUN_00f81940","00f81940","00f81a0e","","Stack[-0x68]","WRITE","false","true"
"FUN_00f81940","00f81940","00f81a13","FUN_00f19f10","00f19f10","UNCONDITIONAL_CALL","true","false"
"FUN_00f81940","00f81940","00f81a1b","","Stack[-0x48]","WRITE","false","true"
"FUN_00f81940","00f81940","00f81a22","","Stack[-0x58]","WRITE","false","true"
"FUN_00f81940","00f81940","00f81a26","","Stack[-0x44]","WRITE","false","true"
"FUN_00f81940","00f81940","00f81a2d","","Stack[-0x58]","WRITE","false","true"
"FUN_00f81940","00f81940","00f81a31","s_EnchantTactics\card_base.tga_01ac8ed4","01ac8ed4","DATA","false","true"
"FUN_00f81940","00f81940","00f81a36","DAT_01bfbd40","01bfbd40","DATA","false","true"
"FUN_00f81940","00f81940","00f81a3b","","Stack[-0x58]","DATA","false","true"
"FUN_00f81940","00f81940","00f81a3e","","Stack[-0x14]","WRITE","false","true"
"FUN_00f81940","00f81940","00f81a45","DAT_01ae7290","01ae7290","DATA","false","true"
"FUN_00f81940","00f81940","00f81a4b","FUN_015010a0","015010a0","UNCONDITIONAL_CALL","true","false"
"FUN_00f81940","00f81940","00f81a50","","Stack[-0x5c]","READ","false","true"
"FUN_00f81940","00f81940","00f81a53","","Stack[-0x58]","DATA","false","true"
"FUN_00f81940","00f81940","00f81a5a","FUN_0124ef30","0124ef30","UNCONDITIONAL_CALL","true","false"
"FUN_00f81940","00f81940","00f81a5f","","Stack[-0x68]","READ","false","true"
"FUN_00f81940","00f81940","00f81a67","","Stack[-0x5c]","READ","false","true"
"FUN_00f81940","00f81940","00f81a6e","","Stack[-0x88]","DATA","false","true"
"FUN_00f81940","00f81940","00f81a72","","Stack[-0x80]","WRITE","false","true"
"FUN_00f81940","00f81940","00f81a72","DAT_3f800000","3f800000","DATA","false","true"
"FUN_00f81940","00f81940","00f81a75","FUN_0124f150","0124f150","UNCONDITIONAL_CALL","true","false"
"FUN_00f81940","00f81940","00f81a7a","","Stack[-0x5c]","READ","false","true"
"FUN_00f81940","00f81940","00f81a7e","","Stack[-0x70]","READ","false","true"
"FUN_00f81940","00f81940","00f81a8b","FUN_0123e330","0123e330","UNCONDITIONAL_CALL","true","false"
"FUN_00f81940","00f81940","00f81a90","","Stack[-0x58]","DATA","false","true"
"FUN_00f81940","00f81940","00f81a93","","Stack[-0x14]","WRITE","false","true"
"FUN_00f81940","00f81940","00f81a9a","FUN_00f1a420","00f1a420","UNCONDITIONAL_CALL","true","false"
"FUN_00f81940","00f81940","00f81a9f","","Stack[-0x6c]","READ","false","true"
"FUN_00f81940","00f81940","00f81aa6","","Stack[-0x80]","DATA","false","true"
"FUN_00f81940","00f81940","00f81ab2","DAT_01bc07f0","01bc07f0","READ","false","true"
"FUN_00f81940","00f81940","00f81ac2","DAT_01b025ac","01b025ac","READ","false","true"
"FUN_00f81940","00f81940","00f81aca","","Stack[-0x70]","WRITE","false","true"
"FUN_00f81940","00f81940","00f81acf","FUN_016830c0","016830c0","UNCONDITIONAL_CALL","true","false"
"FUN_00f81940","00f81940","00f81ad9","","Stack[-0x64]","WRITE","false","true"
"FUN_00f81940","00f81940","00f81adc","","Stack[-0x14]","WRITE","false","true"
"FUN_00f81940","00f81940","00f81ae5","LAB_00f81b05","00f81b05","CONDITIONAL_JUMP","false","false"
"FUN_00f81940","00f81940","00f81aef","VCRUNTIME140.DLL::memset","01831f34","UNCONDITIONAL_CALL","true","false"
"FUN_00f81940","00f81940","00f81af9","FUN_0123de10","0123de10","UNCONDITIONAL_CALL","true","false"
"FUN_00f81940","00f81940","00f81b00","","Stack[-0x5c]","WRITE","false","true"
"FUN_00f81940","00f81940","00f81b03","LAB_00f81b0a","00f81b0a","UNCONDITIONAL_JUMP","false","false"
"FUN_00f81940","00f81940","00f81b07","","Stack[-0x5c]","WRITE","false","true"
"FUN_00f81940","00f81940","00f81b0a","","Stack[-0x70]","READ","false","true"
"FUN_00f81940","00f81940","00f81b0f","","Stack[-0x14]","WRITE","false","true"
"FUN_00f81940","00f81940","00f81b1c","DAT_01bc07f0","01bc07f0","READ","false","true"
"FUN_00f81940","00f81940","00f81b24","DAT_01bb9b34","01bb9b34","READ","false","true"
"FUN_00f81940","00f81940","00f81b2f","s_EnchantTactics\card_base2.tga_01ac8ef4","01ac8ef4","DATA","false","true"
"FUN_00f81940","00f81940","00f81b3c","","Stack[-0x70]","WRITE","false","true"
"FUN_00f81940","00f81940","00f81b3f","DAT_01bc07ec","01bc07ec","READ","false","true"
"FUN_00f81940","00f81940","00f81b44","","Stack[-0x64]","WRITE","false","true"
"FUN_00f81940","00f81940","00f81b47","DAT_01b028bc","01b028bc","READ","false","true"
"FUN_00f81940","00f81940","00f81b53","DAT_01bb9b2c","01bb9b2c","READ","false","true"
"FUN_00f81940","00f81940","00f81b5b","","Stack[-0x48]","WRITE","false","true"
"FUN_00f81940","00f81940","00f81b60","FUN_00f19f10","00f19f10","UNCONDITIONAL_CALL","true","false"
"FUN_00f81940","00f81940","00f81b68","","Stack[-0x2c]","WRITE","false","true"
"FUN_00f81940","00f81940","00f81b6f","","Stack[-0x3c]","WRITE","false","true"
"FUN_00f81940","00f81940","00f81b73","","Stack[-0x28]","WRITE","false","true"
"FUN_00f81940","00f81940","00f81b7a","","Stack[-0x3c]","WRITE","false","true"
"FUN_00f81940","00f81940","00f81b7e","s_EnchantTactics\card_base2.tga_01ac8ef4","01ac8ef4","DATA","false","true"
"FUN_00f81940","00f81940","00f81b83","DAT_01bfbd40","01bfbd40","DATA","false","true"
"FUN_00f81940","00f81940","00f81b88","","Stack[-0x3c]","DATA","false","true"
"FUN_00f81940","00f81940","00f81b8b","","Stack[-0x14]","WRITE","false","true"
"FUN_00f81940","00f81940","00f81b92","DAT_01ae7290","01ae7290","DATA","false","true"
"FUN_00f81940","00f81940","00f81b98","FUN_015010a0","015010a0","UNCONDITIONAL_CALL","true","false"
"FUN_00f81940","00f81940","00f81b9d","","Stack[-0x5c]","READ","false","true"
"FUN_00f81940","00f81940","00f81ba0","","Stack[-0x3c]","DATA","false","true"
"FUN_00f81940","00f81940","00f81ba7","FUN_0124ef30","0124ef30","UNCONDITIONAL_CALL","true","false"
"FUN_00f81940","00f81940","00f81bac","","Stack[-0x48]","READ","false","true"
"FUN_00f81940","00f81940","00f81bb4","","Stack[-0x5c]","READ","false","true"
"FUN_00f81940","00f81940","00f81bbf","DAT_3f800000","3f800000","DATA","false","true"
"FUN_00f81940","00f81940","00f81bc2","FUN_0124f150","0124f150","UNCONDITIONAL_CALL","true","false"
"FUN_00f81940","00f81940","00f81bc7","","Stack[-0x5c]","READ","false","true"
"FUN_00f81940","00f81940","00f81bcb","","Stack[-0x70]","READ","false","true"
"FUN_00f81940","00f81940","00f81bce","","Stack[-0x64]","READ","false","true"
"FUN_00f81940","00f81940","00f81bd6","FUN_0123e330","0123e330","UNCONDITIONAL_CALL","true","false"
"FUN_00f81940","00f81940","00f81bdb","","Stack[-0x3c]","DATA","false","true"
"FUN_00f81940","00f81940","00f81bde","","Stack[-0x14]","WRITE","false","true"
"FUN_00f81940","00f81940","00f81be5","FUN_00f1a420","00f1a420","UNCONDITIONAL_CALL","true","false"
"FUN_00f81940","00f81940","00f81bea","","Stack[-0x6c]","READ","false","true"
"FUN_00f81940","00f81940","00f81c02","FUN_016830c0","016830c0","UNCONDITIONAL_CALL","true","false"
"FUN_00f81940","00f81940","00f81c0c","","Stack[-0x64]","WRITE","false","true"
"FUN_00f81940","00f81940","00f81c0f","","Stack[-0x14]","WRITE","false","true"
"FUN_00f81940","00f81940","00f81c18","LAB_00f81c38","00f81c38","CONDITIONAL_JUMP","false","false"
"FUN_00f81940","00f81940","00f81c22","VCRUNTIME140.DLL::memset","01831f34","UNCONDITIONAL_CALL","true","false"
"FUN_00f81940","00f81940","00f81c2c","FUN_0123de10","0123de10","UNCONDITIONAL_CALL","true","false"
"FUN_00f81940","00f81940","00f81c33","","Stack[-0x5c]","WRITE","false","true"
"FUN_00f81940","00f81940","00f81c36","LAB_00f81c3d","00f81c3d","UNCONDITIONAL_JUMP","false","false"
"FUN_00f81940","00f81940","00f81c3a","","Stack[-0x5c]","WRITE","false","true"
"FUN_00f81940","00f81940","00f81c3d","","Stack[-0x14]","WRITE","false","true"
"FUN_00f81940","00f81940","00f81c4a","DAT_01bb9b2c","01bb9b2c","READ","false","true"
"FUN_00f81940","00f81940","00f81c52","DAT_01bee88c","01bee88c","READ","false","true"
"FUN_00f81940","00f81940","00f81c57","DAT_01bee890","01bee890","READ","false","true"
"FUN_00f81940","00f81940","00f81c5d","DAT_01bb9b34","01bb9b34","READ","false","true"
"FUN_00f81940","00f81940","00f81c65","s_EnchantTactics\NO.tga_01ac8f14","01ac8f14","DATA","false","true"
"FUN_00f81940","00f81940","00f81c6a","","Stack[-0x68]","WRITE","false","true"
"FUN_00f81940","00f81940","00f81c6d","","Stack[-0x48]","WRITE","false","true"
"FUN_00f81940","00f81940","00f81c72","FUN_00f19f10","00f19f10","UNCONDITIONAL_CALL","true","false"
"FUN_00f81940","00f81940","00f81c7a","","Stack[-0x2c]","WRITE","false","true"
"FUN_00f81940","00f81940","00f81c81","","Stack[-0x3c]","WRITE","false","true"
"FUN_00f81940","00f81940","00f81c85","","Stack[-0x28]","WRITE","false","true"
"FUN_00f81940","00f81940","00f81c8c","","Stack[-0x3c]","WRITE","false","true"
"FUN_00f81940","00f81940","00f81c90","s_EnchantTactics\NO.tga_01ac8f14","01ac8f14","DATA","false","true"
"FUN_00f81940","00f81940","00f81c95","DAT_01bfbd40","01bfbd40","DATA","false","true"
"FUN_00f81940","00f81940","00f81c9a","","Stack[-0x3c]","DATA","false","true"
"FUN_00f81940","00f81940","00f81c9d","","Stack[-0x14]","WRITE","false","true"
"FUN_00f81940","00f81940","00f81ca4","DAT_01ae7290","01ae7290","DATA","false","true"
"FUN_00f81940","00f81940","00f81caa","FUN_015010a0","015010a0","UNCONDITIONAL_CALL","true","false"
"FUN_00f81940","00f81940","00f81caf","","Stack[-0x5c]","READ","false","true"
"FUN_00f81940","00f81940","00f81cb2","","Stack[-0x3c]","DATA","false","true"
"FUN_00f81940","00f81940","00f81cb9","FUN_0124ef30","0124ef30","UNCONDITIONAL_CALL","true","false"
"FUN_00f81940","00f81940","00f81cbe","","Stack[-0x48]","READ","false","true"
"FUN_00f81940","00f81940","00f81cc6","","Stack[-0x5c]","READ","false","true"
"FUN_00f81940","00f81940","00f81cd1","DAT_3f800000","3f800000","DATA","false","true"
"FUN_00f81940","00f81940","00f81cd4","FUN_0124f150","0124f150","UNCONDITIONAL_CALL","true","false"
"FUN_00f81940","00f81940","00f81cd9","","Stack[-0x5c]","READ","false","true"
"FUN_00f81940","00f81940","00f81ce8","","Stack[-0x68]","READ","false","true"
"FUN_00f81940","00f81940","00f81ced","FUN_0123e330","0123e330","UNCONDITIONAL_CALL","true","false"
"FUN_00f81940","00f81940","00f81cf2","","Stack[-0x3c]","DATA","false","true"
"FUN_00f81940","00f81940","00f81cf5","","Stack[-0x14]","WRITE","false","true"
"FUN_00f81940","00f81940","00f81cfc","FUN_00f1a420","00f1a420","UNCONDITIONAL_CALL","true","false"
"FUN_00f81940","00f81940","00f81d01","","Stack[-0x6c]","READ","false","true"
"FUN_00f81940","00f81940","00f81d07","DAT_01b02768","01b02768","READ","false","true"
"FUN_00f81940","00f81940","00f81d26","LAB_00f81d52","00f81d52","CONDITIONAL_JUMP","false","false"
"FUN_00f81940","00f81940","00f81d34","LAB_00f81d52","00f81d52","CONDITIONAL_JUMP","false","false"
"FUN_00f81940","00f81940","00f81d42","LAB_00f81d52","00f81d52","CONDITIONAL_JUMP","false","false"
"FUN_00f81940","00f81940","00f81d50","LAB_00f81d82","00f81d82","CONDITIONAL_JUMP","false","false"
"FUN_00f81940","00f81940","00f81d55","","Stack[-0x50]","WRITE","false","true"
"FUN_00f81940","00f81940","00f81d55","DAT_3f800000","3f800000","DATA","false","true"
"FUN_00f81940","00f81940","00f81d5a","","Stack[-0x4c]","WRITE","false","true"
"FUN_00f81940","00f81940","00f81d5a","DAT_3f800000","3f800000","DATA","false","true"
"FUN_00f81940","00f81940","00f81d5f","","Stack[-0x48]","WRITE","false","true"
"FUN_00f81940","00f81940","00f81d64","","Stack[-0x44]","WRITE","false","true"
"FUN_00f81940","00f81940","00f81d69","","Stack[-0x50]","READ","false","true"
"FUN_00f81940","00f81940","00f81d72","LAB_00f81d82","00f81d82","CONDITIONAL_JUMP","false","false"
"FUN_00f81940","00f81940","00f81d7d","FUN_016a9740","016a9740","UNCONDITIONAL_CALL","true","false"
"FUN_00f81940","00f81940","00f81d87","FUN_016830c0","016830c0","UNCONDITIONAL_CALL","true","false"
"FUN_00f81940","00f81940","00f81d91","","Stack[-0x64]","WRITE","false","true"
"FUN_00f81940","00f81940","00f81d94","","Stack[-0x14]","WRITE","false","true"
"FUN_00f81940","00f81940","00f81d9d","LAB_00f81dbd","00f81dbd","CONDITIONAL_JUMP","false","false"
"FUN_00f81940","00f81940","00f81da7","VCRUNTIME140.DLL::memset","01831f34","UNCONDITIONAL_CALL","true","false"
"FUN_00f81940","00f81940","00f81db1","FUN_0123de10","0123de10","UNCONDITIONAL_CALL","true","false"
"FUN_00f81940","00f81940","00f81db8","","Stack[-0x5c]","WRITE","false","true"
"FUN_00f81940","00f81940","00f81dbb","LAB_00f81dc2","00f81dc2","UNCONDITIONAL_JUMP","false","false"
"FUN_00f81940","00f81940","00f81dbf","","Stack[-0x5c]","WRITE","false","true"
"FUN_00f81940","00f81940","00f81dc2","","Stack[-0x14]","WRITE","false","true"
"FUN_00f81940","00f81940","00f81dcf","DAT_01bb9b2c","01bb9b2c","READ","false","true"
"FUN_00f81940","00f81940","00f81dd7","DAT_01bee88c","01bee88c","READ","false","true"
"FUN_00f81940","00f81940","00f81ddc","DAT_01bee890","01bee890","READ","false","true"
"FUN_00f81940","00f81940","00f81de2","DAT_01bb9b34","01bb9b34","READ","false","true"
"FUN_00f81940","00f81940","00f81dea","s_EnchantTactics\CardSuccess\Succe_01ac8f2c","01ac8f2c","DATA","false","true"
"FUN_00f81940","00f81940","00f81def","","Stack[-0x68]","WRITE","false","true"
"FUN_00f81940","00f81940","00f81df2","","Stack[-0x48]","WRITE","false","true"
"FUN_00f81940","00f81940","00f81df7","FUN_00f19f10","00f19f10","UNCONDITIONAL_CALL","true","false"
"FUN_00f81940","00f81940","00f81dff","","Stack[-0x2c]","WRITE","false","true"
"FUN_00f81940","00f81940","00f81e06","","Stack[-0x3c]","WRITE","false","true"
"FUN_00f81940","00f81940","00f81e0a","","Stack[-0x28]","WRITE","false","true"
"FUN_00f81940","00f81940","00f81e11","","Stack[-0x3c]","WRITE","false","true"
"FUN_00f81940","00f81940","00f81e15","s_EnchantTactics\CardSuccess\Succe_01ac8f2c","01ac8f2c","DATA","false","true"
"FUN_00f81940","00f81940","00f81e1a","DAT_01bfbd40","01bfbd40","DATA","false","true"
"FUN_00f81940","00f81940","00f81e1f","","Stack[-0x3c]","DATA","false","true"
"FUN_00f81940","00f81940","00f81e22","","Stack[-0x14]","WRITE","false","true"
"FUN_00f81940","00f81940","00f81e29","DAT_01ae7290","01ae7290","DATA","false","true"
"FUN_00f81940","00f81940","00f81e2f","FUN_015010a0","015010a0","UNCONDITIONAL_CALL","true","false"
"FUN_00f81940","00f81940","00f81e34","","Stack[-0x5c]","READ","false","true"
"FUN_00f81940","00f81940","00f81e37","","Stack[-0x3c]","DATA","false","true"
"FUN_00f81940","00f81940","00f81e3e","FUN_0124ef30","0124ef30","UNCONDITIONAL_CALL","true","false"
"FUN_00f81940","00f81940","00f81e43","","Stack[-0x48]","READ","false","true"
"FUN_00f81940","00f81940","00f81e4b","","Stack[-0x5c]","READ","false","true"
"FUN_00f81940","00f81940","00f81e56","DAT_3f800000","3f800000","DATA","false","true"
"FUN_00f81940","00f81940","00f81e59","FUN_0124f150","0124f150","UNCONDITIONAL_CALL","true","false"
"FUN_00f81940","00f81940","00f81e5e","","Stack[-0x5c]","READ","false","true"
"FUN_00f81940","00f81940","00f81e6d","","Stack[-0x68]","READ","false","true"
"FUN_00f81940","00f81940","00f81e72","FUN_0123e330","0123e330","UNCONDITIONAL_CALL","true","false"
"FUN_00f81940","00f81940","00f81e77","","Stack[-0x3c]","DATA","false","true"
"FUN_00f81940","00f81940","00f81e7a","","Stack[-0x14]","WRITE","false","true"
"FUN_00f81940","00f81940","00f81e81","FUN_00f1a420","00f1a420","UNCONDITIONAL_CALL","true","false"
"FUN_00f81940","00f81940","00f81e8b","FUN_016830c0","016830c0","UNCONDITIONAL_CALL","true","false"
"FUN_00f81940","00f81940","00f81e95","","Stack[-0x64]","WRITE","false","true"
"FUN_00f81940","00f81940","00f81e98","","Stack[-0x14]","WRITE","false","true"
"FUN_00f81940","00f81940","00f81ea1","LAB_00f81ec1","00f81ec1","CONDITIONAL_JUMP","false","false"
"FUN_00f81940","00f81940","00f81eab","VCRUNTIME140.DLL::memset","01831f34","UNCONDITIONAL_CALL","true","false"
"FUN_00f81940","00f81940","00f81eb5","FUN_0123de10","0123de10","UNCONDITIONAL_CALL","true","false"
"FUN_00f81940","00f81940","00f81ebc","","Stack[-0x5c]","WRITE","false","true"
"FUN_00f81940","00f81940","00f81ebf","LAB_00f81ec6","00f81ec6","UNCONDITIONAL_JUMP","false","false"
"FUN_00f81940","00f81940","00f81ec3","","Stack[-0x5c]","WRITE","false","true"
"FUN_00f81940","00f81940","00f81ec6","","Stack[-0x6c]","READ","false","true"
"FUN_00f81940","00f81940","00f81ec9","","Stack[-0x14]","WRITE","false","true"
"FUN_00f81940","00f81940","00f81ed2","s_EnchantTactics\CardFail\Fail_R_2_01ac8f58","01ac8f58","DATA","false","true"
"FUN_00f81940","00f81940","00f81edd","DAT_01bb9b2c","01bb9b2c","READ","false","true"
"FUN_00f81940","00f81940","00f81ee5","DAT_01bee88c","01bee88c","READ","false","true"
"FUN_00f81940","00f81940","00f81eea","DAT_01bee890","01bee890","READ","false","true"
"FUN_00f81940","00f81940","00f81ef0","DAT_01bb9b34","01bb9b34","READ","false","true"
"FUN_00f81940","00f81940","00f81ef6","","Stack[-0x68]","WRITE","false","true"
"FUN_00f81940","00f81940","00f81ef9","","Stack[-0x48]","WRITE","false","true"
"FUN_00f81940","00f81940","00f81efe","FUN_00f19f10","00f19f10","UNCONDITIONAL_CALL","true","false"
"FUN_00f81940","00f81940","00f81f06","","Stack[-0x2c]","WRITE","false","true"
"FUN_00f81940","00f81940","00f81f0d","","Stack[-0x3c]","WRITE","false","true"
"FUN_00f81940","00f81940","00f81f11","","Stack[-0x28]","WRITE","false","true"
"FUN_00f81940","00f81940","00f81f18","","Stack[-0x3c]","WRITE","false","true"
"FUN_00f81940","00f81940","00f81f1c","s_EnchantTactics\CardFail\Fail_R_2_01ac8f58","01ac8f58","DATA","false","true"
"FUN_00f81940","00f81940","00f81f21","DAT_01bfbd40","01bfbd40","DATA","false","true"
"FUN_00f81940","00f81940","00f81f26","","Stack[-0x3c]","DATA","false","true"
"FUN_00f81940","00f81940","00f81f29","","Stack[-0x14]","WRITE","false","true"
"FUN_00f81940","00f81940","00f81f30","DAT_01ae7290","01ae7290","DATA","false","true"
"FUN_00f81940","00f81940","00f81f36","FUN_015010a0","015010a0","UNCONDITIONAL_CALL","true","false"
"FUN_00f81940","00f81940","00f81f3b","","Stack[-0x5c]","READ","false","true"
"FUN_00f81940","00f81940","00f81f3e","","Stack[-0x3c]","DATA","false","true"
"FUN_00f81940","00f81940","00f81f45","FUN_0124ef30","0124ef30","UNCONDITIONAL_CALL","true","false"
"FUN_00f81940","00f81940","00f81f4a","","Stack[-0x48]","READ","false","true"
"FUN_00f81940","00f81940","00f81f52","","Stack[-0x5c]","READ","false","true"
"FUN_00f81940","00f81940","00f81f5d","DAT_3f800000","3f800000","DATA","false","true"
"FUN_00f81940","00f81940","00f81f60","FUN_0124f150","0124f150","UNCONDITIONAL_CALL","true","false"
"FUN_00f81940","00f81940","00f81f65","","Stack[-0x5c]","READ","false","true"
"FUN_00f81940","00f81940","00f81f74","","Stack[-0x68]","READ","false","true"
"FUN_00f81940","00f81940","00f81f79","FUN_0123e330","0123e330","UNCONDITIONAL_CALL","true","false"
"FUN_00f81940","00f81940","00f81f7e","","Stack[-0x3c]","DATA","false","true"
"FUN_00f81940","00f81940","00f81f81","","Stack[-0x14]","WRITE","false","true"
"FUN_00f81940","00f81940","00f81f88","FUN_00f1a420","00f1a420","UNCONDITIONAL_CALL","true","false"
"FUN_00f81940","00f81940","00f81f92","FUN_016830c0","016830c0","UNCONDITIONAL_CALL","true","false"
"FUN_00f81940","00f81940","00f81f9c","","Stack[-0x64]","WRITE","false","true"
"FUN_00f81940","00f81940","00f81f9f","","Stack[-0x14]","WRITE","false","true"
"FUN_00f81940","00f81940","00f81fa8","LAB_00f81fc5","00f81fc5","CONDITIONAL_JUMP","false","false"
"FUN_00f81940","00f81940","00f81fb2","VCRUNTIME140.DLL::memset","01831f34","UNCONDITIONAL_CALL","true","false"
"FUN_00f81940","00f81940","00f81fbc","FUN_012404a0","012404a0","UNCONDITIONAL_CALL","true","false"
"FUN_00f81940","00f81940","00f81fc3","LAB_00f81fc7","00f81fc7","UNCONDITIONAL_JUMP","false","false"
"FUN_00f81940","00f81940","00f81fc7","","Stack[-0x6c]","READ","false","true"
"FUN_00f81940","00f81940","00f81fce","","Stack[-0x14]","WRITE","false","true"
"FUN_00f81940","00f81940","00f81fdb","DAT_01bee890","01bee890","READ","false","true"
"FUN_00f81940","00f81940","00f81fe1","DAT_01bee88c","01bee88c","READ","false","true"
"FUN_00f81940","00f81940","00f81feb","DAT_01ac8f80","01ac8f80","DATA","false","true"
"FUN_00f81940","00f81940","00f81ff0","s_EnchantTactics\CardAni\Card_R__01ac8f84","01ac8f84","DATA","false","true"
"FUN_00f81940","00f81940","00f82007","FUN_01240640","01240640","UNCONDITIONAL_CALL","true","false"
"FUN_00f81940","00f81940","00f82025","FUN_016830c0","016830c0","UNCONDITIONAL_CALL","true","false"
"FUN_00f81940","00f81940","00f8202f","","Stack[-0x64]","WRITE","false","true"
"FUN_00f81940","00f81940","00f82032","","Stack[-0x14]","WRITE","false","true"
"FUN_00f81940","00f81940","00f8203b","LAB_00f82058","00f82058","CONDITIONAL_JUMP","false","false"
"FUN_00f81940","00f81940","00f82045","VCRUNTIME140.DLL::memset","01831f34","UNCONDITIONAL_CALL","true","false"
"FUN_00f81940","00f81940","00f8204f","FUN_012404a0","012404a0","UNCONDITIONAL_CALL","true","false"
"FUN_00f81940","00f81940","00f82056","LAB_00f8205a","00f8205a","UNCONDITIONAL_JUMP","false","false"
"FUN_00f81940","00f81940","00f8205e","","Stack[-0x14]","WRITE","false","true"
"FUN_00f81940","00f81940","00f8206b","DAT_01bee890","01bee890","READ","false","true"
"FUN_00f81940","00f81940","00f82071","DAT_01bee88c","01bee88c","READ","false","true"
"FUN_00f81940","00f81940","00f8207b","DAT_01ac8f80","01ac8f80","DATA","false","true"
"FUN_00f81940","00f81940","00f82080","s_EnchantTactics\SelectAni\Card_C__01ac8fa4","01ac8fa4","DATA","false","true"
"FUN_00f81940","00f81940","00f82097","FUN_01240640","01240640","UNCONDITIONAL_CALL","true","false"
"FUN_00f81940","00f81940","00f820b5","FUN_016830c0","016830c0","UNCONDITIONAL_CALL","true","false"
"FUN_00f81940","00f81940","00f820bf","","Stack[-0x64]","WRITE","false","true"
"FUN_00f81940","00f81940","00f820c2","","Stack[-0x14]","WRITE","false","true"
"FUN_00f81940","00f81940","00f820cb","LAB_00f820e8","00f820e8","CONDITIONAL_JUMP","false","false"
"FUN_00f81940","00f81940","00f820d5","VCRUNTIME140.DLL::memset","01831f34","UNCONDITIONAL_CALL","true","false"
"FUN_00f81940","00f81940","00f820df","FUN_012404a0","012404a0","UNCONDITIONAL_CALL","true","false"
"FUN_00f81940","00f81940","00f820e6","LAB_00f820ea","00f820ea","UNCONDITIONAL_JUMP","false","false"
"FUN_00f81940","00f81940","00f820ee","","Stack[-0x14]","WRITE","false","true"
"FUN_00f81940","00f81940","00f820fb","DAT_01bee890","01bee890","READ","false","true"
"FUN_00f81940","00f81940","00f82101","DAT_01bee88c","01bee88c","READ","false","true"
"FUN_00f81940","00f81940","00f8210b","DAT_01ac8f80","01ac8f80","DATA","false","true"
"FUN_00f81940","00f81940","00f82110","s_EnchantTactics\CardSuccess\Succe_01ac8fc8","01ac8fc8","DATA","false","true"
"FUN_00f81940","00f81940","00f82127","FUN_01240640","01240640","UNCONDITIONAL_CALL","true","false"
"FUN_00f81940","00f81940","00f82145","FUN_016830c0","016830c0","UNCONDITIONAL_CALL","true","false"
"FUN_00f81940","00f81940","00f8214f","","Stack[-0x64]","WRITE","false","true"
"FUN_00f81940","00f81940","00f82152","","Stack[-0x14]","WRITE","false","true"
"FUN_00f81940","00f81940","00f8215b","LAB_00f82178","00f82178","CONDITIONAL_JUMP","false","false"
"FUN_00f81940","00f81940","00f82165","VCRUNTIME140.DLL::memset","01831f34","UNCONDITIONAL_CALL","true","false"
"FUN_00f81940","00f81940","00f8216f","FUN_012404a0","012404a0","UNCONDITIONAL_CALL","true","false"
"FUN_00f81940","00f81940","00f82176","LAB_00f8217a","00f8217a","UNCONDITIONAL_JUMP","false","false"
"FUN_00f81940","00f81940","00f8217e","","Stack[-0x14]","WRITE","false","true"
"FUN_00f81940","00f81940","00f8218b","DAT_01bee890","01bee890","READ","false","true"
"FUN_00f81940","00f81940","00f82191","DAT_01bee88c","01bee88c","READ","false","true"
"FUN_00f81940","00f81940","00f8219b","DAT_01ac8f80","01ac8f80","DATA","false","true"
"FUN_00f81940","00f81940","00f821a0","s_EnchantTactics\CardFail\Fail_R__01ac8ff0","01ac8ff0","DATA","false","true"
"FUN_00f81940","00f81940","00f821b7","FUN_01240640","01240640","UNCONDITIONAL_CALL","true","false"
"FUN_00f81940","00f81940","00f821d5","FUN_016830c0","016830c0","UNCONDITIONAL_CALL","true","false"
"FUN_00f81940","00f81940","00f821df","","Stack[-0x64]","WRITE","false","true"
"FUN_00f81940","00f81940","00f821e2","","Stack[-0x14]","WRITE","false","true"
"FUN_00f81940","00f81940","00f821eb","LAB_00f82208","00f82208","CONDITIONAL_JUMP","false","false"
"FUN_00f81940","00f81940","00f821f5","VCRUNTIME140.DLL::memset","01831f34","UNCONDITIONAL_CALL","true","false"
"FUN_00f81940","00f81940","00f821ff","FUN_012404a0","012404a0","UNCONDITIONAL_CALL","true","false"
"FUN_00f81940","00f81940","00f82206","LAB_00f8220a","00f8220a","UNCONDITIONAL_JUMP","false","false"
"FUN_00f81940","00f81940","00f8220e","","Stack[-0x14]","WRITE","false","true"
"FUN_00f81940","00f81940","00f8221b","DAT_01bee890","01bee890","READ","false","true"
"FUN_00f81940","00f81940","00f82221","DAT_01bee88c","01bee88c","READ","false","true"
"FUN_00f81940","00f81940","00f8222b","DAT_01ac8f80","01ac8f80","DATA","false","true"
"FUN_00f81940","00f81940","00f82230","s_EnchantTactics\SuccessAni\Succes_01ac9010","01ac9010","DATA","false","true"
"FUN_00f81940","00f81940","00f82247","FUN_01240640","01240640","UNCONDITIONAL_CALL","true","false"
"FUN_00f81940","00f81940","00f82265","FUN_016830c0","016830c0","UNCONDITIONAL_CALL","true","false"
"FUN_00f81940","00f81940","00f8226f","","Stack[-0x64]","WRITE","false","true"
"FUN_00f81940","00f81940","00f82272","","Stack[-0x14]","WRITE","false","true"
"FUN_00f81940","00f81940","00f8227b","LAB_00f82298","00f82298","CONDITIONAL_JUMP","false","false"
"FUN_00f81940","00f81940","00f82285","VCRUNTIME140.DLL::memset","01831f34","UNCONDITIONAL_CALL","true","false"
"FUN_00f81940","00f81940","00f8228f","FUN_012404a0","012404a0","UNCONDITIONAL_CALL","true","false"
"FUN_00f81940","00f81940","00f82296","LAB_00f8229a","00f8229a","UNCONDITIONAL_JUMP","false","false"
"FUN_00f81940","00f81940","00f8229e","","Stack[-0x14]","WRITE","false","true"
"FUN_00f81940","00f81940","00f822ab","DAT_01bee890","01bee890","READ","false","true"
"FUN_00f81940","00f81940","00f822b1","DAT_01bee88c","01bee88c","READ","false","true"
"FUN_00f81940","00f81940","00f822bb","DAT_01ac8f80","01ac8f80","DATA","false","true"
"FUN_00f81940","00f81940","00f822c0","s_EnchantTactics\FailAni\Fail__01ac9034","01ac9034","DATA","false","true"
"FUN_00f81940","00f81940","00f822d7","FUN_01240640","01240640","UNCONDITIONAL_CALL","true","false"
"FUN_00f81940","00f81940","00f822f0","","Stack[-0x1c]","READ","false","true"
"FUN_00f81940","00f81940","00f822f3","ExceptionList","ffdff000","WRITE","false","true"
"FUN_00f81940","00f81940","00f822fd","","Stack[-0x24]","READ","false","true"
"FUN_00f81940","00f81940","00f82302","__security_check_cookie","0179869b","UNCONDITIONAL_CALL","true","false"
"FUN_00f81940","00f81940","00f8230c","","Stack[-0x4]","DATA","false","true"
"FUN_01087760","01087760","01087766","DAT_01bfb2d8","01bfb2d8","READ","false","true"
"FUN_01087760","01087760","01087775","DAT_01bfb2a8","01bfb2a8","READ","false","true"
"FUN_01087760","01087760","0108777f","LAB_010877a8","010877a8","CONDITIONAL_JUMP","false","false"
"FUN_01087760","01087760","01087786","LAB_0108779c","0108779c","CONDITIONAL_JUMP","false","false"
"FUN_01087760","01087760","01087797","DAT_01bfb2a8","01bfb2a8","READ","false","true"
"FUN_01087760","01087760","010877a1","LAB_010877a8","010877a8","CONDITIONAL_JUMP","false","false"
"FUN_01087760","01087760","010877a8","DAT_01bfb2a0","01bfb2a0","READ","false","true"
"FUN_01087760","01087760","010877ae","DAT_01bb97a0","01bb97a0","WRITE","false","true"
"FUN_01087760","01087760","010877b7","LAB_010877d0","010877d0","CONDITIONAL_JUMP","false","false"
"FUN_01087760","01087760","010877b9","FUN_00f54dc0","00f54dc0","UNCONDITIONAL_CALL","true","false"
"FUN_01087760","01087760","010877be","DAT_01b027a8","01b027a8","READ","false","true"
"FUN_01087760","01087760","010877c6","s_Enchant_Room.mp3_01ac8de8","01ac8de8","DATA","false","true"
"FUN_01087760","01087760","010877cb","FUN_00f547c0","00f547c0","UNCONDITIONAL_CALL","true","false"
"FUN_01087760","01087760","010877d0","DAT_01bfc3b4","01bfc3b4","READ","false","true"
"FUN_01087760","01087760","010877d5","DAT_3f800000","3f800000","DATA","false","true"
"FUN_01087760","01087760","010877f6","DAT_01bfc3b4","01bfc3b4","READ","false","true"
"FUN_01087760","01087760","0108781c","DAT_01bfc3b4","01bfc3b4","READ","false","true"
"FUN_01087760","01087760","01087828","DAT_01bfc3b4","01bfc3b4","READ","false","true"
"FUN_01087760","01087760","01087834","DAT_01beef18","01beef18","READ","false","true"
"FUN_01087760","01087760","0108783c","DAT_01beef20","01beef20","READ","false","true"
"FUN_01087760","01087760","01087841","DAT_01bfc3b4","01bfc3b4","READ","false","true"
"FUN_01087760","01087760","0108785e","FUN_014791e0","014791e0","UNCONDITIONAL_CALL","true","false"
"FUN_01087760","01087760","01087863","DAT_01bfc3b4","01bfc3b4","READ","false","true"
"FUN_01087760","01087760","01087868","DAT_01b02a08","01b02a08","READ","false","true"
"FUN_01087760","01087760","0108787d","DAT_01bfc3b4","01bfc3b4","READ","false","true"
"FUN_01087760","01087760","0108788a","LAB_010878a5","010878a5","CONDITIONAL_JUMP","false","false"
"FUN_01087760","01087760","01087897","LAB_010878a5","010878a5","CONDITIONAL_JUMP","false","false"
"FUN_01087760","01087760","010878b4","DAT_01b03420","01b03420","READ","false","true"
"FUN_01087760","01087760","010878d2","DAT_01bfc3b4","01bfc3b4","READ","false","true"
"FUN_01087760","01087760","010878e1","DAT_01bfc3b4","01bfc3b4","READ","false","true"
"FUN_01087760","01087760","010878f2","LAB_01087901","01087901","CONDITIONAL_JUMP","false","false"
"FUN_01087760","01087760","010878ff","LAB_0108790f","0108790f","CONDITIONAL_JUMP","false","false"
"FUN_01087760","01087760","01087909","DAT_01bfc3b4","01bfc3b4","READ","false","true"
"FUN_01087760","01087760","0108791c","FUN_01692c40","01692c40","UNCONDITIONAL_CALL","true","false"
"FUN_01087760","01087760","01087923","FUN_0102cdd0","0102cdd0","UNCONDITIONAL_CALL","true","false"
"FUN_01087760","01087760","01087928","DAT_01bfe8ac","01bfe8ac","DATA","false","true"
"FUN_01087760","01087760","0108793c","FUN_00ffcb30","00ffcb30","UNCONDITIONAL_CALL","true","false"
"FUN_01087760","01087760","01087943","FUN_010883d0","010883d0","UNCONDITIONAL_CALL","true","false"
"FUN_010ed3b0","010ed3b0","010ed3bd","","Stack[0x0]","READ","false","true"
"FUN_010ed3b0","010ed3b0","010ed3c0","","Stack[-0xc]","WRITE","false","true"
"FUN_010ed3b0","010ed3b0","010ed3c8","LAB_019838f8","019838f8","DATA","false","true"
"FUN_010ed3b0","010ed3b0","010ed3cd","ExceptionList","ffdff000","READ","false","true"
"FUN_010ed3b0","010ed3b0","010ed3db","DAT_01bbb1c0","01bbb1c0","READ","false","true"
"FUN_010ed3b0","010ed3b0","010ed3e2","","Stack[-0x24]","WRITE","false","true"
"FUN_010ed3b0","010ed3b0","010ed3e8","","Stack[-0x1c]","DATA","false","true"
"FUN_010ed3b0","010ed3b0","010ed3eb","ExceptionList","ffdff000","WRITE","false","true"
"FUN_010ed3b0","010ed3b0","010ed3f3","DAT_01bfb2d8","01bfb2d8","READ","false","true"
"FUN_010ed3b0","010ed3b0","010ed3f8","DAT_01bfb2c4","01bfb2c4","READ","false","true"
"FUN_010ed3b0","010ed3b0","010ed419","DAT_01bfc3b4","01bfc3b4","READ","false","true"
"FUN_010ed3b0","010ed3b0","010ed42a","DAT_01bfc3b4","01bfc3b4","READ","false","true"
"FUN_010ed3b0","010ed3b0","010ed447","DAT_01bfb2a0","01bfb2a0","READ","false","true"
"FUN_010ed3b0","010ed3b0","010ed455","LAB_010ed463","010ed463","CONDITIONAL_JUMP","false","false"
"FUN_010ed3b0","010ed3b0","010ed459","FUN_00f54dc0","00f54dc0","UNCONDITIONAL_CALL","true","false"
"FUN_010ed3b0","010ed3b0","010ed45e","DAT_01bfb2a0","01bfb2a0","READ","false","true"
"FUN_010ed3b0","010ed3b0","010ed463","DAT_01bb97a0","01bb97a0","WRITE","false","true"
"FUN_010ed3b0","010ed3b0","010ed46c","LAB_010ed480","010ed480","CONDITIONAL_JUMP","false","false"
"FUN_010ed3b0","010ed3b0","010ed46e","DAT_01b027a8","01b027a8","READ","false","true"
"FUN_010ed3b0","010ed3b0","010ed476","s_Enchant_Room.mp3_01ac8de8","01ac8de8","DATA","false","true"
"FUN_010ed3b0","010ed3b0","010ed47b","FUN_00f547c0","00f547c0","UNCONDITIONAL_CALL","true","false"
"FUN_010ed3b0","010ed3b0","010ed480","DAT_01bfb2a8","01bfb2a8","READ","false","true"
"FUN_010ed3b0","010ed3b0","010ed49b","DAT_01bfb2a8","01bfb2a8","READ","false","true"
"FUN_010ed3b0","010ed3b0","010ed4ab","","Stack[-0x28]","WRITE","false","true"
"FUN_010ed3b0","010ed3b0","010ed4b2","","Stack[-0x28]","READ","false","true"
"FUN_010ed3b0","010ed3b0","010ed4c8","","Stack[-0x448]","DATA","false","true"
"FUN_010ed3b0","010ed3b0","010ed4d1","","Stack[-0x470]","WRITE","false","true"
"FUN_010ed3b0","010ed3b0","010ed4d8","VCRUNTIME140.DLL::memset","01831f34","UNCONDITIONAL_CALL","true","false"
"FUN_010ed3b0","010ed3b0","010ed4e0","","Stack[-0x448]","DATA","false","true"
"FUN_010ed3b0","010ed3b0","010ed4e6","FUN_0169ab10","0169ab10","UNCONDITIONAL_CALL","true","false"
"FUN_010ed3b0","010ed3b0","010ed4eb","s_Data/etcobject/DatsCenter/F_DATS_01ac8dfc","01ac8dfc","DATA","false","true"
"FUN_010ed3b0","010ed3b0","010ed4f0","","Stack[-0x448]","DATA","false","true"
"FUN_010ed3b0","010ed3b0","010ed4f6","","Stack[-0x14]","WRITE","false","true"
"FUN_010ed3b0","010ed3b0","010ed4fd","FUN_0169c4f0","0169c4f0","UNCONDITIONAL_CALL","true","false"
"FUN_010ed3b0","010ed3b0","010ed504","LAB_010ed51f","010ed51f","CONDITIONAL_JUMP","false","false"
"FUN_010ed3b0","010ed3b0","010ed506","s_Data/etcobject/DatsCenter/F_DATS_01ac8dfc","01ac8dfc","DATA","false","true"
"FUN_010ed3b0","010ed3b0","010ed50b","DAT_01ac8e28","01ac8e28","DATA","false","true"
"FUN_010ed3b0","010ed3b0","010ed512","FUN_015aa730","015aa730","UNCONDITIONAL_CALL","true","false"
"FUN_010ed3b0","010ed3b0","010ed51a","LAB_010eda7e","010eda7e","UNCONDITIONAL_JUMP","false","false"
"FUN_010ed3b0","010ed3b0","010ed51f","","Stack[-0x2ec]","READ","false","true"
"FUN_010ed3b0","010ed3b0","010ed527","","Stack[-0x34]","WRITE","false","true"
"FUN_010ed3b0","010ed3b0","010ed52d","","Stack[-0x44c]","WRITE","false","true"
"FUN_010ed3b0","010ed3b0","010ed535","LAB_010ed53c","010ed53c","CONDITIONAL_JUMP","false","false"
"FUN_010ed3b0","010ed3b0","010ed53a","LAB_010ed542","010ed542","UNCONDITIONAL_JUMP","false","false"
"FUN_010ed3b0","010ed3b0","010ed53c","","Stack[-0x44c]","WRITE","false","true"
"FUN_010ed3b0","010ed3b0","010ed547","","Stack[-0x14]","WRITE","false","true"
"FUN_010ed3b0","010ed3b0","010ed54b","FUN_01489f70","01489f70","UNCONDITIONAL_CALL","true","false"
"FUN_010ed3b0","010ed3b0","010ed561","LAB_010ed56c","010ed56c","CONDITIONAL_JUMP","false","false"
"FUN_010ed3b0","010ed3b0","010ed563","","Stack[-0x44c]","READ","false","true"
"FUN_010ed3b0","010ed3b0","010ed56c","FUN_01487b70","01487b70","UNCONDITIONAL_CALL","true","false"
"FUN_010ed3b0","010ed3b0","010ed57f","DAT_01bee678","01bee678","READ","false","true"
"FUN_010ed3b0","010ed3b0","010ed599","FUN_016a0910","016a0910","UNCONDITIONAL_CALL","true","false"
"FUN_010ed3b0","010ed3b0","010ed5a4","FUN_01692d50","01692d50","UNCONDITIONAL_CALL","true","false"
"FUN_010ed3b0","010ed3b0","010ed5b6","FUN_01692c40","01692c40","UNCONDITIONAL_CALL","true","false"
"FUN_010ed3b0","010ed3b0","010ed5bb","s_Data/etcobject/DatsCenter/E_Grad_01ad7020","01ad7020","DATA","false","true"
"FUN_010ed3b0","010ed3b0","010ed5c0","","Stack[-0x448]","DATA","false","true"
"FUN_010ed3b0","010ed3b0","010ed5c6","FUN_0169c4f0","0169c4f0","UNCONDITIONAL_CALL","true","false"
"FUN_010ed3b0","010ed3b0","010ed5cd","LAB_010ed5d9","010ed5d9","CONDITIONAL_JUMP","false","false"
"FUN_010ed3b0","010ed3b0","010ed5cf","s_Data/etcobject/DatsCenter/E_Grad_01ad7020","01ad7020","DATA","false","true"
"FUN_010ed3b0","010ed3b0","010ed5d4","LAB_010ed7b6","010ed7b6","UNCONDITIONAL_JUMP","false","false"
"FUN_010ed3b0","010ed3b0","010ed5d9","","Stack[-0x2ec]","READ","false","true"
"FUN_010ed3b0","010ed3b0","010ed5e1","","Stack[-0x450]","WRITE","false","true"
"FUN_010ed3b0","010ed3b0","010ed5e9","LAB_010ed619","010ed619","CONDITIONAL_JUMP","false","false"
"FUN_010ed3b0","010ed3b0","010ed5ed","LAB_010ed60c","010ed60c","CONDITIONAL_JUMP","false","false"
"FUN_010ed3b0","010ed3b0","010ed5ef","","Stack[-0x44c]","READ","false","true"
"FUN_010ed3b0","010ed3b0","010ed5fd","LAB_010ed60c","010ed60c","CONDITIONAL_JUMP","false","false"
"FUN_010ed3b0","010ed3b0","010ed606","","Stack[-0x450]","READ","false","true"
"FUN_010ed3b0","010ed3b0","010ed60e","","Stack[-0x34]","WRITE","false","true"
"FUN_010ed3b0","010ed3b0","010ed613","LAB_010ed619","010ed619","CONDITIONAL_JUMP","false","false"
"FUN_010ed3b0","010ed3b0","010ed61e","FUN_01489f70","01489f70","UNCONDITIONAL_CALL","true","false"
"FUN_010ed3b0","010ed3b0","010ed635","","Stack[-0x44c]","WRITE","false","true"
"FUN_010ed3b0","010ed3b0","010ed63d","LAB_010ed644","010ed644","CONDITIONAL_JUMP","false","false"
"FUN_010ed3b0","010ed3b0","010ed642","LAB_010ed64a","010ed64a","UNCONDITIONAL_JUMP","false","false"
"FUN_010ed3b0","010ed3b0","010ed644","","Stack[-0x44c]","WRITE","false","true"
"FUN_010ed3b0","010ed3b0","010ed64a","FUN_01487b70","01487b70","UNCONDITIONAL_CALL","true","false"
"FUN_010ed3b0","010ed3b0","010ed65d","DAT_01bee678","01bee678","READ","false","true"
"FUN_010ed3b0","010ed3b0","010ed677","FUN_016a0910","016a0910","UNCONDITIONAL_CALL","true","false"
"FUN_010ed3b0","010ed3b0","010ed67c","DAT_01b02768","01b02768","READ","false","true"
"FUN_010ed3b0","010ed3b0","010ed68d","","Stack[-0x28]","WRITE","false","true"
"FUN_010ed3b0","010ed3b0","010ed68d","DAT_3f800000","3f800000","DATA","false","true"
"FUN_010ed3b0","010ed3b0","010ed694","","Stack[-0x28]","READ","false","true"
"FUN_010ed3b0","010ed3b0","010ed69e","","Stack[-0x460]","WRITE","false","true"
"FUN_010ed3b0","010ed3b0","010ed69e","DAT_3f800000","3f800000","DATA","false","true"
"FUN_010ed3b0","010ed3b0","010ed6a5","DAT_3f800000","3f800000","DATA","false","true"
"FUN_010ed3b0","010ed3b0","010ed6a8","FUN_0148a890","0148a890","UNCONDITIONAL_CALL","true","false"
"FUN_010ed3b0","010ed3b0","010ed6b0","","Stack[-0x448]","DATA","false","true"
"FUN_010ed3b0","010ed3b0","010ed6b6","s_Data/etcobject/DatsCenter/E_Grad_01ad706c","01ad706c","DATA","false","true"
"FUN_010ed3b0","010ed3b0","010ed6bb","FUN_0169c4f0","0169c4f0","UNCONDITIONAL_CALL","true","false"
"FUN_010ed3b0","010ed3b0","010ed6c2","LAB_010ed6ce","010ed6ce","CONDITIONAL_JUMP","false","false"
"FUN_010ed3b0","010ed3b0","010ed6c4","s_Data/etcobject/DatsCenter/E_Grad_01ad706c","01ad706c","DATA","false","true"
"FUN_010ed3b0","010ed3b0","010ed6c9","LAB_010ed7b6","010ed7b6","UNCONDITIONAL_JUMP","false","false"
"FUN_010ed3b0","010ed3b0","010ed6ce","","Stack[-0x2ec]","READ","false","true"
"FUN_010ed3b0","010ed3b0","010ed6d6","","Stack[-0x450]","WRITE","false","true"
"FUN_010ed3b0","010ed3b0","010ed6de","LAB_010ed70e","010ed70e","CONDITIONAL_JUMP","false","false"
"FUN_010ed3b0","010ed3b0","010ed6e2","LAB_010ed701","010ed701","CONDITIONAL_JUMP","false","false"
"FUN_010ed3b0","010ed3b0","010ed6e4","","Stack[-0x44c]","READ","false","true"
"FUN_010ed3b0","010ed3b0","010ed6f2","LAB_010ed701","010ed701","CONDITIONAL_JUMP","false","false"
"FUN_010ed3b0","010ed3b0","010ed6fb","","Stack[-0x450]","READ","false","true"
"FUN_010ed3b0","010ed3b0","010ed703","","Stack[-0x34]","WRITE","false","true"
"FUN_010ed3b0","010ed3b0","010ed708","LAB_010ed70e","010ed70e","CONDITIONAL_JUMP","false","false"
"FUN_010ed3b0","010ed3b0","010ed713","FUN_01489f70","01489f70","UNCONDITIONAL_CALL","true","false"
"FUN_010ed3b0","010ed3b0","010ed72a","","Stack[-0x44c]","WRITE","false","true"
"FUN_010ed3b0","010ed3b0","010ed732","LAB_010ed739","010ed739","CONDITIONAL_JUMP","false","false"
"FUN_010ed3b0","010ed3b0","010ed737","LAB_010ed73f","010ed73f","UNCONDITIONAL_JUMP","false","false"
"FUN_010ed3b0","010ed3b0","010ed739","","Stack[-0x44c]","WRITE","false","true"
"FUN_010ed3b0","010ed3b0","010ed73f","FUN_01487b70","01487b70","UNCONDITIONAL_CALL","true","false"
"FUN_010ed3b0","010ed3b0","010ed752","DAT_01bee678","01bee678","READ","false","true"
"FUN_010ed3b0","010ed3b0","010ed76c","FUN_016a0910","016a0910","UNCONDITIONAL_CALL","true","false"
"FUN_010ed3b0","010ed3b0","010ed771","","Stack[-0x460]","READ","false","true"
"FUN_010ed3b0","010ed3b0","010ed781","","Stack[-0x28]","WRITE","false","true"
"FUN_010ed3b0","010ed3b0","010ed781","DAT_3f800000","3f800000","DATA","false","true"
"FUN_010ed3b0","010ed3b0","010ed788","","Stack[-0x28]","READ","false","true"
"FUN_010ed3b0","010ed3b0","010ed792","DAT_3f800000","3f800000","DATA","false","true"
"FUN_010ed3b0","010ed3b0","010ed795","FUN_0148a890","0148a890","UNCONDITIONAL_CALL","true","false"
"FUN_010ed3b0","010ed3b0","010ed79d","","Stack[-0x448]","DATA","false","true"
"FUN_010ed3b0","010ed3b0","010ed7a3","s_Data/etcobject/DatsCenter/D_Grad_01ac8e84","01ac8e84","DATA","false","true"
"FUN_010ed3b0","010ed3b0","010ed7a8","FUN_0169c4f0","0169c4f0","UNCONDITIONAL_CALL","true","false"
"FUN_010ed3b0","010ed3b0","010ed7af","LAB_010ed7cb","010ed7cb","CONDITIONAL_JUMP","false","false"
"FUN_010ed3b0","010ed3b0","010ed7b1","s_Data/etcobject/DatsCenter/D_Grad_01ac8e84","01ac8e84","DATA","false","true"
"FUN_010ed3b0","010ed3b0","010ed7b6","s_Data/etcobject/DatsCenter/E_Grad_01ad7020","01ad7020","DATA","false","true"
"FUN_010ed3b0","010ed3b0","010ed7b6","s_Data/etcobject/DatsCenter/E_Grad_01ad706c","01ad706c","DATA","false","true"
"FUN_010ed3b0","010ed3b0","010ed7b6","s_Data/etcobject/DatsCenter/D_Grad_01ac8e84","01ac8e84","DATA","false","true"
"FUN_010ed3b0","010ed3b0","010ed7b7","DAT_01ac8e28","01ac8e28","DATA","false","true"
"FUN_010ed3b0","010ed3b0","010ed7be","FUN_015aa730","015aa730","UNCONDITIONAL_CALL","true","false"
"FUN_010ed3b0","010ed3b0","010ed7c6","LAB_010eda64","010eda64","UNCONDITIONAL_JUMP","false","false"
"FUN_010ed3b0","010ed3b0","010ed7cb","","Stack[-0x2ec]","READ","false","true"
"FUN_010ed3b0","010ed3b0","010ed7d3","","Stack[-0x450]","WRITE","false","true"
"FUN_010ed3b0","010ed3b0","010ed7db","LAB_010ed80b","010ed80b","CONDITIONAL_JUMP","false","false"
"FUN_010ed3b0","010ed3b0","010ed7df","LAB_010ed7fe","010ed7fe","CONDITIONAL_JUMP","false","false"
"FUN_010ed3b0","010ed3b0","010ed7e1","","Stack[-0x44c]","READ","false","true"
"FUN_010ed3b0","010ed3b0","010ed7ef","LAB_010ed7fe","010ed7fe","CONDITIONAL_JUMP","false","false"
"FUN_010ed3b0","010ed3b0","010ed7f8","","Stack[-0x450]","READ","false","true"
"FUN_010ed3b0","010ed3b0","010ed800","","Stack[-0x34]","WRITE","false","true"
"FUN_010ed3b0","010ed3b0","010ed805","LAB_010ed80b","010ed80b","CONDITIONAL_JUMP","false","false"
"FUN_010ed3b0","010ed3b0","010ed810","FUN_01489f70","01489f70","UNCONDITIONAL_CALL","true","false"
"FUN_010ed3b0","010ed3b0","010ed826","LAB_010ed82c","010ed82c","CONDITIONAL_JUMP","false","false"
"FUN_010ed3b0","010ed3b0","010ed82c","FUN_01487b70","01487b70","UNCONDITIONAL_CALL","true","false"
"FUN_010ed3b0","010ed3b0","010ed83f","DAT_01bee678","01bee678","READ","false","true"
"FUN_010ed3b0","010ed3b0","010ed859","FUN_016a0910","016a0910","UNCONDITIONAL_CALL","true","false"
"FUN_010ed3b0","010ed3b0","010ed85e","","Stack[-0x460]","READ","false","true"
"FUN_010ed3b0","010ed3b0","010ed86e","","Stack[-0x28]","WRITE","false","true"
"FUN_010ed3b0","010ed3b0","010ed86e","DAT_3f800000","3f800000","DATA","false","true"
"FUN_010ed3b0","010ed3b0","010ed875","","Stack[-0x28]","READ","false","true"
"FUN_010ed3b0","010ed3b0","010ed87c","DAT_3f800000","3f800000","DATA","false","true"
"FUN_010ed3b0","010ed3b0","010ed87f","FUN_0148a890","0148a890","UNCONDITIONAL_CALL","true","false"
"FUN_010ed3b0","010ed3b0","010ed884","DAT_01bfc3b4","01bfc3b4","READ","false","true"
"FUN_010ed3b0","010ed3b0","010ed88c","","Stack[-0x470]","READ","false","true"
"FUN_010ed3b0","010ed3b0","010ed893","DAT_01b02b34","01b02b34","READ","false","true"
"FUN_010ed3b0","010ed3b0","010ed89e","","Stack[-0x28]","WRITE","false","true"
"FUN_010ed3b0","010ed3b0","010ed8af","DAT_01bfc3b4","01bfc3b4","READ","false","true"
"FUN_010ed3b0","010ed3b0","010ed8c3","DAT_01b02aac","01b02aac","READ","false","true"
"FUN_010ed3b0","010ed3b0","010ed8d3","","Stack[-0x28]","WRITE","false","true"
"FUN_010ed3b0","010ed3b0","010ed8dc","LAB_010ed8fa","010ed8fa","CONDITIONAL_JUMP","false","false"
"FUN_010ed3b0","010ed3b0","010ed8ea","LAB_010ed8fa","010ed8fa","CONDITIONAL_JUMP","false","false"
"FUN_010ed3b0","010ed3b0","010ed8f8","LAB_010ed90b","010ed90b","CONDITIONAL_JUMP","false","false"
"FUN_010ed3b0","010ed3b0","010ed8fa","","Stack[-0x28]","READ","false","true"
"FUN_010ed3b0","010ed3b0","010ed905","DAT_01bfc3b4","01bfc3b4","READ","false","true"
"FUN_010ed3b0","010ed3b0","010ed90b","DAT_01b02ad4","01b02ad4","READ","false","true"
"FUN_010ed3b0","010ed3b0","010ed915","DAT_01b025b8","01b025b8","READ","false","true"
"FUN_010ed3b0","010ed3b0","010ed91d","FUN_0147ab50","0147ab50","UNCONDITIONAL_CALL","true","false"
"FUN_010ed3b0","010ed3b0","010ed922","DAT_01bfc3b4","01bfc3b4","READ","false","true"
"FUN_010ed3b0","010ed3b0","010ed928","DAT_01b029d4","01b029d4","READ","false","true"
"FUN_010ed3b0","010ed3b0","010ed956","LAB_010ed964","010ed964","CONDITIONAL_JUMP","false","false"
"FUN_010ed3b0","010ed3b0","010ed958","DAT_01b02a54","01b02a54","READ","false","true"
"FUN_010ed3b0","010ed3b0","010ed966","DAT_01b03420","01b03420","READ","false","true"
"FUN_010ed3b0","010ed3b0","010ed96e","","Stack[-0x470]","READ","false","true"
"FUN_010ed3b0","010ed3b0","010ed983","","Stack[-0x28]","WRITE","false","true"
"FUN_010ed3b0","010ed3b0","010ed98a","","Stack[-0x28]","READ","false","true"
"FUN_010ed3b0","010ed3b0","010ed990","DAT_01b02a50","01b02a50","READ","false","true"
"FUN_010ed3b0","010ed3b0","010ed9af","DAT_01bfc3b4","01bfc3b4","READ","false","true"
"FUN_010ed3b0","010ed3b0","010ed9bc","LAB_010ed9d7","010ed9d7","CONDITIONAL_JUMP","false","false"
"FUN_010ed3b0","010ed3b0","010ed9c9","LAB_010ed9d7","010ed9d7","CONDITIONAL_JUMP","false","false"
"FUN_010ed3b0","010ed3b0","010ed9e7","","Stack[-0x28]","WRITE","false","true"
"FUN_010ed3b0","010ed3b0","010ed9ee","","Stack[-0x28]","READ","false","true"
"FUN_010ed3b0","010ed3b0","010eda11","DAT_01bfc3b4","01bfc3b4","READ","false","true"
"FUN_010ed3b0","010ed3b0","010eda20","DAT_01bfc3b4","01bfc3b4","READ","false","true"
"FUN_010ed3b0","010ed3b0","010eda30","LAB_010eda3f","010eda3f","CONDITIONAL_JUMP","false","false"
"FUN_010ed3b0","010ed3b0","010eda3d","LAB_010eda47","010eda47","CONDITIONAL_JUMP","false","false"
"FUN_010ed3b0","010ed3b0","010eda47","DAT_01bfe464","01bfe464","READ","false","true"
"FUN_010ed3b0","010ed3b0","010eda5f","FUN_014414a0","014414a0","UNCONDITIONAL_CALL","true","false"
"FUN_010ed3b0","010ed3b0","010eda64","","Stack[-0x14]","WRITE","false","true"
"FUN_010ed3b0","010ed3b0","010eda6a","LAB_010eda7e","010eda7e","CONDITIONAL_JUMP","false","false"
"FUN_010ed3b0","010ed3b0","010eda75","LAB_010eda7e","010eda7e","CONDITIONAL_JUMP","false","false"
"FUN_010ed3b0","010ed3b0","010eda7e","","Stack[-0x448]","DATA","false","true"
"FUN_010ed3b0","010ed3b0","010eda84","FUN_0169b2f0","0169b2f0","UNCONDITIONAL_CALL","true","false"
"FUN_010ed3b0","010ed3b0","010eda89","","Stack[-0x1c]","READ","false","true"
"FUN_010ed3b0","010ed3b0","010eda8c","ExceptionList","ffdff000","WRITE","false","true"
"FUN_010ed3b0","010ed3b0","010eda96","","Stack[-0x24]","READ","false","true"
"FUN_010ed3b0","010ed3b0","010eda9b","__security_check_cookie","0179869b","UNCONDITIONAL_CALL","true","false"
"FUN_010ed3b0","010ed3b0","010edaa5","","Stack[-0x4]","DATA","false","true"
"FUN_01118720","01118720","01118725","LAB_01986645","01986645","DATA","false","true"
"FUN_01118720","01118720","0111872a","ExceptionList","ffdff000","READ","false","true"
"FUN_01118720","01118720","01118734","DAT_01bbb1c0","01bbb1c0","READ","false","true"
"FUN_01118720","01118720","0111873b","","Stack[-0x14]","WRITE","false","true"
"FUN_01118720","01118720","01118741","","Stack[-0x10]","DATA","false","true"
"FUN_01118720","01118720","01118744","ExceptionList","ffdff000","WRITE","false","true"
"FUN_01118720","01118720","0111874c","","Stack[-0x38]","WRITE","false","true"
"FUN_01118720","01118720","01118752","","Stack[-0x1c]","DATA","false","true"
"FUN_01118720","01118720","0111875e","","Stack[-0x1c]","WRITE","false","true"
"FUN_01118720","01118720","01118763","FUN_01116790","01116790","UNCONDITIONAL_CALL","true","false"
"FUN_01118720","01118720","01118768","","Stack[-0x8]","WRITE","false","true"
"FUN_01118720","01118720","0111876f","","Stack[-0x1c]","READ","false","true"
"FUN_01118720","01118720","01118778","LAB_0111888d","0111888d","CONDITIONAL_JUMP","false","false"
"FUN_01118720","01118720","01118784","","Stack[-0x40]","WRITE","false","true"
"FUN_01118720","01118720","0111878c","","Stack[-0x3c]","DATA","false","true"
"FUN_01118720","01118720","01118790","","Stack[-0x28]","DATA","false","true"
"FUN_01118720","01118720","01118793","","Stack[-0x4c]","WRITE","false","true"
"FUN_01118720","01118720","01118798","","Stack[-0x48]","READ","false","true"
"FUN_01118720","01118720","0111879c","","Stack[-0x3c]","WRITE","false","true"
"FUN_01118720","01118720","0111879f","FUN_00f1d720","00f1d720","UNCONDITIONAL_CALL","true","false"
"FUN_01118720","01118720","011187a4","","Stack[-0x20]","READ","false","true"
"FUN_01118720","01118720","011187ab","LAB_011188fc","011188fc","CONDITIONAL_JUMP","false","false"
"FUN_01118720","01118720","011187b4","LAB_011188fc","011188fc","CONDITIONAL_JUMP","false","false"
"FUN_01118720","01118720","011187ba","","Stack[-0x40]","READ","false","true"
"FUN_01118720","01118720","011187bf","LAB_011188fc","011188fc","CONDITIONAL_JUMP","false","false"
"FUN_01118720","01118720","011187c5","","Stack[-0x38]","READ","false","true"
"FUN_01118720","01118720","011187d5","LAB_011188fc","011188fc","CONDITIONAL_JUMP","false","false"
"FUN_01118720","01118720","011187e6","LAB_011187f3","011187f3","CONDITIONAL_JUMP","false","false"
"FUN_01118720","01118720","011187ec","LAB_011187e0","011187e0","CONDITIONAL_JUMP","false","false"
"FUN_01118720","01118720","011187ee","LAB_011188fc","011188fc","UNCONDITIONAL_JUMP","false","false"
"FUN_01118720","01118720","011187f5","LAB_011188fc","011188fc","CONDITIONAL_JUMP","false","false"
"FUN_01118720","01118720","011187fd","DAT_01bc5080","01bc5080","DATA","false","true"
"FUN_01118720","01118720","01118802","DAT_01bc4a94","01bc4a94","DATA","false","true"
"FUN_01118720","01118720","0111880c","VCRUNTIME140.DLL::__RTDynamicCast","01831f4c","UNCONDITIONAL_CALL","true","false"
"FUN_01118720","01118720","01118818","LAB_011188fc","011188fc","CONDITIONAL_JUMP","false","false"
"FUN_01118720","01118720","0111881e","","Stack[-0x38]","READ","false","true"
"FUN_01118720","01118720","01118821","","Stack[-0x20]","READ","false","true"
"FUN_01118720","01118720","0111883c","FUN_01118930","01118930","UNCONDITIONAL_CALL","true","false"
"FUN_01118720","01118720","01118848","LAB_01118867","01118867","CONDITIONAL_JUMP","false","false"
"FUN_01118720","01118720","01118851","LAB_01118863","01118863","CONDITIONAL_JUMP","false","false"
"FUN_01118720","01118720","01118856","LAB_01118863","01118863","CONDITIONAL_JUMP","false","false"
"FUN_01118720","01118720","01118861","LAB_01118853","01118853","CONDITIONAL_JUMP","false","false"
"FUN_01118720","01118720","01118865","LAB_0111887d","0111887d","UNCONDITIONAL_JUMP","false","false"
"FUN_01118720","01118720","0111886f","LAB_0111887d","0111887d","CONDITIONAL_JUMP","false","false"
"FUN_01118720","01118720","0111887b","LAB_01118871","01118871","CONDITIONAL_JUMP","false","false"
"FUN_01118720","01118720","01118887","LAB_01118787","01118787","CONDITIONAL_JUMP","false","false"
"FUN_01118720","01118720","01118890","","Stack[-0x24]","WRITE","false","true"
"FUN_01118720","01118720","01118899","","Stack[-0x20]","WRITE","false","true"
"FUN_01118720","01118720","011188a0","","Stack[-0x34]","WRITE","false","true"
"FUN_01118720","01118720","011188a4","","Stack[-0x34]","WRITE","false","true"
"FUN_01118720","01118720","011188a8","","Stack[-0x8]","WRITE","false","true"
"FUN_01118720","01118720","011188ac","","Stack[-0x34]","DATA","false","true"
"FUN_01118720","01118720","011188bd","DAT_01b02970","01b02970","READ","false","true"
"FUN_01118720","01118720","011188c8","","Stack[-0x60]","DATA","false","true"
"FUN_01118720","01118720","011188cd","u_L%.2f%%_01ad9100","01ad9100","DATA","false","true"
"FUN_01118720","01118720","011188d3","FUN_01500f80","01500f80","UNCONDITIONAL_CALL","true","false"
"FUN_01118720","01118720","011188e1","","Stack[-0x20]","READ","false","true"
"FUN_01118720","01118720","011188ea","","Stack[-0x34]","DATA","false","true"
"FUN_01118720","01118720","011188ed","","Stack[-0x34]","DATA","false","true"
"FUN_01118720","01118720","011188f4","","Stack[-0x34]","DATA","false","true"
"FUN_01118720","01118720","011188f7","FUN_00f1a330","00f1a330","UNCONDITIONAL_CALL","true","false"
"FUN_01118720","01118720","011188fc","","Stack[-0x1c]","DATA","false","true"
"FUN_01118720","01118720","01118902","FUN_011169f0","011169f0","UNCONDITIONAL_CALL","true","false"
"FUN_01118720","01118720","01118907","","Stack[-0x10]","READ","false","true"
"FUN_01118720","01118720","0111890a","ExceptionList","ffdff000","WRITE","false","true"
"FUN_01118720","01118720","01118914","","Stack[-0x14]","READ","false","true"
"FUN_01118720","01118720","01118919","__security_check_cookie","0179869b","UNCONDITIONAL_CALL","true","false"
"FUN_01118930","01118930","0111893d","","Stack[0x0]","READ","false","true"
"FUN_01118930","01118930","01118940","","Stack[-0xc]","WRITE","false","true"
"FUN_01118930","01118930","01118948","LAB_01986685","01986685","DATA","false","true"
"FUN_01118930","01118930","0111894d","ExceptionList","ffdff000","READ","false","true"
"FUN_01118930","01118930","01118958","DAT_01bbb1c0","01bbb1c0","READ","false","true"
"FUN_01118930","01118930","0111895f","","Stack[-0x24]","WRITE","false","true"
"FUN_01118930","01118930","01118965","","Stack[-0x1c]","DATA","false","true"
"FUN_01118930","01118930","01118968","ExceptionList","ffdff000","WRITE","false","true"
"FUN_01118930","01118930","01118970","","Stack[0x4]","READ","false","true"
"FUN_01118930","01118930","01118979","LAB_0111898e","0111898e","CONDITIONAL_JUMP","false","false"
"FUN_01118930","01118930","01118989","LAB_01118a30","01118a30","UNCONDITIONAL_JUMP","false","false"
"FUN_01118930","01118930","0111899f","","Stack[-0x2c]","WRITE","false","true"
"FUN_01118930","01118930","011189a8","","Stack[-0x28]","WRITE","false","true"
"FUN_01118930","01118930","011189af","","Stack[-0x3c]","WRITE","false","true"
"FUN_01118930","01118930","011189b3","","Stack[-0x3c]","WRITE","false","true"
"FUN_01118930","01118930","011189ba","","Stack[-0x14]","WRITE","false","true"
"FUN_01118930","01118930","011189bd","DAT_01bfb258","01bfb258","READ","false","true"
"FUN_01118930","01118930","011189ca","s_EvoOpenNew_Selected_Text_01ad919c","01ad919c","DATA","false","true"
"FUN_01118930","01118930","011189d5","FUN_00f19cc0","00f19cc0","UNCONDITIONAL_CALL","true","false"
"FUN_01118930","01118930","011189da","","Stack[-0x58]","DATA","false","true"
"FUN_01118930","01118930","011189e0","FUN_015ce480","015ce480","UNCONDITIONAL_CALL","true","false"
"FUN_01118930","01118930","011189e5","","Stack[-0x14]","WRITE","false","true"
"FUN_01118930","01118930","011189ed","LAB_011189f1","011189f1","CONDITIONAL_JUMP","false","false"
"FUN_01118930","01118930","011189f2","","Stack[0x4]","READ","false","true"
"FUN_01118930","01118930","011189f5","","Stack[-0x3c]","DATA","false","true"
"FUN_01118930","01118930","011189f8","u_x%2d_%s_01ad918c","01ad918c","DATA","false","true"
"FUN_01118930","01118930","011189fe","FUN_01500f80","01500f80","UNCONDITIONAL_CALL","true","false"
"FUN_01118930","01118930","01118a06","","Stack[-0x14]","WRITE","false","true"
"FUN_01118930","01118930","01118a0a","","Stack[-0x58]","DATA","false","true"
"FUN_01118930","01118930","01118a0d","FUN_00f1a330","00f1a330","UNCONDITIONAL_CALL","true","false"
"FUN_01118930","01118930","01118a12","","Stack[-0x28]","READ","false","true"
"FUN_01118930","01118930","01118a16","","Stack[-0x3c]","DATA","false","true"
"FUN_01118930","01118930","01118a1b","","Stack[-0x3c]","DATA","false","true"
"FUN_01118930","01118930","01118a28","","Stack[-0x3c]","DATA","false","true"
"FUN_01118930","01118930","01118a2b","FUN_00f1a330","00f1a330","UNCONDITIONAL_CALL","true","false"
"FUN_01118930","01118930","01118a30","","Stack[-0x1c]","READ","false","true"
"FUN_01118930","01118930","01118a33","ExceptionList","ffdff000","WRITE","false","true"
"FUN_01118930","01118930","01118a3d","","Stack[-0x24]","READ","false","true"
"FUN_01118930","01118930","01118a42","__security_check_cookie","0179869b","UNCONDITIONAL_CALL","true","false"
"FUN_01118930","01118930","01118a4c","","Stack[-0x4]","DATA","false","true"
"FUN_01118a50","01118a50","01118a5d","","Stack[0x0]","READ","false","true"
"FUN_01118a50","01118a50","01118a60","","Stack[-0xc]","WRITE","false","true"
"FUN_01118a50","01118a50","01118a68","LAB_019800bd","019800bd","DATA","false","true"
"FUN_01118a50","01118a50","01118a6d","ExceptionList","ffdff000","READ","false","true"
"FUN_01118a50","01118a50","01118a7a","DAT_01bbb1c0","01bbb1c0","READ","false","true"
"FUN_01118a50","01118a50","01118a82","","Stack[-0x1c]","DATA","false","true"
"FUN_01118a50","01118a50","01118a85","ExceptionList","ffdff000","WRITE","false","true"
"FUN_01118a50","01118a50","01118a8d","","Stack[-0x24]","WRITE","false","true"
"FUN_01118a50","01118a50","01118a92","FUN_016830c0","016830c0","UNCONDITIONAL_CALL","true","false"
"FUN_01118a50","01118a50","01118a9c","","Stack[-0x28]","WRITE","false","true"
"FUN_01118a50","01118a50","01118aa1","LAB_01118bb0","01118bb0","CONDITIONAL_JUMP","false","false"
"FUN_01118a50","01118a50","01118aa7","","Stack[0x8]","READ","false","true"
"FUN_01118a50","01118a50","01118ab8","DAT_01ad91bc","01ad91bc","DATA","false","true"
"FUN_01118a50","01118a50","01118ac5","","Stack[0xc]","READ","false","true"
"FUN_01118a50","01118a50","01118ac8","","Stack[0x10]","READ","false","true"
"FUN_01118a50","01118a50","01118ace","","Stack[0x4]","DATA","false","true"
"FUN_01118a50","01118a50","01118ad8","","Stack[-0x30]","DATA","false","true"
"FUN_01118a50","01118a50","01118ae1","FUN_00f1b390","00f1b390","UNCONDITIONAL_CALL","true","false"
"FUN_01118a50","01118a50","01118ae6","","Stack[-0x28]","READ","false","true"
"FUN_01118a50","01118a50","01118aed","LAB_01118b25","01118b25","CONDITIONAL_JUMP","false","false"
"FUN_01118a50","01118a50","01118aef","","Stack[0x4]","READ","false","true"
"FUN_01118a50","01118a50","01118af5","LAB_01118b25","01118b25","CONDITIONAL_JUMP","false","false"
"FUN_01118a50","01118a50","01118af9","LAB_01118b25","01118b25","CONDITIONAL_JUMP","false","false"
"FUN_01118a50","01118a50","01118b00","LAB_01118b12","01118b12","CONDITIONAL_JUMP","false","false"
"FUN_01118a50","01118a50","01118b08","","Stack[-0x28]","READ","false","true"
"FUN_01118a50","01118a50","01118b15","FUN_00f5d5c0","00f5d5c0","UNCONDITIONAL_CALL","true","false"
"FUN_01118a50","01118a50","01118b1d","FUN_017986fc","017986fc","UNCONDITIONAL_CALL","true","false"
"FUN_01118a50","01118a50","01118b25","","Stack[0x4]","READ","false","true"
"FUN_01118a50","01118a50","01118b2a","","Stack[-0x2c]","WRITE","false","true"
"FUN_01118a50","01118a50","01118b2d","","Stack[-0x2c]","DATA","false","true"
"FUN_01118a50","01118a50","01118b31","","Stack[-0x48]","DATA","false","true"
"FUN_01118a50","01118a50","01118b34","","Stack[-0x28]","WRITE","false","true"
"FUN_01118a50","01118a50","01118b38","FUN_00f1b390","00f1b390","UNCONDITIONAL_CALL","true","false"
"FUN_01118a50","01118a50","01118b44","","Stack[-0x3c]","WRITE","false","true"
"FUN_01118a50","01118a50","01118b4d","LAB_01118b57","01118b57","CONDITIONAL_JUMP","false","false"
"FUN_01118a50","01118a50","01118b4f","","Stack[0x4]","READ","false","true"
"FUN_01118a50","01118a50","01118b55","LAB_01118bb0","01118bb0","CONDITIONAL_JUMP","false","false"
"FUN_01118a50","01118a50","01118b5e","LAB_01118bc8","01118bc8","CONDITIONAL_JUMP","false","false"
"FUN_01118a50","01118a50","01118b60","","Stack[-0x24]","READ","false","true"
"FUN_01118a50","01118a50","01118b68","","Stack[-0x2c]","WRITE","false","true"
"FUN_01118a50","01118a50","01118b6b","","Stack[-0x14]","WRITE","false","true"
"FUN_01118a50","01118a50","01118b74","","Stack[-0x28]","WRITE","false","true"
"FUN_01118a50","01118a50","01118b7b","operator_new","017986a9","UNCONDITIONAL_CALL","true","false"
"FUN_01118a50","01118a50","01118b80","","Stack[0x4]","READ","false","true"
"FUN_01118a50","01118a50","01118b89","","Stack[-0x24]","READ","false","true"
"FUN_01118a50","01118a50","01118b8d","","Stack[-0x38]","READ","false","true"
"FUN_01118a50","01118a50","01118b93","","Stack[-0x3c]","READ","false","true"
"FUN_01118a50","01118a50","01118ba7","FUN_00f27390","00f27390","UNCONDITIONAL_CALL","true","false"
"FUN_01118a50","01118a50","01118bae","LAB_01118bb2","01118bb2","UNCONDITIONAL_JUMP","false","false"
"FUN_01118a50","01118a50","01118bb2","","Stack[-0x1c]","READ","false","true"
"FUN_01118a50","01118a50","01118bb5","ExceptionList","ffdff000","WRITE","false","true"
"FUN_01118a50","01118a50","01118bc4","","Stack[-0x4]","DATA","false","true"
"FUN_01118a50","01118a50","01118bc8","FUN_00f1b5f0","00f1b5f0","UNCONDITIONAL_CALL","true","false"
"FUN_01118be0","01118be0","01118be7","DAT_01ad9264","01ad9264","DATA","false","true"
"FUN_01118be0","01118be0","01118bf0","DAT_01ad9224","01ad9224","DATA","false","true"
"FUN_01118be0","01118be0","01118bf8","LAB_01118c03","01118c03","CONDITIONAL_JUMP","false","false"
"FUN_01118be0","01118be0","01118bfe","FUN_00ff8af0","00ff8af0","UNCONDITIONAL_CALL","true","false"
"FUN_01118be0","01118be0","01118c05","DAT_01ad7e4c","01ad7e4c","DATA","false","true"
"FUN_01118be0","01118be0","01118c0b","FUN_012456d0","012456d0","UNCONDITIONAL_CALL","true","false"
"FUN_01118be0","01118be0","01118c10","","Stack[0x4]","READ","false","true"
"FUN_01118be0","01118be0","01118c16","LAB_01118c39","01118c39","CONDITIONAL_JUMP","false","false"
"FUN_01118be0","01118be0","01118c20","LAB_01118c31","01118c31","CONDITIONAL_JUMP","false","false"
"FUN_01118be0","01118be0","01118c22","FUN_01683120","01683120","UNCONDITIONAL_CALL","true","false"
"FUN_01118be0","01118be0","01118c31","FUN_00f199b0","00f199b0","UNCONDITIONAL_CALL","true","false"
"FUN_01118c40","01118c40","01118c47","DAT_01ad9264","01ad9264","DATA","false","true"
"FUN_01118c40","01118c40","01118c50","DAT_01ad9224","01ad9224","DATA","false","true"
"FUN_01118c40","01118c40","01118c58","LAB_01118c63","01118c63","CONDITIONAL_JUMP","false","false"
"FUN_01118c40","01118c40","01118c5e","FUN_00ff8af0","00ff8af0","UNCONDITIONAL_CALL","true","false"
"FUN_01118c40","01118c40","01118c63","DAT_01ad7e4c","01ad7e4c","DATA","false","true"
"FUN_01118c40","01118c40","01118c6d","FUN_012456d0","012456d0","UNCONDITIONAL_CALL","true","false"
"FUN_01118c80","01118c80","01118c83","DAT_01ad7e4c","01ad7e4c","DATA","false","true"
"FUN_01118c80","01118c80","01118c8a","FUN_012456d0","012456d0","UNCONDITIONAL_CALL","true","false"
"FUN_01118c80","01118c80","01118c8f","","Stack[0x4]","READ","false","true"
"FUN_01118c80","01118c80","01118c95","LAB_01118cb4","01118cb4","CONDITIONAL_JUMP","false","false"
"FUN_01118c80","01118c80","01118c9c","LAB_01118cac","01118cac","CONDITIONAL_JUMP","false","false"
"FUN_01118c80","01118c80","01118c9e","FUN_01683120","01683120","UNCONDITIONAL_CALL","true","false"
"FUN_01118c80","01118c80","01118cac","FUN_00f199b0","00f199b0","UNCONDITIONAL_CALL","true","false"
"FUN_01118cd0","01118cd0","01118cd9","DAT_01ad9444","01ad9444","DATA","false","true"
"FUN_01118cd0","01118cd0","01118cdf","DAT_01ad9504","01ad9504","DATA","false","true"
"FUN_01118cd0","01118cd0","01118ce9","FUN_012327f0","012327f0","UNCONDITIONAL_CALL","true","false"
"FUN_01118cd0","01118cd0","01118cf4","DAT_01ad7e4c","01ad7e4c","DATA","false","true"
"FUN_01118cd0","01118cd0","01118cfe","DAT_01ad324c","01ad324c","DATA","false","true"
"FUN_01118cd0","01118cd0","01118d04","FUN_00f1a420","00f1a420","UNCONDITIONAL_CALL","true","false"
"FUN_01118cd0","01118cd0","01118d0b","FUN_012456d0","012456d0","UNCONDITIONAL_CALL","true","false"
"FUN_01118cd0","01118cd0","01118d10","","Stack[0x4]","READ","false","true"
"FUN_01118cd0","01118cd0","01118d16","LAB_01118d38","01118d38","CONDITIONAL_JUMP","false","false"
"FUN_01118cd0","01118cd0","01118d20","LAB_01118d30","01118d30","CONDITIONAL_JUMP","false","false"
"FUN_01118cd0","01118cd0","01118d22","FUN_01683120","01683120","UNCONDITIONAL_CALL","true","false"
"FUN_01118cd0","01118cd0","01118d30","FUN_00f199b0","00f199b0","UNCONDITIONAL_CALL","true","false"
"FUN_01118d40","01118d40","01118d40","DAT_01bfe470","01bfe470","READ","false","true"
"FUN_01118d40","01118d40","01118d4d","LAB_01118daf","01118daf","CONDITIONAL_JUMP","false","false"
"FUN_01118d40","01118d40","01118d53","","Stack[-0x10]","WRITE","false","true"
"FUN_01118d40","01118d40","01118d5b","","Stack[-0x10]","DATA","false","true"
"FUN_01118d40","01118d40","01118d62","","Stack[-0xc]","DATA","false","true"
"FUN_01118d40","01118d40","01118d67","FUN_00f1d720","00f1d720","UNCONDITIONAL_CALL","true","false"
"FUN_01118d40","01118d40","01118d6c","","Stack[-0x4]","READ","false","true"
"FUN_01118d40","01118d40","01118d74","LAB_01118d85","01118d85","CONDITIONAL_JUMP","false","false"
"FUN_01118d40","01118d40","01118d7a","LAB_01118d85","01118d85","CONDITIONAL_JUMP","false","false"
"FUN_01118d40","01118d40","01118d7e","LAB_01118d85","01118d85","CONDITIONAL_JUMP","false","false"
"FUN_01118d40","01118d40","01118d83","LAB_01118d87","01118d87","UNCONDITIONAL_JUMP","false","false"
"FUN_01118d40","01118d40","01118d89","DAT_01bc4dd8","01bc4dd8","DATA","false","true"
"FUN_01118d40","01118d40","01118d8e","DAT_01bc3cf8","01bc3cf8","DATA","false","true"
"FUN_01118d40","01118d40","01118d96","VCRUNTIME140.DLL::__RTDynamicCast","01831f4c","UNCONDITIONAL_CALL","true","false"
"FUN_01118dd0","01118dd0","01118de0","FUN_01232880","01232880","UNCONDITIONAL_CALL","true","false"
"FUN_01118ff0","01118ff0","01118ff9","DAT_01bbb1c0","01bbb1c0","READ","false","true"
"FUN_01118ff0","01118ff0","01119000","","Stack[-0x14]","WRITE","false","true"
"FUN_01118ff0","01118ff0","01119008","FUN_01287d50","01287d50","UNCONDITIONAL_CALL","true","false"
"FUN_01118ff0","01118ff0","01119011","LAB_01119024","01119024","CONDITIONAL_JUMP","false","false"
"FUN_01118ff0","01118ff0","01119015","","Stack[-0x14]","READ","false","true"
"FUN_01118ff0","01118ff0","0111901b","__security_check_cookie","0179869b","UNCONDITIONAL_CALL","true","false"
"FUN_01118ff0","01118ff0","0111902c","LAB_0111903d","0111903d","CONDITIONAL_JUMP","false","false"
"FUN_01118ff0","01118ff0","01119037","LAB_011190e2","011190e2","CONDITIONAL_JUMP","false","false"
"FUN_01118ff0","01118ff0","01119045","LAB_01119057","01119057","CONDITIONAL_JUMP","false","false"
"FUN_01118ff0","01118ff0","01119051","LAB_011190e2","011190e2","CONDITIONAL_JUMP","false","false"
"FUN_01118ff0","01118ff0","0111905f","LAB_0111906c","0111906c","CONDITIONAL_JUMP","false","false"
"FUN_01118ff0","01118ff0","0111906a","LAB_011190e2","011190e2","CONDITIONAL_JUMP","false","false"
"FUN_01118ff0","01118ff0","01119072","DAT_01bfe474","01bfe474","READ","false","true"
"FUN_01118ff0","01118ff0","011190a6","FUN_00f83b00","00f83b00","UNCONDITIONAL_CALL","true","false"
"FUN_01118ff0","01118ff0","011190ae","LAB_011190e2","011190e2","CONDITIONAL_JUMP","false","false"
"FUN_01118ff0","01118ff0","011190b8","LAB_011190e2","011190e2","CONDITIONAL_JUMP","false","false"
"FUN_01118ff0","01118ff0","011190be","LAB_011190e2","011190e2","CONDITIONAL_JUMP","false","false"
"FUN_01118ff0","01118ff0","011190c0","DAT_01bfe474","01bfe474","READ","false","true"
"FUN_01118ff0","01118ff0","011190ca","LAB_011190e2","011190e2","CONDITIONAL_JUMP","false","false"
"FUN_01118ff0","01118ff0","011190ec","__security_check_cookie","0179869b","UNCONDITIONAL_CALL","true","false"
"FUN_01119160","01119160","01119165","LAB_019866c5","019866c5","DATA","false","true"
"FUN_01119160","01119160","0111916a","ExceptionList","ffdff000","READ","false","true"
"FUN_01119160","01119160","01119174","DAT_01bbb1c0","01bbb1c0","READ","false","true"
"FUN_01119160","01119160","0111917b","","Stack[-0x14]","WRITE","false","true"
"FUN_01119160","01119160","01119181","","Stack[-0x10]","DATA","false","true"
"FUN_01119160","01119160","01119184","ExceptionList","ffdff000","WRITE","false","true"
"FUN_01119160","01119160","0111918c","","Stack[-0x58]","WRITE","false","true"
"FUN_01119160","01119160","0111919c","s_DigimonStatus_New\Digimon_Status_01ad92a8","01ad92a8","DATA","false","true"
"FUN_01119160","01119160","011191a1","FUN_01246da0","01246da0","UNCONDITIONAL_CALL","true","false"
"FUN_01119160","01119160","011191ae","LAB_011193f7","011193f7","CONDITIONAL_JUMP","false","false"
"FUN_01119160","01119160","011191b7","","Stack[-0x34]","WRITE","false","true"
"FUN_01119160","01119160","011191c0","","Stack[-0x30]","WRITE","false","true"
"FUN_01119160","01119160","011191c7","","Stack[-0x44]","WRITE","false","true"
"FUN_01119160","01119160","011191cb","","Stack[-0x44]","WRITE","false","true"
"FUN_01119160","01119160","011191cf","","Stack[-0x18]","WRITE","false","true"
"FUN_01119160","01119160","011191d2","","Stack[-0x8]","WRITE","false","true"
"FUN_01119160","01119160","011191d8","DAT_01bb9b2c","01bb9b2c","READ","false","true"
"FUN_01119160","01119160","011191e2","DAT_01bfe468","01bfe468","READ","false","true"
"FUN_01119160","01119160","011191e7","DAT_01bfb258","01bfb258","READ","false","true"
"FUN_01119160","01119160","011191f0","","Stack[-0x24]","WRITE","false","true"
"FUN_01119160","01119160","011191f3","DAT_01bb9b34","01bb9b34","READ","false","true"
"FUN_01119160","01119160","011191f8","","Stack[-0x50]","WRITE","false","true"
"FUN_01119160","01119160","01119200","","Stack[-0x20]","WRITE","false","true"
"FUN_01119160","01119160","01119207","","Stack[-0x48]","WRITE","false","true"
"FUN_01119160","01119160","01119207","DAT_3f800000","3f800000","DATA","false","true"
"FUN_01119160","01119160","0111920a","","Stack[-0x2c]","WRITE","false","true"
"FUN_01119160","01119160","0111920e","","Stack[-0x1c]","WRITE","false","true"
"FUN_01119160","01119160","01119215","","Stack[-0x28]","WRITE","false","true"
"FUN_01119160","01119160","0111921e","","Stack[-0x98]","DATA","false","true"
"FUN_01119160","01119160","01119221","s_DIGIMONTRANSCENDHELP_EXPLAIN_TAB_01ad931c","01ad931c","DATA","false","true"
"FUN_01119160","01119160","01119226","","Stack[-0x88]","WRITE","false","true"
"FUN_01119160","01119160","0111922d","","Stack[-0x84]","WRITE","false","true"
"FUN_01119160","01119160","01119234","FUN_00f19cc0","00f19cc0","UNCONDITIONAL_CALL","true","false"
"FUN_01119160","01119160","01119239","","Stack[-0x74]","DATA","false","true"
"FUN_01119160","01119160","0111923f","FUN_015ce480","015ce480","UNCONDITIONAL_CALL","true","false"
"FUN_01119160","01119160","01119246","","Stack[-0x8]","WRITE","false","true"
"FUN_01119160","01119160","0111924e","LAB_01119252","01119252","CONDITIONAL_JUMP","false","false"
"FUN_01119160","01119160","01119260","LAB_01119257","01119257","CONDITIONAL_JUMP","false","false"
"FUN_01119160","01119160","01119268","","Stack[-0x44]","DATA","false","true"
"FUN_01119160","01119160","0111926b","FUN_00f1a040","00f1a040","UNCONDITIONAL_CALL","true","false"
"FUN_01119160","01119160","01119270","","Stack[-0x74]","DATA","false","true"
"FUN_01119160","01119160","01119273","","Stack[-0x8]","WRITE","false","true"
"FUN_01119160","01119160","01119277","FUN_00f1a330","00f1a330","UNCONDITIONAL_CALL","true","false"
"FUN_01119160","01119160","0111927c","DAT_01bee890","01bee890","READ","false","true"
"FUN_01119160","01119160","01119288","","Stack[-0x50]","DATA","false","true"
"FUN_01119160","01119160","0111928b","DAT_01bee88c","01bee88c","READ","false","true"
"FUN_01119160","01119160","01119292","FUN_01226310","01226310","UNCONDITIONAL_CALL","true","false"
"FUN_01119160","01119160","0111929f","","Stack[-0x5c]","WRITE","false","true"
"FUN_01119160","01119160","011192a2","operator_new","017986a9","UNCONDITIONAL_CALL","true","false"
"FUN_01119160","01119160","011192ac","","Stack[-0x5c]","READ","false","true"
"FUN_01119160","01119160","011192af","","Stack[-0x54]","WRITE","false","true"
"FUN_01119160","01119160","011192b2","DAT_01ad943c","01ad943c","DATA","false","true"
"FUN_01119160","01119160","011192c4","LAB_011192cf","011192cf","CONDITIONAL_JUMP","false","false"
"FUN_01119160","01119160","011192cc","","Stack[-0x5c]","READ","false","true"
"FUN_01119160","01119160","011192d1","LAB_011198d0","011198d0","DATA","false","true"
"FUN_01119160","01119160","011192e2","FUN_01119930","01119930","UNCONDITIONAL_CALL","true","false"
"FUN_01119160","01119160","011192e7","DAT_01bfb258","01bfb258","READ","false","true"
"FUN_01119160","01119160","01119301","s_DIGIMONTRANSCENDHELP_EXPLAIN_TAB_01ad92f4","01ad92f4","DATA","false","true"
"FUN_01119160","01119160","01119314","FUN_00f19cc0","00f19cc0","UNCONDITIONAL_CALL","true","false"
"FUN_01119160","01119160","0111931c","FUN_015ce480","015ce480","UNCONDITIONAL_CALL","true","false"
"FUN_01119160","01119160","01119321","","Stack[-0x58]","READ","false","true"
"FUN_01119160","01119160","01119330","FUN_01119420","01119420","UNCONDITIONAL_CALL","true","false"
"FUN_01119160","01119160","01119335","DAT_01bfb258","01bfb258","READ","false","true"
"FUN_01119160","01119160","0111934f","s_DIGIMONTRANSCENDHELP_EXPLAIN_TAB_01ad936c","01ad936c","DATA","false","true"
"FUN_01119160","01119160","01119362","FUN_00f19cc0","00f19cc0","UNCONDITIONAL_CALL","true","false"
"FUN_01119160","01119160","0111936a","FUN_015ce480","015ce480","UNCONDITIONAL_CALL","true","false"
"FUN_01119160","01119160","0111936f","","Stack[-0x58]","READ","false","true"
"FUN_01119160","01119160","01119381","FUN_01119420","01119420","UNCONDITIONAL_CALL","true","false"
"FUN_01119160","01119160","01119386","DAT_01bfb258","01bfb258","READ","false","true"
"FUN_01119160","01119160","011193a0","s_DIGIMONTRANSCENDHELP_EXPLAIN_TAB_01ad9344","01ad9344","DATA","false","true"
"FUN_01119160","01119160","011193b3","FUN_00f19cc0","00f19cc0","UNCONDITIONAL_CALL","true","false"
"FUN_01119160","01119160","011193bb","FUN_015ce480","015ce480","UNCONDITIONAL_CALL","true","false"
"FUN_01119160","01119160","011193c0","","Stack[-0x58]","READ","false","true"
"FUN_01119160","01119160","011193d4","FUN_01119420","01119420","UNCONDITIONAL_CALL","true","false"
"FUN_01119160","01119160","011193e3","FUN_01227420","01227420","UNCONDITIONAL_CALL","true","false"
"FUN_01119160","01119160","011193e8","","Stack[-0x44]","DATA","false","true"
"FUN_01119160","01119160","011193eb","","Stack[-0x24]","WRITE","false","true"
"FUN_01119160","01119160","011193f2","FUN_00f1a330","00f1a330","UNCONDITIONAL_CALL","true","false"
"FUN_01119160","01119160","011193f7","","Stack[-0x10]","READ","false","true"
"FUN_01119160","01119160","011193fa","ExceptionList","ffdff000","WRITE","false","true"
"FUN_01119160","01119160","01119404","","Stack[-0x14]","READ","false","true"
"FUN_01119160","01119160","01119409","__security_check_cookie","0179869b","UNCONDITIONAL_CALL","true","false"
"FUN_01119590","01119590","01119595","LAB_01986745","01986745","DATA","false","true"
"FUN_01119590","01119590","0111959a","ExceptionList","ffdff000","READ","false","true"
"FUN_01119590","01119590","011195a7","DAT_01bbb1c0","01bbb1c0","READ","false","true"
"FUN_01119590","01119590","011195ae","","Stack[-0x14]","WRITE","false","true"
"FUN_01119590","01119590","011195b4","","Stack[-0x10]","DATA","false","true"
"FUN_01119590","01119590","011195b7","ExceptionList","ffdff000","WRITE","false","true"
"FUN_01119590","01119590","011195c7","FUN_01232880","01232880","UNCONDITIONAL_CALL","true","false"
"FUN_01119590","01119590","011195cf","","Stack[-0x1c]","WRITE","false","true"
"FUN_01119590","01119590","011195d8","","Stack[-0x18]","WRITE","false","true"
"FUN_01119590","01119590","011195df","","Stack[-0x2c]","WRITE","false","true"
"FUN_01119590","01119590","011195e3","","Stack[-0x2c]","WRITE","false","true"
"FUN_01119590","01119590","011195e7","","Stack[-0x8]","WRITE","false","true"
"FUN_01119590","01119590","011195ea","","Stack[0x4]","READ","false","true"
"FUN_01119590","01119590","011195f0","switchD_011195f6::default","011197ce","CONDITIONAL_JUMP","false","false"
"FUN_01119590","01119590","011195f6","switchD_011195f6::caseD_0","011195fd","COMPUTED_JUMP","false","false"
"FUN_01119590","01119590","011195f6","switchD_011195f6::caseD_1","01119672","COMPUTED_JUMP","false","false"
"FUN_01119590","01119590","011195f6","switchD_011195f6::caseD_2","011196e7","COMPUTED_JUMP","false","false"
"FUN_01119590","01119590","011195f6","switchD_011195f6::caseD_3","01119759","COMPUTED_JUMP","false","false"
"FUN_01119590","01119590","011195f6","switchD_011195f6::switchdataD_011198b8","011198b8","DATA","false","true"
"FUN_01119590","01119590","011195fd","DAT_01bfb258","01bfb258","READ","false","true"
"FUN_01119590","01119590","0111960d","s_DIGIMONTRANSCENDHELP_EXPLAIN_SYS_01ad93bc","01ad93bc","DATA","false","true"
"FUN_01119590","01119590","01119620","FUN_00f19cc0","00f19cc0","UNCONDITIONAL_CALL","true","false"
"FUN_01119590","01119590","0111962e","FUN_015ce480","015ce480","UNCONDITIONAL_CALL","true","false"
"FUN_01119590","01119590","0111963a","LAB_01119667","01119667","CONDITIONAL_JUMP","false","false"
"FUN_01119590","01119590","0111963e","FUN_00f1a330","00f1a330","UNCONDITIONAL_CALL","true","false"
"FUN_01119590","01119590","0111966d","LAB_011197c9","011197c9","UNCONDITIONAL_JUMP","false","false"
"FUN_01119590","01119590","01119672","DAT_01bfb258","01bfb258","READ","false","true"
"FUN_01119590","01119590","01119682","s_DIGIMONTRANSCENDHELP_EXPLAIN_TER_01ad9398","01ad9398","DATA","false","true"
"FUN_01119590","01119590","01119695","FUN_00f19cc0","00f19cc0","UNCONDITIONAL_CALL","true","false"
"FUN_01119590","01119590","011196a3","FUN_015ce480","015ce480","UNCONDITIONAL_CALL","true","false"
"FUN_01119590","01119590","011196af","LAB_011196dc","011196dc","CONDITIONAL_JUMP","false","false"
"FUN_01119590","01119590","011196b3","FUN_00f1a330","00f1a330","UNCONDITIONAL_CALL","true","false"
"FUN_01119590","01119590","011196e2","LAB_011197c9","011197c9","UNCONDITIONAL_JUMP","false","false"
"FUN_01119590","01119590","011196e7","DAT_01bfb258","01bfb258","READ","false","true"
"FUN_01119590","01119590","011196f7","s_DIGIMONTRANSCENDHELP_EXPLAIN_PRO_01ad9404","01ad9404","DATA","false","true"
"FUN_01119590","01119590","0111970a","FUN_00f19cc0","00f19cc0","UNCONDITIONAL_CALL","true","false"
"FUN_01119590","01119590","01119718","FUN_015ce480","015ce480","UNCONDITIONAL_CALL","true","false"
"FUN_01119590","01119590","01119724","LAB_01119751","01119751","CONDITIONAL_JUMP","false","false"
"FUN_01119590","01119590","01119728","FUN_00f1a330","00f1a330","UNCONDITIONAL_CALL","true","false"
"FUN_01119590","01119590","01119757","LAB_011197c9","011197c9","UNCONDITIONAL_JUMP","false","false"
"FUN_01119590","01119590","01119759","DAT_01bfb258","01bfb258","READ","false","true"
"FUN_01119590","01119590","01119769","s_DIGIMONTRANSCENDHELP_EXPLAIN_CHA_01ad93e0","01ad93e0","DATA","false","true"
"FUN_01119590","01119590","0111977c","FUN_00f19cc0","00f19cc0","UNCONDITIONAL_CALL","true","false"
"FUN_01119590","01119590","0111978a","FUN_015ce480","015ce480","UNCONDITIONAL_CALL","true","false"
"FUN_01119590","01119590","01119796","LAB_011197c3","011197c3","CONDITIONAL_JUMP","false","false"
"FUN_01119590","01119590","0111979a","FUN_00f1a330","00f1a330","UNCONDITIONAL_CALL","true","false"
"FUN_01119590","01119590","011197c9","FUN_00f1a330","00f1a330","UNCONDITIONAL_CALL","true","false"
"FUN_01119590","01119590","011197d1","","Stack[-0x4c]","WRITE","false","true"
"FUN_01119590","01119590","011197da","","Stack[-0x48]","WRITE","false","true"
"FUN_01119590","01119590","011197e1","","Stack[-0x5c]","WRITE","false","true"
"FUN_01119590","01119590","011197e5","","Stack[-0x5c]","WRITE","false","true"
"FUN_01119590","01119590","011197e9","","Stack[-0x30]","WRITE","false","true"
"FUN_01119590","01119590","011197ec","","Stack[-0x8]","WRITE","false","true"
"FUN_01119590","01119590","011197f0","","Stack[-0x68]","DATA","false","true"
"FUN_01119590","01119590","011197f3","DAT_01bfe468","01bfe468","READ","false","true"
"FUN_01119590","01119590","011197f8","DAT_01b02744","01b02744","READ","false","true"
"FUN_01119590","01119590","01119803","","Stack[-0x18]","READ","false","true"
"FUN_01119590","01119590","01119807","","Stack[-0x3c]","WRITE","false","true"
"FUN_01119590","01119590","0111980a","","Stack[-0x70]","WRITE","false","true"
"FUN_01119590","01119590","0111980a","DAT_3f7ae148","3f7ae148","DATA","false","true"
"FUN_01119590","01119590","01119811","","Stack[-0x70]","READ","false","true"
"FUN_01119590","01119590","01119814","","Stack[-0x60]","WRITE","false","true"
"FUN_01119590","01119590","01119814","DAT_3f7ae148","3f7ae148","DATA","false","true"
"FUN_01119590","01119590","01119817","","Stack[-0x2c]","DATA","false","true"
"FUN_01119590","01119590","0111981a","","Stack[-0x2c]","DATA","false","true"
"FUN_01119590","01119590","0111982f","","Stack[-0x38]","WRITE","false","true"
"FUN_01119590","01119590","01119836","","Stack[-0x68]","WRITE","false","true"
"FUN_01119590","01119590","0111983b","","Stack[-0x44]","WRITE","false","true"
"FUN_01119590","01119590","0111983f","","Stack[-0x34]","WRITE","false","true"
"FUN_01119590","01119590","01119846","","Stack[-0x40]","WRITE","false","true"
"FUN_01119590","01119590","0111984d","FUN_012543f0","012543f0","UNCONDITIONAL_CALL","true","false"
"FUN_01119590","01119590","0111985a","LAB_01119882","01119882","CONDITIONAL_JUMP","false","false"
"FUN_01119590","01119590","0111986c","LAB_01119873","01119873","CONDITIONAL_JUMP","false","false"
"FUN_01119590","01119590","01119871","LAB_01119882","01119882","CONDITIONAL_JUMP","false","false"
"FUN_01119590","01119590","0111987d","FUN_0124a620","0124a620","UNCONDITIONAL_CALL","true","false"
"FUN_01119590","01119590","01119882","","Stack[-0x5c]","DATA","false","true"
"FUN_01119590","01119590","01119885","","Stack[-0x3c]","WRITE","false","true"
"FUN_01119590","01119590","0111988c","FUN_00f1a330","00f1a330","UNCONDITIONAL_CALL","true","false"
"FUN_01119590","01119590","01119891","","Stack[-0x2c]","DATA","false","true"
"FUN_01119590","01119590","01119894","FUN_00f1a330","00f1a330","UNCONDITIONAL_CALL","true","false"
"FUN_01119590","01119590","01119899","","Stack[-0x10]","READ","false","true"
"FUN_01119590","01119590","0111989c","ExceptionList","ffdff000","WRITE","false","true"
"FUN_01119590","01119590","011198a6","","Stack[-0x14]","READ","false","true"
"FUN_01119590","01119590","011198ab","__security_check_cookie","0179869b","UNCONDITIONAL_CALL","true","false"
"FUN_0111c800","0111c800","0111c80b","LAB_0111c91e","0111c91e","CONDITIONAL_JUMP","false","false"
"FUN_0111c800","0111c800","0111c813","DAT_01bc50f0","01bc50f0","DATA","false","true"
"FUN_0111c800","0111c800","0111c818","DAT_01bc4a94","01bc4a94","DATA","false","true"
"FUN_0111c800","0111c800","0111c822","VCRUNTIME140.DLL::__RTDynamicCast","01831f4c","UNCONDITIONAL_CALL","true","false"
"FUN_0111c800","0111c800","0111c82c","LAB_0111c91e","0111c91e","CONDITIONAL_JUMP","false","false"
"FUN_0111c800","0111c800","0111c86a","DAT_01bfb32c","01bfb32c","READ","false","true"
"FUN_0111c800","0111c800","0111c872","LAB_0111c8a3","0111c8a3","CONDITIONAL_JUMP","false","false"
"FUN_0111c800","0111c800","0111c876","s_System\transcendental.wav_01ad8f48","01ad8f48","DATA","false","true"
"FUN_0111c800","0111c800","0111c882","LAB_0111c894","0111c894","CONDITIONAL_JUMP","false","false"
"FUN_0111c800","0111c800","0111c884","DAT_01bfb32c","01bfb32c","READ","false","true"
"FUN_0111c800","0111c800","0111c88a","s_System\transcendental.wav_01ad8f48","01ad8f48","DATA","false","true"
"FUN_0111c800","0111c800","0111c894","DAT_01bfb32c","01bfb32c","READ","false","true"
"FUN_0111c800","0111c800","0111c89a","s_System\transcendental.wav_01ad8f48","01ad8f48","DATA","false","true"
"FUN_0111c800","0111c800","0111c8ab","LAB_0111c8b4","0111c8b4","CONDITIONAL_JUMP","false","false"
"FUN_0111c800","0111c800","0111c8bc","LAB_0111c8c5","0111c8c5","CONDITIONAL_JUMP","false","false"
"FUN_0111c800","0111c800","0111c8cd","LAB_0111c8d6","0111c8d6","CONDITIONAL_JUMP","false","false"
"FUN_0111c800","0111c800","0111c8db","LAB_0111c8e4","0111c8e4","CONDITIONAL_JUMP","false","false"
"FUN_0111c800","0111c800","0111c8ec","LAB_0111c8f5","0111c8f5","CONDITIONAL_JUMP","false","false"
"FUN_0111c800","0111c800","0111c8fd","LAB_0111c906","0111c906","CONDITIONAL_JUMP","false","false"
"FUN_0111c800","0111c800","0111c90e","LAB_0111c91e","0111c91e","CONDITIONAL_JUMP","false","false"
"FUN_01147380","01147380","01147384","","Stack[0x4]","READ","false","true"
"FUN_01147380","01147380","01147388","s_PageName_01adb9ec","01adb9ec","DATA","false","true"
"FUN_01147380","01147380","0114738d","FUN_01505ad0","01505ad0","UNCONDITIONAL_CALL","true","false"
"FUN_01147380","01147380","01147396","LAB_011473dc","011473dc","CONDITIONAL_JUMP","false","false"
"FUN_01147380","01147380","01147398","s_DigimonEnchantPage_01adba18","01adba18","DATA","false","true"
"FUN_01147380","01147380","0114739e","PTR__stricmp_019ecaa4","019ecaa4","READ","false","true"
"FUN_01147380","01147380","0114739e","UCRTBASE.DLL::_stricmp","EXTERNAL:00000280","COMPUTED_CALL","true","false"
"FUN_01147380","01147380","011473a9","LAB_011473ba","011473ba","CONDITIONAL_JUMP","false","false"
"FUN_01147380","01147380","011473ba","s_DigimonDataTradePage_01adba00","01adba00","DATA","false","true"
"FUN_01147380","01147380","011473c0","PTR__stricmp_019ecaa4","019ecaa4","READ","false","true"
"FUN_01147380","01147380","011473c0","UCRTBASE.DLL::_stricmp","EXTERNAL:00000280","COMPUTED_CALL","true","false"
"FUN_01147380","01147380","011473cb","LAB_011473dc","011473dc","CONDITIONAL_JUMP","false","false"
"FUN_01180930","01180930","01180931","","Stack[0x8]","READ","false","true"
"FUN_01180930","01180930","0118093e","switchD_01180940::default","011809b0","CONDITIONAL_JUMP","false","false"
"FUN_01180930","01180930","01180940","switchD_01180940::caseD_2","01180947","COMPUTED_JUMP","false","false"
"FUN_01180930","01180930","01180940","switchD_01180940::caseD_3","01180986","COMPUTED_JUMP","false","false"
"FUN_01180930","01180930","01180940","switchD_01180940::caseD_4","01180994","COMPUTED_JUMP","false","false"
"FUN_01180930","01180930","01180940","switchD_01180940::caseD_5","011809a2","COMPUTED_JUMP","false","false"
"FUN_01180930","01180930","01180940","switchD_01180940::switchdataD_011809e0","011809e0","DATA","false","true"
"FUN_01180930","01180930","0118094e","s_COMMON_TXT_ATTRIBUTE_01ade03c","01ade03c","DATA","false","true"
"FUN_01180930","01180930","01180953","DAT_01bfb258","01bfb258","READ","false","true"
"FUN_01180930","01180930","0118095c","","Stack[-0x24]","DATA","false","true"
"FUN_01180930","01180930","0118095f","","Stack[-0x10]","WRITE","false","true"
"FUN_01180930","01180930","01180966","","Stack[-0x14]","WRITE","false","true"
"FUN_01180930","01180930","0118096d","FUN_00f19cc0","00f19cc0","UNCONDITIONAL_CALL","true","false"
"FUN_01180930","01180930","01180972","","Stack[0x4]","READ","false","true"
"FUN_01180930","01180930","01180979","FUN_015ce480","015ce480","UNCONDITIONAL_CALL","true","false"
"FUN_01180930","01180930","0118099b","s_TOOLTIP_ENCHANT_EXPLAIN_TITLE_AT_01ade08c","01ade08c","DATA","false","true"
"FUN_01180930","01180930","011809a0","LAB_01180953","01180953","UNCONDITIONAL_JUMP","false","false"
"FUN_01180930","01180930","011809a9","s_TOOLTIP_COOL_TIME_01ade0c8","01ade0c8","DATA","false","true"
"FUN_01180930","01180930","011809ae","LAB_01180953","01180953","UNCONDITIONAL_JUMP","false","false"
"FUN_01180930","01180930","011809b0","","Stack[0x4]","READ","false","true"
"FUN_01180930","01180930","011809b9","DAT_01ac5dd8","01ac5dd8","DATA","false","true"
"FUN_01180930","01180930","011809d1","FUN_00f1a200","00f1a200","UNCONDITIONAL_CALL","true","false"
"FUN_011d2a20","011d2a20","011d2a28","","Stack[0x14]","READ","false","true"
"FUN_011d2a20","011d2a20","011d2a2d","","Stack[0x10]","READ","false","true"
"FUN_011d2a20","011d2a20","011d2a30","","Stack[0xc]","READ","false","true"
"FUN_011d2a20","011d2a20","011d2a33","","Stack[0x8]","READ","false","true"
"FUN_011d2a20","011d2a20","011d2a40","","Stack[0x4]","READ","false","true"
"FUN_011d2a20","011d2a20","011d2a43","FUN_012459a0","012459a0","UNCONDITIONAL_CALL","true","false"
"FUN_011d2a20","011d2a20","011d2a48","DAT_01bb9b2c","01bb9b2c","READ","false","true"
"FUN_011d2a20","011d2a20","011d2a50","DAT_01bb9b34","01bb9b34","READ","false","true"
"FUN_011d2a20","011d2a20","011d2a6b","","Stack[-0x30]","DATA","false","true"
"FUN_011d2a20","011d2a20","011d2a6f","","Stack[-0x28]","WRITE","false","true"
"FUN_011d2a20","011d2a20","011d2a6f","DAT_3f800000","3f800000","DATA","false","true"
"FUN_011d2a20","011d2a20","011d2a74","s_DetailInfo\TamerStatus_Win_03_bg_01ae2b68","01ae2b68","DATA","false","true"
"FUN_011d2a20","011d2a20","011d2a79","FUN_01246800","01246800","UNCONDITIONAL_CALL","true","false"
"FUN_011d2a20","011d2a20","011d2a7e","DAT_01bb9b2c","01bb9b2c","READ","false","true"
"FUN_011d2a20","011d2a20","011d2a86","DAT_01bb9b34","01bb9b34","READ","false","true"
"FUN_011d2a20","011d2a20","011d2aa4","","Stack[-0x30]","DATA","false","true"
"FUN_011d2a20","011d2a20","011d2aa8","","Stack[-0x28]","WRITE","false","true"
"FUN_011d2a20","011d2a20","011d2aa8","DAT_3f800000","3f800000","DATA","false","true"
"FUN_011d2a20","011d2a20","011d2aad","s_DetailInfo\Digimon_Status_Win.tg_01ae2b44","01ae2b44","DATA","false","true"
"FUN_011d2a20","011d2a20","011d2ab2","FUN_01246800","01246800","UNCONDITIONAL_CALL","true","false"
"FUN_011d2a20","011d2a20","011d2ab9","FUN_011d2b30","011d2b30","UNCONDITIONAL_CALL","true","false"
"FUN_011d2a20","011d2a20","011d2ac0","FUN_011d3690","011d3690","UNCONDITIONAL_CALL","true","false"
"FUN_011d2a20","011d2a20","011d2ac7","FUN_011d3b00","011d3b00","UNCONDITIONAL_CALL","true","false"
"FUN_011d2a20","011d2a20","011d2ace","FUN_011d30b0","011d30b0","UNCONDITIONAL_CALL","true","false"
"FUN_011d2a20","011d2a20","011d2ad5","FUN_011d4320","011d4320","UNCONDITIONAL_CALL","true","false"
"FUN_011d2a20","011d2a20","011d2adc","FUN_011d4bd0","011d4bd0","UNCONDITIONAL_CALL","true","false"
"FUN_011d2a20","011d2a20","011d2ae1","","Stack[0x4]","READ","false","true"
"FUN_011d2a20","011d2a20","011d2ae6","FUN_011d50f0","011d50f0","UNCONDITIONAL_CALL","true","false"
"FUN_011d2a20","011d2a20","011d2afe","s_DetailInfo\zoom_in_aa.tga_01ae2cc8","01ae2cc8","DATA","false","true"
"FUN_011d2a20","011d2a20","011d2b05","FUN_012462c0","012462c0","UNCONDITIONAL_CALL","true","false"
"FUN_011d2a20","011d2a20","011d2b12","LAB_011d2b24","011d2b24","CONDITIONAL_JUMP","false","false"
"FUN_011d2a20","011d2a20","011d2b16","FUN_011d5d40","011d5d40","DATA","false","true"
"FUN_011d2a20","011d2a20","011d2b1f","FUN_011d5e00","011d5e00","UNCONDITIONAL_CALL","true","false"
"FUN_011d4320","011d4320","011d432d","","Stack[0x0]","READ","false","true"
"FUN_011d4320","011d4320","011d4330","","Stack[-0xc]","WRITE","false","true"
"FUN_011d4320","011d4320","011d4338","LAB_0199326e","0199326e","DATA","false","true"
"FUN_011d4320","011d4320","011d433d","ExceptionList","ffdff000","READ","false","true"
"FUN_011d4320","011d4320","011d434b","DAT_01bbb1c0","01bbb1c0","READ","false","true"
"FUN_011d4320","011d4320","011d4352","","Stack[-0x24]","WRITE","false","true"
"FUN_011d4320","011d4320","011d4358","","Stack[-0x1c]","DATA","false","true"
"FUN_011d4320","011d4320","011d435b","ExceptionList","ffdff000","WRITE","false","true"
"FUN_011d4320","011d4320","011d4363","","Stack[-0x94]","WRITE","false","true"
"FUN_011d4320","011d4320","011d4369","","Stack[-0x90]","WRITE","false","true"
"FUN_011d4320","011d4320","011d4375","","Stack[-0x5c]","WRITE","false","true"
"FUN_011d4320","011d4320","011d437c","","Stack[-0x6c]","WRITE","false","true"
"FUN_011d4320","011d4320","011d4380","","Stack[-0x58]","WRITE","false","true"
"FUN_011d4320","011d4320","011d4387","","Stack[-0x6c]","WRITE","false","true"
"FUN_011d4320","011d4320","011d438b","","Stack[-0x40]","WRITE","false","true"
"FUN_011d4320","011d4320","011d438e","","Stack[-0x14]","WRITE","false","true"
"FUN_011d4320","011d4320","011d4394","DAT_01b02744","01b02744","READ","false","true"
"FUN_011d4320","011d4320","011d439e","DAT_01bfe468","01bfe468","READ","false","true"
"FUN_011d4320","011d4320","011d43a6","DAT_01bfb258","01bfb258","READ","false","true"
"FUN_011d4320","011d4320","011d43af","","Stack[-0x4c]","WRITE","false","true"
"FUN_011d4320","011d4320","011d43b5","","Stack[-0x78]","WRITE","false","true"
"FUN_011d4320","011d4320","011d43bd","","Stack[-0x48]","WRITE","false","true"
"FUN_011d4320","011d4320","011d43c4","","Stack[-0x54]","WRITE","false","true"
"FUN_011d4320","011d4320","011d43c8","","Stack[-0x44]","WRITE","false","true"
"FUN_011d4320","011d4320","011d43cf","","Stack[-0x50]","WRITE","false","true"
"FUN_011d4320","011d4320","011d43d6","","Stack[-0xa8]","WRITE","false","true"
"FUN_011d4320","011d4320","011d43d6","DAT_3f7ae148","3f7ae148","DATA","false","true"
"FUN_011d4320","011d4320","011d43e0","","Stack[-0xa8]","READ","false","true"
"FUN_011d4320","011d4320","011d43e6","","Stack[-0x70]","WRITE","false","true"
"FUN_011d4320","011d4320","011d43e6","DAT_3f7ae148","3f7ae148","DATA","false","true"
"FUN_011d4320","011d4320","011d43eb","","Stack[-0x10c]","DATA","false","true"
"FUN_011d4320","011d4320","011d43ee","s_ENCHANTTACTICS_TITLE_DIGIMON_ENC_01ae2c18","01ae2c18","DATA","false","true"
"FUN_011d4320","011d4320","011d43f3","","Stack[-0xd0]","WRITE","false","true"
"FUN_011d4320","011d4320","011d43f3","DAT_3f7ae148","3f7ae148","DATA","false","true"
"FUN_011d4320","011d4320","011d43fa","","Stack[-0xfc]","WRITE","false","true"
"FUN_011d4320","011d4320","011d4401","","Stack[-0xf8]","WRITE","false","true"
"FUN_011d4320","011d4320","011d4408","FUN_00f19cc0","00f19cc0","UNCONDITIONAL_CALL","true","false"
"FUN_011d4320","011d4320","011d440d","","Stack[-0x3c]","DATA","false","true"
"FUN_011d4320","011d4320","011d4413","FUN_015ce480","015ce480","UNCONDITIONAL_CALL","true","false"
"FUN_011d4320","011d4320","011d441a","","Stack[-0x14]","WRITE","false","true"
"FUN_011d4320","011d4320","011d4422","LAB_011d4426","011d4426","CONDITIONAL_JUMP","false","false"
"FUN_011d4320","011d4320","011d4439","LAB_011d4430","011d4430","CONDITIONAL_JUMP","false","false"
"FUN_011d4320","011d4320","011d4441","","Stack[-0x6c]","DATA","false","true"
"FUN_011d4320","011d4320","011d4444","FUN_00f1a040","00f1a040","UNCONDITIONAL_CALL","true","false"
"FUN_011d4320","011d4320","011d4449","","Stack[-0x3c]","DATA","false","true"
"FUN_011d4320","011d4320","011d444c","","Stack[-0x14]","WRITE","false","true"
"FUN_011d4320","011d4320","011d4450","FUN_00f1a330","00f1a330","UNCONDITIONAL_CALL","true","false"
"FUN_011d4320","011d4320","011d4461","","Stack[-0x78]","DATA","false","true"
"FUN_011d4320","011d4320","011d4467","FUN_01246bb0","01246bb0","UNCONDITIONAL_CALL","true","false"
"FUN_011d4320","011d4320","011d446c","","Stack[-0x6c]","DATA","false","true"
"FUN_011d4320","011d4320","011d446f","","Stack[-0x4c]","WRITE","false","true"
"FUN_011d4320","011d4320","011d4476","FUN_00f1a330","00f1a330","UNCONDITIONAL_CALL","true","false"
"FUN_011d4320","011d4320","011d447e","","Stack[-0x5c]","WRITE","false","true"
"FUN_011d4320","011d4320","011d4487","","Stack[-0x58]","WRITE","false","true"
"FUN_011d4320","011d4320","011d448e","","Stack[-0x6c]","WRITE","false","true"
"FUN_011d4320","011d4320","011d4492","","Stack[-0x6c]","WRITE","false","true"
"FUN_011d4320","011d4320","011d4496","","Stack[-0x40]","WRITE","false","true"
"FUN_011d4320","011d4320","011d4499","","Stack[-0x14]","WRITE","false","true"
"FUN_011d4320","011d4320","011d44a0","DAT_01bfe468","01bfe468","READ","false","true"
"FUN_011d4320","011d4320","011d44a5","","Stack[-0xd0]","READ","false","true"
"FUN_011d4320","011d4320","011d44af","","Stack[-0xa8]","WRITE","false","true"
"FUN_011d4320","011d4320","011d44af","DAT_3f7ae148","3f7ae148","DATA","false","true"
"FUN_011d4320","011d4320","011d44b9","","Stack[-0x4c]","WRITE","false","true"
"FUN_011d4320","011d4320","011d44bc","","Stack[-0xa8]","READ","false","true"
"FUN_011d4320","011d4320","011d44c5","","Stack[-0x70]","WRITE","false","true"
"FUN_011d4320","011d4320","011d44c5","DAT_3f7ae148","3f7ae148","DATA","false","true"
"FUN_011d4320","011d4320","011d44cb","","Stack[-0x48]","WRITE","false","true"
"FUN_011d4320","011d4320","011d44d2","","Stack[-0x78]","WRITE","false","true"
"FUN_011d4320","011d4320","011d44d7","","Stack[-0x54]","WRITE","false","true"
"FUN_011d4320","011d4320","011d44db","","Stack[-0x44]","WRITE","false","true"
"FUN_011d4320","011d4320","011d44e2","","Stack[-0x50]","WRITE","false","true"
"FUN_011d4320","011d4320","011d44e9","","Stack[-0x14]","WRITE","false","true"
"FUN_011d4320","011d4320","011d44f0","","Stack[-0x3c]","WRITE","false","true"
"FUN_011d4320","011d4320","011d44f6","","Stack[-0x2c]","WRITE","false","true"
"FUN_011d4320","011d4320","011d44fd","","Stack[-0x28]","WRITE","false","true"
"FUN_011d4320","011d4320","011d4504","","Stack[-0x3c]","WRITE","false","true"
"FUN_011d4320","011d4320","011d4512","","Stack[-0x3c]","DATA","false","true"
"FUN_011d4320","011d4320","011d4515","","Stack[-0x90]","WRITE","false","true"
"FUN_011d4320","011d4320","011d451c","u_%d/%d_01ace96c","01ace96c","DATA","false","true"
"FUN_011d4320","011d4320","011d4522","FUN_01500f80","01500f80","UNCONDITIONAL_CALL","true","false"
"FUN_011d4320","011d4320","011d452a","","Stack[-0x3c]","DATA","false","true"
"FUN_011d4320","011d4320","011d452d","","Stack[-0x28]","READ","false","true"
"FUN_011d4320","011d4320","011d4531","","Stack[-0x3c]","DATA","false","true"
"FUN_011d4320","011d4320","011d4537","","Stack[-0x3a]","DATA","false","true"
"FUN_011d4320","011d4320","011d4540","","Stack[-0x3c]","DATA","false","true"
"FUN_011d4320","011d4320","011d4549","LAB_011d4540","011d4540","CONDITIONAL_JUMP","false","false"
"FUN_011d4320","011d4320","011d4551","","Stack[-0x6c]","DATA","false","true"
"FUN_011d4320","011d4320","011d4554","FUN_00f1a040","00f1a040","UNCONDITIONAL_CALL","true","false"
"FUN_011d4320","011d4320","011d4559","","Stack[-0x3c]","DATA","false","true"
"FUN_011d4320","011d4320","011d455c","","Stack[-0x84]","WRITE","false","true"
"FUN_011d4320","011d4320","011d4563","","Stack[-0x14]","WRITE","false","true"
"FUN_011d4320","011d4320","011d4567","FUN_00f1a330","00f1a330","UNCONDITIONAL_CALL","true","false"
"FUN_011d4320","011d4320","011d4578","","Stack[-0x78]","DATA","false","true"
"FUN_011d4320","011d4320","011d457e","FUN_01246bb0","01246bb0","UNCONDITIONAL_CALL","true","false"
"FUN_011d4320","011d4320","011d4583","","Stack[-0x78]","DATA","false","true"
"FUN_011d4320","011d4320","011d4586","FUN_01250310","01250310","UNCONDITIONAL_CALL","true","false"
"FUN_011d4320","011d4320","011d4597","","Stack[-0x90]","WRITE","false","true"
"FUN_011d4320","011d4320","011d459a","FUN_016830c0","016830c0","UNCONDITIONAL_CALL","true","false"
"FUN_011d4320","011d4320","011d45a4","","Stack[-0x9c]","WRITE","false","true"
"FUN_011d4320","011d4320","011d45aa","","Stack[-0x14]","WRITE","false","true"
"FUN_011d4320","011d4320","011d45b0","LAB_011d45cb","011d45cb","CONDITIONAL_JUMP","false","false"
"FUN_011d4320","011d4320","011d45ba","VCRUNTIME140.DLL::memset","01831f34","UNCONDITIONAL_CALL","true","false"
"FUN_011d4320","011d4320","011d45c4","FUN_0123de10","0123de10","UNCONDITIONAL_CALL","true","false"
"FUN_011d4320","011d4320","011d45c9","LAB_011d45cd","011d45cd","UNCONDITIONAL_JUMP","false","false"
"FUN_011d4320","011d4320","011d45cd","","Stack[-0x7c]","WRITE","false","true"
"FUN_011d4320","011d4320","011d45d0","","Stack[-0x14]","WRITE","false","true"
"FUN_011d4320","011d4320","011d45d6","LAB_011d45e8","011d45e8","CONDITIONAL_JUMP","false","false"
"FUN_011d4320","011d4320","011d45d8","","Stack[-0x6c]","DATA","false","true"
"FUN_011d4320","011d4320","011d45db","","Stack[-0x4c]","WRITE","false","true"
"FUN_011d4320","011d4320","011d45de","FUN_00f1a330","00f1a330","UNCONDITIONAL_CALL","true","false"
"FUN_011d4320","011d4320","011d45e3","LAB_011d4b97","011d4b97","UNCONDITIONAL_JUMP","false","false"
"FUN_011d4320","011d4320","011d45e8","DAT_01bb9b2c","01bb9b2c","READ","false","true"
"FUN_011d4320","011d4320","011d45f3","DAT_01bb9b34","01bb9b34","READ","false","true"
"FUN_011d4320","011d4320","011d45fe","s_DigimonStatus_New\Digimon_Status_01ae2c80","01ae2c80","DATA","false","true"
"FUN_011d4320","011d4320","011d4603","","Stack[-0xb0]","WRITE","false","true"
"FUN_011d4320","011d4320","011d460b","FUN_00f19f10","00f19f10","UNCONDITIONAL_CALL","true","false"
"FUN_011d4320","011d4320","011d4613","","Stack[-0x2c]","WRITE","false","true"
"FUN_011d4320","011d4320","011d461a","","Stack[-0x3c]","WRITE","false","true"
"FUN_011d4320","011d4320","011d461e","","Stack[-0x28]","WRITE","false","true"
"FUN_011d4320","011d4320","011d4625","","Stack[-0x3c]","WRITE","false","true"
"FUN_011d4320","011d4320","011d4629","s_DigimonStatus_New\Digimon_Status_01ae2c80","01ae2c80","DATA","false","true"
"FUN_011d4320","011d4320","011d462e","DAT_01bfbd40","01bfbd40","DATA","false","true"
"FUN_011d4320","011d4320","011d4633","","Stack[-0x3c]","DATA","false","true"
"FUN_011d4320","011d4320","011d4636","","Stack[-0x14]","WRITE","false","true"
"FUN_011d4320","011d4320","011d463a","DAT_01ae7290","01ae7290","DATA","false","true"
"FUN_011d4320","011d4320","011d4640","FUN_015010a0","015010a0","UNCONDITIONAL_CALL","true","false"
"FUN_011d4320","011d4320","011d4645","","Stack[-0x7c]","READ","false","true"
"FUN_011d4320","011d4320","011d4648","","Stack[-0x3c]","DATA","false","true"
"FUN_011d4320","011d4320","011d464f","FUN_0124ef30","0124ef30","UNCONDITIONAL_CALL","true","false"
"FUN_011d4320","011d4320","011d4654","","Stack[-0xb0]","READ","false","true"
"FUN_011d4320","011d4320","011d4663","","Stack[-0x100]","DATA","false","true"
"FUN_011d4320","011d4320","011d4667","","Stack[-0xf8]","WRITE","false","true"
"FUN_011d4320","011d4320","011d4667","DAT_3f800000","3f800000","DATA","false","true"
"FUN_011d4320","011d4320","011d466a","","Stack[-0x7c]","READ","false","true"
"FUN_011d4320","011d4320","011d466f","FUN_0124f150","0124f150","UNCONDITIONAL_CALL","true","false"
"FUN_011d4320","011d4320","011d467e","","Stack[-0x90]","READ","false","true"
"FUN_011d4320","011d4320","011d4684","FUN_0123e330","0123e330","UNCONDITIONAL_CALL","true","false"
"FUN_011d4320","011d4320","011d4689","","Stack[-0x3c]","DATA","false","true"
"FUN_011d4320","011d4320","011d468c","","Stack[-0x14]","WRITE","false","true"
"FUN_011d4320","011d4320","011d4690","FUN_00f1a420","00f1a420","UNCONDITIONAL_CALL","true","false"
"FUN_011d4320","011d4320","011d4695","","Stack[-0x94]","READ","false","true"
"FUN_011d4320","011d4320","011d469e","FUN_012472c0","012472c0","UNCONDITIONAL_CALL","true","false"
"FUN_011d4320","011d4320","011d46a3","","Stack[-0x14]","WRITE","false","true"
"FUN_011d4320","011d4320","011d46aa","","Stack[-0x6c]","DATA","false","true"
"FUN_011d4320","011d4320","011d46ad","","Stack[-0x4c]","WRITE","false","true"
"FUN_011d4320","011d4320","011d46b4","FUN_00f1a330","00f1a330","UNCONDITIONAL_CALL","true","false"
"FUN_011d4320","011d4320","011d46be","FUN_016830c0","016830c0","UNCONDITIONAL_CALL","true","false"
"FUN_011d4320","011d4320","011d46c8","","Stack[-0x90]","WRITE","false","true"
"FUN_011d4320","011d4320","011d46cb","","Stack[-0x14]","WRITE","false","true"
"FUN_011d4320","011d4320","011d46d4","LAB_011d46ef","011d46ef","CONDITIONAL_JUMP","false","false"
"FUN_011d4320","011d4320","011d46de","VCRUNTIME140.DLL::memset","01831f34","UNCONDITIONAL_CALL","true","false"
"FUN_011d4320","011d4320","011d46e8","FUN_0123de10","0123de10","UNCONDITIONAL_CALL","true","false"
"FUN_011d4320","011d4320","011d46ed","LAB_011d46f1","011d46f1","UNCONDITIONAL_JUMP","false","false"
"FUN_011d4320","011d4320","011d46f1","","Stack[-0x7c]","WRITE","false","true"
"FUN_011d4320","011d4320","011d46f4","","Stack[-0x14]","WRITE","false","true"
"FUN_011d4320","011d4320","011d46fd","LAB_011d4b97","011d4b97","CONDITIONAL_JUMP","false","false"
"FUN_011d4320","011d4320","011d4703","DAT_01bb9b2c","01bb9b2c","READ","false","true"
"FUN_011d4320","011d4320","011d470e","DAT_01bb9b34","01bb9b34","READ","false","true"
"FUN_011d4320","011d4320","011d4719","s_TacticsHouse\CheckOnline.tga_01ae2c60","01ae2c60","DATA","false","true"
"FUN_011d4320","011d4320","011d471e","","Stack[-0xb0]","WRITE","false","true"
"FUN_011d4320","011d4320","011d4726","FUN_00f19f10","00f19f10","UNCONDITIONAL_CALL","true","false"
"FUN_011d4320","011d4320","011d472e","","Stack[-0x2c]","WRITE","false","true"
"FUN_011d4320","011d4320","011d4735","","Stack[-0x3c]","WRITE","false","true"
"FUN_011d4320","011d4320","011d4739","","Stack[-0x28]","WRITE","false","true"
"FUN_011d4320","011d4320","011d4740","","Stack[-0x3c]","WRITE","false","true"
"FUN_011d4320","011d4320","011d4744","s_TacticsHouse\CheckOnline.tga_01ae2c60","01ae2c60","DATA","false","true"
"FUN_011d4320","011d4320","011d4749","DAT_01bfbd40","01bfbd40","DATA","false","true"
"FUN_011d4320","011d4320","011d474e","","Stack[-0x3c]","DATA","false","true"
"FUN_011d4320","011d4320","011d4751","","Stack[-0x14]","WRITE","false","true"
"FUN_011d4320","011d4320","011d4758","DAT_01ae7290","01ae7290","DATA","false","true"
"FUN_011d4320","011d4320","011d475e","FUN_015010a0","015010a0","UNCONDITIONAL_CALL","true","false"
"FUN_011d4320","011d4320","011d4763","","Stack[-0x7c]","READ","false","true"
"FUN_011d4320","011d4320","011d4766","","Stack[-0x3c]","DATA","false","true"
"FUN_011d4320","011d4320","011d476d","FUN_0124ef30","0124ef30","UNCONDITIONAL_CALL","true","false"
"FUN_011d4320","011d4320","011d4772","","Stack[-0xb0]","READ","false","true"
"FUN_011d4320","011d4320","011d4781","","Stack[-0x100]","DATA","false","true"
"FUN_011d4320","011d4320","011d4785","","Stack[-0xf8]","WRITE","false","true"
"FUN_011d4320","011d4320","011d4785","DAT_3f800000","3f800000","DATA","false","true"
"FUN_011d4320","011d4320","011d4788","","Stack[-0x7c]","READ","false","true"
"FUN_011d4320","011d4320","011d478d","FUN_0124f150","0124f150","UNCONDITIONAL_CALL","true","false"
"FUN_011d4320","011d4320","011d47a4","FUN_0123e330","0123e330","UNCONDITIONAL_CALL","true","false"
"FUN_011d4320","011d4320","011d47a9","","Stack[-0x3c]","DATA","false","true"
"FUN_011d4320","011d4320","011d47ac","","Stack[-0x14]","WRITE","false","true"
"FUN_011d4320","011d4320","011d47b3","FUN_00f1a420","00f1a420","UNCONDITIONAL_CALL","true","false"
"FUN_011d4320","011d4320","011d47b9","","Stack[-0x94]","READ","false","true"
"FUN_011d4320","011d4320","011d47c1","FUN_012472c0","012472c0","UNCONDITIONAL_CALL","true","false"
"FUN_011d4320","011d4320","011d47ce","LAB_011d481d","011d481d","CONDITIONAL_JUMP","false","false"
"FUN_011d4320","011d4320","011d47d5","FUN_016830c0","016830c0","UNCONDITIONAL_CALL","true","false"
"FUN_011d4320","011d4320","011d47df","","Stack[-0x90]","WRITE","false","true"
"FUN_011d4320","011d4320","011d47e2","","Stack[-0x14]","WRITE","false","true"
"FUN_011d4320","011d4320","011d47eb","LAB_011d4806","011d4806","CONDITIONAL_JUMP","false","false"
"FUN_011d4320","011d4320","011d47f5","VCRUNTIME140.DLL::memset","01831f34","UNCONDITIONAL_CALL","true","false"
"FUN_011d4320","011d4320","011d47ff","FUN_01228950","01228950","UNCONDITIONAL_CALL","true","false"
"FUN_011d4320","011d4320","011d4804","LAB_011d4808","011d4808","UNCONDITIONAL_JUMP","false","false"
"FUN_011d4320","011d4320","011d4808","","Stack[-0x14]","WRITE","false","true"
"FUN_011d4320","011d4320","011d4817","LAB_011d4b97","011d4b97","CONDITIONAL_JUMP","false","false"
"FUN_011d4320","011d4320","011d4828","DAT_01bee890","01bee890","READ","false","true"
"FUN_011d4320","011d4320","011d4830","DAT_01bee88c","01bee88c","READ","false","true"
"FUN_011d4320","011d4320","011d4847","FUN_01228bd0","01228bd0","UNCONDITIONAL_CALL","true","false"
"FUN_011d4320","011d4320","011d4854","FUN_012472c0","012472c0","UNCONDITIONAL_CALL","true","false"
"FUN_011d4320","011d4320","011d485f","FUN_0122a180","0122a180","UNCONDITIONAL_CALL","true","false"
"FUN_011d4320","011d4320","011d4866","","Stack[-0x7c]","WRITE","false","true"
"FUN_011d4320","011d4320","011d4872","FUN_016830c0","016830c0","UNCONDITIONAL_CALL","true","false"
"FUN_011d4320","011d4320","011d487c","","Stack[-0xb4]","WRITE","false","true"
"FUN_011d4320","011d4320","011d4882","","Stack[-0x14]","WRITE","false","true"
"FUN_011d4320","011d4320","011d488b","LAB_011d48a5","011d48a5","CONDITIONAL_JUMP","false","false"
"FUN_011d4320","011d4320","011d4892","VCRUNTIME140.DLL::memset","01831f34","UNCONDITIONAL_CALL","true","false"
"FUN_011d4320","011d4320","011d489c","FUN_010baa10","010baa10","UNCONDITIONAL_CALL","true","false"
"FUN_011d4320","011d4320","011d48a3","LAB_011d48a7","011d48a7","UNCONDITIONAL_JUMP","false","false"
"FUN_011d4320","011d4320","011d48a7","","Stack[-0x14]","WRITE","false","true"
"FUN_011d4320","011d4320","011d48b0","LAB_011d4b97","011d4b97","CONDITIONAL_JUMP","false","false"
"FUN_011d4320","011d4320","011d48bb","FUN_016830c0","016830c0","UNCONDITIONAL_CALL","true","false"
"FUN_011d4320","011d4320","011d48c5","","Stack[-0xa8]","WRITE","false","true"
"FUN_011d4320","011d4320","011d48cb","","Stack[-0x14]","WRITE","false","true"
"FUN_011d4320","011d4320","011d48d4","LAB_011d48f1","011d48f1","CONDITIONAL_JUMP","false","false"
"FUN_011d4320","011d4320","011d48de","VCRUNTIME140.DLL::memset","01831f34","UNCONDITIONAL_CALL","true","false"
"FUN_011d4320","011d4320","011d48e8","FUN_0123de10","0123de10","UNCONDITIONAL_CALL","true","false"
"FUN_011d4320","011d4320","011d48ef","LAB_011d48f3","011d48f3","UNCONDITIONAL_JUMP","false","false"
"FUN_011d4320","011d4320","011d48f3","","Stack[-0x14]","WRITE","false","true"
"FUN_011d4320","011d4320","011d48fa","DAT_01bb9b34","01bb9b34","READ","false","true"
"FUN_011d4320","011d4320","011d48ff","DAT_01bb9b2c","01bb9b2c","READ","false","true"
"FUN_011d4320","011d4320","011d4907","","Stack[-0x90]","WRITE","false","true"
"FUN_011d4320","011d4320","011d4907","DAT_3f800000","3f800000","DATA","false","true"
"FUN_011d4320","011d4320","011d490a","","Stack[-0x7c]","READ","false","true"
"FUN_011d4320","011d4320","011d490d","","Stack[-0xa0]","WRITE","false","true"
"FUN_011d4320","011d4320","011d4918","switchD_011d491a::default","011d494e","CONDITIONAL_JUMP","false","false"
"FUN_011d4320","011d4320","011d491a","switchD_011d491a::caseD_0","011d4921","COMPUTED_JUMP","false","false"
"FUN_011d4320","011d4320","011d491a","switchD_011d491a::caseD_1","011d492a","COMPUTED_JUMP","false","false"
"FUN_011d4320","011d4320","011d491a","switchD_011d491a::caseD_2","011d4933","COMPUTED_JUMP","false","false"
"FUN_011d4320","011d4320","011d491a","switchD_011d491a::caseD_3","011d493c","COMPUTED_JUMP","false","false"
"FUN_011d4320","011d4320","011d491a","switchD_011d491a::caseD_4","011d4945","COMPUTED_JUMP","false","false"
"FUN_011d4320","011d4320","011d491a","switchD_011d491a::switchdataD_011d4bb8","011d4bb8","DATA","false","true"
"FUN_011d4320","011d4320","011d4923","s_DetailInfo\Enchant_AT.tga_01ae2ce4","01ae2ce4","DATA","false","true"
"FUN_011d4320","011d4320","011d4928","LAB_011d4955","011d4955","UNCONDITIONAL_JUMP","false","false"
"FUN_011d4320","011d4320","011d492c","s_DetailInfo\Enchant_bl.tga_01ae2d3c","01ae2d3c","DATA","false","true"
"FUN_011d4320","011d4320","011d4931","LAB_011d4955","011d4955","UNCONDITIONAL_JUMP","false","false"
"FUN_011d4320","011d4320","011d4935","s_DetailInfo\Enchant_ct.tga_01ae2d20","01ae2d20","DATA","false","true"
"FUN_011d4320","011d4320","011d493a","LAB_011d4955","011d4955","UNCONDITIONAL_JUMP","false","false"
"FUN_011d4320","011d4320","011d493e","s_DetailInfo\Enchant_ev.tga_01ae2d74","01ae2d74","DATA","false","true"
"FUN_011d4320","011d4320","011d4943","LAB_011d4955","011d4955","UNCONDITIONAL_JUMP","false","false"
"FUN_011d4320","011d4320","011d4947","s_DetailInfo\Enchant_HP.tga_01ae2d58","01ae2d58","DATA","false","true"
"FUN_011d4320","011d4320","011d494c","LAB_011d4955","011d4955","UNCONDITIONAL_JUMP","false","false"
"FUN_011d4320","011d4320","011d4950","DAT_01abd9ec","01abd9ec","DATA","false","true"
"FUN_011d4320","011d4320","011d4958","","Stack[-0x2c]","WRITE","false","true"
"FUN_011d4320","011d4320","011d495f","","Stack[-0x3c]","DATA","false","true"
"FUN_011d4320","011d4320","011d4962","","Stack[-0x28]","WRITE","false","true"
"FUN_011d4320","011d4320","011d4969","","Stack[-0x3c]","WRITE","false","true"
"FUN_011d4320","011d4320","011d496d","FUN_00f19cc0","00f19cc0","UNCONDITIONAL_CALL","true","false"
"FUN_011d4320","011d4320","011d4972","","Stack[-0x84]","READ_WRITE","false","true"
"FUN_011d4320","011d4320","011d497c","","Stack[-0x14]","WRITE","false","true"
"FUN_011d4320","011d4320","011d4983","","Stack[-0x3c]","DATA","false","true"
"FUN_011d4320","011d4320","011d4986","","Stack[-0x28]","READ","false","true"
"FUN_011d4320","011d4320","011d498a","","Stack[-0xa0]","READ","false","true"
"FUN_011d4320","011d4320","011d4992","","Stack[-0x3c]","DATA","false","true"
"FUN_011d4320","011d4320","011d4996","","Stack[-0x90]","READ","false","true"
"FUN_011d4320","011d4320","011d49ad","DAT_3f800000","3f800000","DATA","false","true"
"FUN_011d4320","011d4320","011d49b0","FUN_0123e0d0","0123e0d0","UNCONDITIONAL_CALL","true","false"
"FUN_011d4320","011d4320","011d49b5","","Stack[-0x3c]","DATA","false","true"
"FUN_011d4320","011d4320","011d49b8","","Stack[-0x14]","WRITE","false","true"
"FUN_011d4320","011d4320","011d49bf","FUN_00f1a420","00f1a420","UNCONDITIONAL_CALL","true","false"
"FUN_011d4320","011d4320","011d49c4","DAT_01bee890","01bee890","READ","false","true"
"FUN_011d4320","011d4320","011d49ca","DAT_01bee88c","01bee88c","READ","false","true"
"FUN_011d4320","011d4320","011d49d6","FUN_01230f40","01230f40","UNCONDITIONAL_CALL","true","false"
"FUN_011d4320","011d4320","011d49dd","LAB_011d49ea","011d49ea","CONDITIONAL_JUMP","false","false"
"FUN_011d4320","011d4320","011d49ea","","Stack[-0x94]","READ","false","true"
"FUN_011d4320","011d4320","011d49f0","","Stack[-0x7c]","READ","false","true"
"FUN_011d4320","011d4320","011d49f3","","Stack[-0x80]","WRITE","false","true"
"FUN_011d4320","011d4320","011d49f6","","Stack[-0x80]","DATA","false","true"
"FUN_011d4320","011d4320","011d49fd","","Stack[-0xdc]","DATA","false","true"
"FUN_011d4320","011d4320","011d4a0a","FUN_01012bc0","01012bc0","UNCONDITIONAL_CALL","true","false"
"FUN_011d4320","011d4320","011d4a0f","","Stack[-0xd4]","READ","false","true"
"FUN_011d4320","011d4320","011d4a15","","Stack[-0x7c]","READ","false","true"
"FUN_011d4320","011d4320","011d4a1c","LAB_011d4a37","011d4a37","CONDITIONAL_JUMP","false","false"
"FUN_011d4320","011d4320","011d4a21","LAB_011d4a37","011d4a37","CONDITIONAL_JUMP","false","false"
"FUN_011d4320","011d4320","011d4a29","LAB_011d4a37","011d4a37","CONDITIONAL_JUMP","false","false"
"FUN_011d4320","011d4320","011d4a2f","","Stack[-0x98]","WRITE","false","true"
"FUN_011d4320","011d4320","011d4a35","LAB_011d4a41","011d4a41","UNCONDITIONAL_JUMP","false","false"
"FUN_011d4320","011d4320","011d4a37","","Stack[-0x98]","WRITE","false","true"
"FUN_011d4320","011d4320","011d4a41","","Stack[-0x80]","WRITE","false","true"
"FUN_011d4320","011d4320","011d4a44","","Stack[-0x94]","READ","false","true"
"FUN_011d4320","011d4320","011d4a4d","","Stack[-0x80]","DATA","false","true"
"FUN_011d4320","011d4320","011d4a51","","Stack[-0xcc]","DATA","false","true"
"FUN_011d4320","011d4320","011d4a5e","FUN_00f489b0","00f489b0","UNCONDITIONAL_CALL","true","false"
"FUN_011d4320","011d4320","011d4a63","","Stack[-0xc4]","READ","false","true"
"FUN_011d4320","011d4320","011d4a6d","LAB_011d4a90","011d4a90","CONDITIONAL_JUMP","false","false"
"FUN_011d4320","011d4320","011d4a6f","","Stack[-0x7c]","READ","false","true"
"FUN_011d4320","011d4320","011d4a75","LAB_011d4a90","011d4a90","CONDITIONAL_JUMP","false","false"
"FUN_011d4320","011d4320","011d4a7d","LAB_011d4a90","011d4a90","CONDITIONAL_JUMP","false","false"
"FUN_011d4320","011d4320","011d4a82","","Stack[-0x9c]","WRITE","false","true"
"FUN_011d4320","011d4320","011d4a8b","","Stack[-0x90]","WRITE","false","true"
"FUN_011d4320","011d4320","011d4a8e","LAB_011d4aa1","011d4aa1","UNCONDITIONAL_JUMP","false","false"
"FUN_011d4320","011d4320","011d4a90","","Stack[-0x9c]","WRITE","false","true"
"FUN_011d4320","011d4320","011d4a9a","","Stack[-0x90]","WRITE","false","true"
"FUN_011d4320","011d4320","011d4aa1","","Stack[-0x98]","READ","false","true"
"FUN_011d4320","011d4320","011d4ab9","FUN_01231410","01231410","UNCONDITIONAL_CALL","true","false"
"FUN_011d4320","011d4320","011d4ac0","LAB_011d4acd","011d4acd","CONDITIONAL_JUMP","false","false"
"FUN_011d4320","011d4320","011d4acf","FUN_016830c0","016830c0","UNCONDITIONAL_CALL","true","false"
"FUN_011d4320","011d4320","011d4ad9","","Stack[-0x7c]","READ","false","true"
"FUN_011d4320","011d4320","011d4adc","","Stack[-0x98]","WRITE","false","true"
"FUN_011d4320","011d4320","011d4ae4","LAB_011d4b8a","011d4b8a","CONDITIONAL_JUMP","false","false"
"FUN_011d4320","011d4320","011d4afc","DAT_01ae66e0","01ae66e0","DATA","false","true"
"FUN_011d4320","011d4320","011d4b39","FUN_012288c0","012288c0","UNCONDITIONAL_CALL","true","false"
"FUN_011d4320","011d4320","011d4b40","operator_new","017986a9","UNCONDITIONAL_CALL","true","false"
"FUN_011d4320","011d4320","011d4b4a","","Stack[-0x9c]","READ","false","true"
"FUN_011d4320","011d4320","011d4b50","","Stack[-0x98]","WRITE","false","true"
"FUN_011d4320","011d4320","011d4b59","","Stack[-0x90]","READ","false","true"
"FUN_011d4320","011d4320","011d4b5c","DAT_01ae2e04","01ae2e04","DATA","false","true"
"FUN_011d4320","011d4320","011d4b6a","LAB_011d4b72","011d4b72","CONDITIONAL_JUMP","false","false"
"FUN_011d4320","011d4320","011d4b72","","Stack[-0x94]","READ","false","true"
"FUN_011d4320","011d4320","011d4b82","FUN_0122a090","0122a090","UNCONDITIONAL_CALL","true","false"
"FUN_011d4320","011d4320","011d4b87","","Stack[-0x7c]","READ","false","true"
"FUN_011d4320","011d4320","011d4b8b","","Stack[-0x7c]","WRITE","false","true"
"FUN_011d4320","011d4320","011d4b91","LAB_011d4870","011d4870","CONDITIONAL_JUMP","false","false"
"FUN_011d4320","011d4320","011d4b97","","Stack[-0x1c]","READ","false","true"
"FUN_011d4320","011d4320","011d4b9a","ExceptionList","ffdff000","WRITE","false","true"
"FUN_011d4320","011d4320","011d4ba4","","Stack[-0x24]","READ","false","true"
"FUN_011d4320","011d4320","011d4ba9","__security_check_cookie","0179869b","UNCONDITIONAL_CALL","true","false"
"FUN_011d4320","011d4320","011d4bb3","","Stack[-0x4]","DATA","false","true"
"FUN_011dd050","011dd050","011dd051","","Stack[0x8]","READ","false","true"
"FUN_011dd050","011dd050","011dd05a","switchD_011dd060::default","011dd163","CONDITIONAL_JUMP","false","false"
"FUN_011dd050","011dd050","011dd060","switchD_011dd060::caseD_0","011dd067","COMPUTED_JUMP","false","false"
"FUN_011dd050","011dd050","011dd060","switchD_011dd060::caseD_1","011dd0a6","COMPUTED_JUMP","false","false"
"FUN_011dd050","011dd050","011dd060","switchD_011dd060::caseD_2","011dd0b4","COMPUTED_JUMP","false","false"
"FUN_011dd050","011dd050","011dd060","switchD_011dd060::caseD_3","011dd0c2","COMPUTED_JUMP","false","false"
"FUN_011dd050","011dd050","011dd060","switchD_011dd060::caseD_4","011dd0d0","COMPUTED_JUMP","false","false"
"FUN_011dd050","011dd050","011dd060","switchD_011dd060::caseD_5","011dd0de","COMPUTED_JUMP","false","false"
"FUN_011dd050","011dd050","011dd060","switchD_011dd060::caseD_6","011dd0ec","COMPUTED_JUMP","false","false"
"FUN_011dd050","011dd050","011dd060","switchD_011dd060::caseD_7","011dd0fd","COMPUTED_JUMP","false","false"
"FUN_011dd050","011dd050","011dd060","switchD_011dd060::caseD_8","011dd10e","COMPUTED_JUMP","false","false"
"FUN_011dd050","011dd050","011dd060","switchD_011dd060::caseD_9","011dd11f","COMPUTED_JUMP","false","false"
"FUN_011dd050","011dd050","011dd060","switchD_011dd060::caseD_a","011dd130","COMPUTED_JUMP","false","false"
"FUN_011dd050","011dd050","011dd060","switchD_011dd060::caseD_b","011dd141","COMPUTED_JUMP","false","false"
"FUN_011dd050","011dd050","011dd060","switchD_011dd060::caseD_c","011dd152","COMPUTED_JUMP","false","false"
"FUN_011dd050","011dd050","011dd060","switchD_011dd060::switchdataD_011dd194","011dd194","DATA","false","true"
"FUN_011dd050","011dd050","011dd06e","s_TOOLTIP_ENCHANT_EXPLAIN_TITLE_HP_01ae34ac","01ae34ac","DATA","false","true"
"FUN_011dd050","011dd050","011dd073","DAT_01bfb258","01bfb258","READ","false","true"
"FUN_011dd050","011dd050","011dd07c","","Stack[-0x24]","DATA","false","true"
"FUN_011dd050","011dd050","011dd07f","","Stack[-0x10]","WRITE","false","true"
"FUN_011dd050","011dd050","011dd086","","Stack[-0x14]","WRITE","false","true"
"FUN_011dd050","011dd050","011dd08d","FUN_00f19cc0","00f19cc0","UNCONDITIONAL_CALL","true","false"
"FUN_011dd050","011dd050","011dd092","","Stack[0x4]","READ","false","true"
"FUN_011dd050","011dd050","011dd099","FUN_015ce480","015ce480","UNCONDITIONAL_CALL","true","false"
"FUN_011dd050","011dd050","011dd0bb","s_TOOLTIP_ENCHANT_EXPLAIN_TITLE_AT_01ade08c","01ade08c","DATA","false","true"
"FUN_011dd050","011dd050","011dd0c0","LAB_011dd073","011dd073","UNCONDITIONAL_JUMP","false","false"
"FUN_011dd050","011dd050","011dd0c9","s_COMMON_TXT_ATTACK_SPEED_01ac5194","01ac5194","DATA","false","true"
"FUN_011dd050","011dd050","011dd0ce","LAB_011dd073","011dd073","UNCONDITIONAL_JUMP","false","false"
"FUN_011dd050","011dd050","011dd0d7","s_TOOLTIP_ENCHANT_EXPLAIN_TITLE_CR_01ae3488","01ae3488","DATA","false","true"
"FUN_011dd050","011dd050","011dd0dc","LAB_011dd073","011dd073","UNCONDITIONAL_JUMP","false","false"
"FUN_011dd050","011dd050","011dd0e5","s_COMMON_TXT_STAT_HIT_RATE_01ac51c4","01ac51c4","DATA","false","true"
"FUN_011dd050","011dd050","011dd0ea","LAB_011dd073","011dd073","UNCONDITIONAL_JUMP","false","false"
"FUN_011dd050","011dd050","011dd0f3","s_DETAIL_INFO_SCD_01ae34e8","01ae34e8","DATA","false","true"
"FUN_011dd050","011dd050","011dd0f8","LAB_011dd073","011dd073","UNCONDITIONAL_JUMP","false","false"
"FUN_011dd050","011dd050","011dd104","s_DETAIL_INFO_CRIDAMAGE_01ae34d0","01ae34d0","DATA","false","true"
"FUN_011dd050","011dd050","011dd109","LAB_011dd073","011dd073","UNCONDITIONAL_JUMP","false","false"
"FUN_011dd050","011dd050","011dd115","s_DETAIL_INFO_SD_01ae351c","01ae351c","DATA","false","true"
"FUN_011dd050","011dd050","011dd11a","LAB_011dd073","011dd073","UNCONDITIONAL_JUMP","false","false"
"FUN_011dd050","011dd050","011dd126","s_DETAIL_INFO_ELEDMENT_DAMAGE_01ac58e4","01ac58e4","DATA","false","true"
"FUN_011dd050","011dd050","011dd12b","LAB_011dd073","011dd073","UNCONDITIONAL_JUMP","false","false"
"FUN_011dd050","011dd050","011dd137","s_COMMON_TXT_STAT_DEFENSE_01ac5158","01ac5158","DATA","false","true"
"FUN_011dd050","011dd050","011dd13c","LAB_011dd073","011dd073","UNCONDITIONAL_JUMP","false","false"
"FUN_011dd050","011dd050","011dd148","s_TOOLTIP_ENCHANT_EXPLAIN_TITLE_BL_01ae34f8","01ae34f8","DATA","false","true"
"FUN_011dd050","011dd050","011dd14d","LAB_011dd073","011dd073","UNCONDITIONAL_JUMP","false","false"
"FUN_011dd050","011dd050","011dd159","s_TOOLTIP_ENCHANT_EXPLAIN_TITLE_EV_01ae352c","01ae352c","DATA","false","true"
"FUN_011dd050","011dd050","011dd15e","LAB_011dd073","011dd073","UNCONDITIONAL_JUMP","false","false"
"FUN_011dd050","011dd050","011dd163","","Stack[0x4]","READ","false","true"
"FUN_011e3360","011e3360","011e336d","","Stack[0x0]","READ","false","true"
"FUN_011e3360","011e3360","011e3370","","Stack[-0xc]","WRITE","false","true"
"FUN_011e3360","011e3360","011e3378","LAB_019943e4","019943e4","DATA","false","true"
"FUN_011e3360","011e3360","011e337d","ExceptionList","ffdff000","READ","false","true"
"FUN_011e3360","011e3360","011e338b","DAT_01bbb1c0","01bbb1c0","READ","false","true"
"FUN_011e3360","011e3360","011e3392","","Stack[-0x24]","WRITE","false","true"
"FUN_011e3360","011e3360","011e3398","","Stack[-0x1c]","DATA","false","true"
"FUN_011e3360","011e3360","011e339b","ExceptionList","ffdff000","WRITE","false","true"
"FUN_011e3360","011e3360","011e33a3","","Stack[0xc]","READ","false","true"
"FUN_011e3360","011e3360","011e33a6","","Stack[0x8]","READ","false","true"
"FUN_011e3360","011e3360","011e33d2","s_EventPopup\Event_popup_Backgroun_01ae0c38","01ae0c38","DATA","false","true"
"FUN_011e3360","011e3360","011e33db","FUN_012459a0","012459a0","UNCONDITIONAL_CALL","true","false"
"FUN_011e3360","011e3360","011e33e0","DAT_01bfb258","01bfb258","READ","false","true"
"FUN_011e3360","011e3360","011e33eb","","Stack[-0x30]","WRITE","false","true"
"FUN_011e3360","011e3360","011e33f5","","Stack[-0x2c]","WRITE","false","true"
"FUN_011e3360","011e3360","011e33f5","DAT_3f800000","3f800000","DATA","false","true"
"FUN_011e3360","011e3360","011e33fc","","Stack[-0x28]","WRITE","false","true"
"FUN_011e3360","011e3360","011e33fc","DAT_3f800000","3f800000","DATA","false","true"
"FUN_011e3360","011e3360","011e3405","","Stack[-0x2bc]","DATA","false","true"
"FUN_011e3360","011e3360","011e3408","s_MAINOPTION_MSGBOX_ALERT_01ace1c0","01ace1c0","DATA","false","true"
"FUN_011e3360","011e3360","011e340d","","Stack[-0x2ac]","WRITE","false","true"
"FUN_011e3360","011e3360","011e3414","","Stack[-0x2a8]","WRITE","false","true"
"FUN_011e3360","011e3360","011e341b","FUN_00f19cc0","00f19cc0","UNCONDITIONAL_CALL","true","false"
"FUN_011e3360","011e3360","011e3420","","Stack[-0x238]","DATA","false","true"
"FUN_011e3360","011e3360","011e3429","FUN_015ce480","015ce480","UNCONDITIONAL_CALL","true","false"
"FUN_011e3360","011e3360","011e3430","","Stack[-0x14]","WRITE","false","true"
"FUN_011e3360","011e3360","011e343b","LAB_011e343f","011e343f","CONDITIONAL_JUMP","false","false"
"FUN_011e3360","011e3360","011e343f","","Stack[-0x30]","READ","false","true"
"FUN_011e3360","011e3360","011e3444","","Stack[-0x28]","READ","false","true"
"FUN_011e3360","011e3360","011e3452","","Stack[-0x2b8]","DATA","false","true"
"FUN_011e3360","011e3360","011e3456","","Stack[-0x2b0]","WRITE","false","true"
"FUN_011e3360","011e3360","011e3456","DAT_3f800000","3f800000","DATA","false","true"
"FUN_011e3360","011e3360","011e345c","FUN_012461a0","012461a0","UNCONDITIONAL_CALL","true","false"
"FUN_011e3360","011e3360","011e3461","","Stack[-0x238]","DATA","false","true"
"FUN_011e3360","011e3360","011e3467","FUN_00f1a330","00f1a330","UNCONDITIONAL_CALL","true","false"
"FUN_011e3360","011e3360","011e346f","","Stack[-0x80]","WRITE","false","true"
"FUN_011e3360","011e3360","011e3478","","Stack[-0x7c]","WRITE","false","true"
"FUN_011e3360","011e3360","011e347f","","Stack[-0x90]","WRITE","false","true"
"FUN_011e3360","011e3360","011e3483","","Stack[-0x90]","WRITE","false","true"
"FUN_011e3360","011e3360","011e3488","","Stack[-0x90]","DATA","false","true"
"FUN_011e3360","011e3360","011e348b","","Stack[-0x14]","WRITE","false","true"
"FUN_011e3360","011e3360","011e3492","DAT_01acc21c","01acc21c","DATA","false","true"
"FUN_011e3360","011e3360","011e3498","FUN_01500f80","01500f80","UNCONDITIONAL_CALL","true","false"
"FUN_011e3360","011e3360","011e349f","FUN_016830c0","016830c0","UNCONDITIONAL_CALL","true","false"
"FUN_011e3360","011e3360","011e34a9","","Stack[-0x1fc]","WRITE","false","true"
"FUN_011e3360","011e3360","011e34af","","Stack[-0x14]","WRITE","false","true"
"FUN_011e3360","011e3360","011e34b5","LAB_011e3503","011e3503","CONDITIONAL_JUMP","false","false"
"FUN_011e3360","011e3360","011e34d8","operator_new","017986a9","UNCONDITIONAL_CALL","true","false"
"FUN_011e3360","011e3360","011e3501","LAB_011e3505","011e3505","UNCONDITIONAL_JUMP","false","false"
"FUN_011e3360","011e3360","011e3505","","Stack[-0x14]","WRITE","false","true"
"FUN_011e3360","011e3360","011e3509","DAT_01b02744","01b02744","READ","false","true"
"FUN_011e3360","011e3360","011e3517","","Stack[-0x220]","WRITE","false","true"
"FUN_011e3360","011e3360","011e3517","DAT_3f7ae148","3f7ae148","DATA","false","true"
"FUN_011e3360","011e3360","011e3520","LAB_011e36bc","011e36bc","CONDITIONAL_JUMP","false","false"
"FUN_011e3360","011e3360","011e3529","","Stack[-0x5c]","WRITE","false","true"
"FUN_011e3360","011e3360","011e3532","","Stack[-0x58]","WRITE","false","true"
"FUN_011e3360","011e3360","011e3539","","Stack[-0x6c]","WRITE","false","true"
"FUN_011e3360","011e3360","011e353d","","Stack[-0x6c]","WRITE","false","true"
"FUN_011e3360","011e3360","011e3541","","Stack[-0x40]","WRITE","false","true"
"FUN_011e3360","011e3360","011e3544","","Stack[-0x14]","WRITE","false","true"
"FUN_011e3360","011e3360","011e354b","DAT_01bfe468","01bfe468","READ","false","true"
"FUN_011e3360","011e3360","011e3552","DAT_01bfb258","01bfb258","READ","false","true"
"FUN_011e3360","011e3360","011e3561","","Stack[-0x78]","WRITE","false","true"
"FUN_011e3360","011e3360","011e356b","","Stack[-0x4c]","WRITE","false","true"
"FUN_011e3360","011e3360","011e356e","","Stack[-0x2bc]","DATA","false","true"
"FUN_011e3360","011e3360","011e3571","","Stack[-0x28]","WRITE","false","true"
"FUN_011e3360","011e3360","011e3571","DAT_3f7ae148","3f7ae148","DATA","false","true"
"FUN_011e3360","011e3360","011e3578","","Stack[-0x28]","READ","false","true"
"FUN_011e3360","011e3360","011e357b","s_UNION_UNLOCK_NOTICE2_01ae38b8","01ae38b8","DATA","false","true"
"FUN_011e3360","011e3360","011e3580","","Stack[-0x48]","WRITE","false","true"
"FUN_011e3360","011e3360","011e3587","","Stack[-0x70]","WRITE","false","true"
"FUN_011e3360","011e3360","011e3587","DAT_3f7ae148","3f7ae148","DATA","false","true"
"FUN_011e3360","011e3360","011e358a","","Stack[-0x54]","WRITE","false","true"
"FUN_011e3360","011e3360","011e358e","","Stack[-0x44]","WRITE","false","true"
"FUN_011e3360","011e3360","011e3595","","Stack[-0x50]","WRITE","false","true"
"FUN_011e3360","011e3360","011e359c","","Stack[-0x2ac]","WRITE","false","true"
"FUN_011e3360","011e3360","011e35a3","","Stack[-0x2a8]","WRITE","false","true"
"FUN_011e3360","011e3360","011e35aa","FUN_00f19cc0","00f19cc0","UNCONDITIONAL_CALL","true","false"
"FUN_011e3360","011e3360","011e35af","","Stack[-0x250]","DATA","false","true"
"FUN_011e3360","011e3360","011e35b8","FUN_015ce480","015ce480","UNCONDITIONAL_CALL","true","false"
"FUN_011e3360","011e3360","011e35bf","","Stack[-0x14]","WRITE","false","true"
"FUN_011e3360","011e3360","011e35c7","LAB_011e35cb","011e35cb","CONDITIONAL_JUMP","false","false"
"FUN_011e3360","011e3360","011e35cd","","Stack[-0x2c]","WRITE","false","true"
"FUN_011e3360","011e3360","011e35d7","","Stack[-0x28]","WRITE","false","true"
"FUN_011e3360","011e3360","011e35de","","Stack[-0x3c]","WRITE","false","true"
"FUN_011e3360","011e3360","011e35ee","LAB_011e35e5","011e35e5","CONDITIONAL_JUMP","false","false"
"FUN_011e3360","011e3360","011e35f6","","Stack[-0x3c]","DATA","false","true"
"FUN_011e3360","011e3360","011e35f9","FUN_00f1a200","00f1a200","UNCONDITIONAL_CALL","true","false"
"FUN_011e3360","011e3360","011e35fe","","Stack[-0x250]","DATA","false","true"
"FUN_011e3360","011e3360","011e3604","","Stack[-0x14]","WRITE","false","true"
"FUN_011e3360","011e3360","011e3608","FUN_00f1a330","00f1a330","UNCONDITIONAL_CALL","true","false"
"FUN_011e3360","011e3360","011e360d","","Stack[-0x28]","READ","false","true"
"FUN_011e3360","011e3360","011e3611","","Stack[-0x3c]","DATA","false","true"
"FUN_011e3360","011e3360","011e3617","","Stack[-0x201]","WRITE","false","true"
"FUN_011e3360","011e3360","011e361e","","Stack[-0x3c]","DATA","false","true"
"FUN_011e3360","011e3360","011e3624","","Stack[-0x208]","WRITE","false","true"
"FUN_011e3360","011e3360","011e362e","","Stack[-0x238]","WRITE","false","true"
"FUN_011e3360","011e3360","011e3635","","Stack[-0x228]","WRITE","false","true"
"FUN_011e3360","011e3360","011e363f","","Stack[-0x224]","WRITE","false","true"
"FUN_011e3360","011e3360","011e3649","","Stack[-0x3a]","DATA","false","true"
"FUN_011e3360","011e3360","011e3650","","Stack[-0x3c]","DATA","false","true"
"FUN_011e3360","011e3360","011e3659","LAB_011e3650","011e3650","CONDITIONAL_JUMP","false","false"
"FUN_011e3360","011e3360","011e3661","","Stack[-0x238]","DATA","false","true"
"FUN_011e3360","011e3360","011e3667","FUN_00f1a200","00f1a200","UNCONDITIONAL_CALL","true","false"
"FUN_011e3360","011e3360","011e366c","","Stack[-0x201]","DATA","false","true"
"FUN_011e3360","011e3360","011e3672","","Stack[-0x14]","WRITE","false","true"
"FUN_011e3360","011e3360","011e367c","","Stack[-0x238]","DATA","false","true"
"FUN_011e3360","011e3360","011e3683","","Stack[-0x208]","DATA","false","true"
"FUN_011e3360","011e3360","011e368a","","Stack[-0x78]","DATA","false","true"
"FUN_011e3360","011e3360","011e368e","FUN_0114d430","0114d430","UNCONDITIONAL_CALL","true","false"
"FUN_011e3360","011e3360","011e3696","","Stack[-0x238]","DATA","false","true"
"FUN_011e3360","011e3360","011e369c","FUN_00f1a330","00f1a330","UNCONDITIONAL_CALL","true","false"
"FUN_011e3360","011e3360","011e36a1","","Stack[-0x3c]","DATA","false","true"
"FUN_011e3360","011e3360","011e36a4","FUN_00f1a330","00f1a330","UNCONDITIONAL_CALL","true","false"
"FUN_011e3360","011e3360","011e36a9","","Stack[-0x14]","WRITE","false","true"
"FUN_011e3360","011e3360","011e36ad","","Stack[-0x6c]","DATA","false","true"
"FUN_011e3360","011e3360","011e36b0","","Stack[-0x4c]","WRITE","false","true"
"FUN_011e3360","011e3360","011e36b7","FUN_00f1a330","00f1a330","UNCONDITIONAL_CALL","true","false"
"FUN_011e3360","011e3360","011e36be","","Stack[-0x90]","DATA","false","true"
"FUN_011e3360","011e3360","011e36c1","DAT_01ae094c","01ae094c","DATA","false","true"
"FUN_011e3360","011e3360","011e36c7","FUN_01500f80","01500f80","UNCONDITIONAL_CALL","true","false"
"FUN_011e3360","011e3360","011e36e1","s_Mail\Mail_Item_Icon.tga_01ad588c","01ad588c","DATA","false","true"
"FUN_011e3360","011e3360","011e36e6","FUN_01246720","01246720","UNCONDITIONAL_CALL","true","false"
"FUN_011e3360","011e3360","011e36f8","s_Union\Unlock_bg.tga_01ae3980","01ae3980","DATA","false","true"
"FUN_011e3360","011e3360","011e36ff","FUN_01246720","01246720","UNCONDITIONAL_CALL","true","false"
"FUN_011e3360","011e3360","011e3709","FUN_016830c0","016830c0","UNCONDITIONAL_CALL","true","false"
"FUN_011e3360","011e3360","011e3713","","Stack[-0x1fc]","WRITE","false","true"
"FUN_011e3360","011e3360","011e3719","","Stack[-0x14]","WRITE","false","true"
"FUN_011e3360","011e3360","011e371f","LAB_011e373c","011e373c","CONDITIONAL_JUMP","false","false"
"FUN_011e3360","011e3360","011e3729","VCRUNTIME140.DLL::memset","01831f34","UNCONDITIONAL_CALL","true","false"
"FUN_011e3360","011e3360","011e3733","FUN_0123de10","0123de10","UNCONDITIONAL_CALL","true","false"
"FUN_011e3360","011e3360","011e373a","LAB_011e373e","011e373e","UNCONDITIONAL_JUMP","false","false"
"FUN_011e3360","011e3360","011e374b","","Stack[-0x14]","WRITE","false","true"
"FUN_011e3360","011e3360","011e3757","DAT_01bb9b2c","01bb9b2c","READ","false","true"
"FUN_011e3360","011e3360","011e375f","DAT_01bb9b34","01bb9b34","READ","false","true"
"FUN_011e3360","011e3360","011e3766","","Stack[-0x2c4]","DATA","false","true"
"FUN_011e3360","011e3360","011e376a","DAT_01abd9ec","01abd9ec","DATA","false","true"
"FUN_011e3360","011e3360","011e3772","","Stack[-0x2bc]","WRITE","false","true"
"FUN_011e3360","011e3360","011e3772","DAT_3f800000","3f800000","DATA","false","true"
"FUN_011e3360","011e3360","011e3777","FUN_0123e0d0","0123e0d0","UNCONDITIONAL_CALL","true","false"
"FUN_011e3360","011e3360","011e3791","FUN_012472c0","012472c0","UNCONDITIONAL_CALL","true","false"
"FUN_011e3360","011e3360","011e37a3","s_Union\Unlock_frame.tga_01ae39a8","01ae39a8","DATA","false","true"
"FUN_011e3360","011e3360","011e37aa","FUN_01246720","01246720","UNCONDITIONAL_CALL","true","false"
"FUN_011e3360","011e3360","011e37bc","s_Encyclopedia\NewEncyclopedia\rat_01addbe4","01addbe4","DATA","false","true"
"FUN_011e3360","011e3360","011e37c3","FUN_01246720","01246720","UNCONDITIONAL_CALL","true","false"
"FUN_011e3360","011e3360","011e37cd","FUN_016830c0","016830c0","UNCONDITIONAL_CALL","true","false"
"FUN_011e3360","011e3360","011e37d7","","Stack[-0x1fc]","WRITE","false","true"
"FUN_011e3360","011e3360","011e37dd","","Stack[-0x14]","WRITE","false","true"
"FUN_011e3360","011e3360","011e37e3","LAB_011e3850","011e3850","CONDITIONAL_JUMP","false","false"
"FUN_011e3360","011e3360","011e37ed","VCRUNTIME140.DLL::memset","01831f34","UNCONDITIONAL_CALL","true","false"
"FUN_011e3360","011e3360","011e37f7","FUN_0123de10","0123de10","UNCONDITIONAL_CALL","true","false"
"FUN_011e3360","011e3360","011e37fc","DAT_01ae721c","01ae721c","DATA","false","true"
"FUN_011e3360","011e3360","011e3830","DAT_3f800000","3f800000","DATA","false","true"
"FUN_011e3360","011e3360","011e383a","DAT_3f800000","3f800000","DATA","false","true"
"FUN_011e3360","011e3360","011e384e","LAB_011e3852","011e3852","UNCONDITIONAL_JUMP","false","false"
"FUN_011e3360","011e3360","011e3852","","Stack[-0x14]","WRITE","false","true"
"FUN_011e3360","011e3360","011e385e","LAB_011e389e","011e389e","CONDITIONAL_JUMP","false","false"
"FUN_011e3360","011e3360","011e3864","s_Encyclopedia\NewEncyclopedia\Ico_01addc5c","01addc5c","DATA","false","true"
"FUN_011e3360","011e3360","011e3879","FUN_0123d7c0","0123d7c0","UNCONDITIONAL_CALL","true","false"
"FUN_011e3360","011e3360","011e3888","FUN_0123d9a0","0123d9a0","UNCONDITIONAL_CALL","true","false"
"FUN_011e3360","011e3360","011e3895","LAB_011e389e","011e389e","CONDITIONAL_JUMP","false","false"
"FUN_011e3360","011e3360","011e389b","DAT_01ae7238","01ae7238","READ","false","true"
"FUN_011e3360","011e3360","011e389b","FUN_0145edf0","0145edf0","COMPUTED_CALL","true","false"
"FUN_011e3360","011e3360","011e38a6","FUN_012472c0","012472c0","UNCONDITIONAL_CALL","true","false"
"FUN_011e3360","011e3360","011e38ae","","Stack[-0x128]","WRITE","false","true"
"FUN_011e3360","011e3360","011e38ba","","Stack[-0x124]","WRITE","false","true"
"FUN_011e3360","011e3360","011e38c4","","Stack[-0x138]","WRITE","false","true"
"FUN_011e3360","011e3360","011e38cb","","Stack[-0x138]","WRITE","false","true"
"FUN_011e3360","011e3360","011e38d2","","Stack[-0x10c]","WRITE","false","true"
"FUN_011e3360","011e3360","011e38d8","","Stack[-0x220]","READ","false","true"
"FUN_011e3360","011e3360","011e38e2","","Stack[-0x14]","WRITE","false","true"
"FUN_011e3360","011e3360","011e38e8","DAT_01bfe468","01bfe468","READ","false","true"
"FUN_011e3360","011e3360","011e38f0","DAT_01bfb258","01bfb258","READ","false","true"
"FUN_011e3360","011e3360","011e38f9","","Stack[-0x118]","WRITE","false","true"
"FUN_011e3360","011e3360","011e3902","","Stack[-0x144]","WRITE","false","true"
"FUN_011e3360","011e3360","011e390d","","Stack[-0x114]","WRITE","false","true"
"FUN_011e3360","011e3360","011e3917","","Stack[-0x120]","WRITE","false","true"
"FUN_011e3360","011e3360","011e391e","","Stack[-0x110]","WRITE","false","true"
"FUN_011e3360","011e3360","011e3928","","Stack[-0x11c]","WRITE","false","true"
"FUN_011e3360","011e3360","011e3932","","Stack[-0x28]","WRITE","false","true"
"FUN_011e3360","011e3360","011e3932","DAT_3f7ae148","3f7ae148","DATA","false","true"
"FUN_011e3360","011e3360","011e3939","","Stack[-0x28]","READ","false","true"
"FUN_011e3360","011e3360","011e393c","","Stack[-0x13c]","WRITE","false","true"
"FUN_011e3360","011e3360","011e393c","DAT_3f7ae148","3f7ae148","DATA","false","true"
"FUN_011e3360","011e3360","011e3947","s_COMMON_TXT_LEVEL_01ae3994","01ae3994","DATA","false","true"
"FUN_011e3360","011e3360","011e395a","FUN_00f19cc0","00f19cc0","UNCONDITIONAL_CALL","true","false"
"FUN_011e3360","011e3360","011e395f","","Stack[-0x250]","DATA","false","true"
"FUN_011e3360","011e3360","011e3968","FUN_015ce480","015ce480","UNCONDITIONAL_CALL","true","false"
"FUN_011e3360","011e3360","011e396f","","Stack[-0x14]","WRITE","false","true"
"FUN_011e3360","011e3360","011e3977","LAB_011e397b","011e397b","CONDITIONAL_JUMP","false","false"
"FUN_011e3360","011e3360","011e3989","LAB_011e3980","011e3980","CONDITIONAL_JUMP","false","false"
"FUN_011e3360","011e3360","011e3991","","Stack[-0x138]","DATA","false","true"
"FUN_011e3360","011e3360","011e3997","FUN_00f1a040","00f1a040","UNCONDITIONAL_CALL","true","false"
"FUN_011e3360","011e3360","011e399c","","Stack[-0x250]","DATA","false","true"
"FUN_011e3360","011e3360","011e39a2","","Stack[-0x14]","WRITE","false","true"
"FUN_011e3360","011e3360","011e39a6","FUN_00f1a330","00f1a330","UNCONDITIONAL_CALL","true","false"
"FUN_011e3360","011e3360","011e39b4","","Stack[-0x144]","DATA","false","true"
"FUN_011e3360","011e3360","011e39ba","","Stack[-0x11c]","WRITE","false","true"
"FUN_011e3360","011e3360","011e39c7","FUN_01246bb0","01246bb0","UNCONDITIONAL_CALL","true","false"
"FUN_011e3360","011e3360","011e39cf","","Stack[-0xec]","WRITE","false","true"
"FUN_011e3360","011e3360","011e39db","","Stack[-0xe8]","WRITE","false","true"
"FUN_011e3360","011e3360","011e39e5","","Stack[-0xfc]","WRITE","false","true"
"FUN_011e3360","011e3360","011e39ec","","Stack[-0xfc]","WRITE","false","true"
"FUN_011e3360","011e3360","011e39f3","","Stack[-0xd0]","WRITE","false","true"
"FUN_011e3360","011e3360","011e39f9","","Stack[-0x220]","READ","false","true"
"FUN_011e3360","011e3360","011e3a03","","Stack[-0x14]","WRITE","false","true"
"FUN_011e3360","011e3360","011e3a09","DAT_01bfe468","01bfe468","READ","false","true"
"FUN_011e3360","011e3360","011e3a11","DAT_01bfb258","01bfb258","READ","false","true"
"FUN_011e3360","011e3360","011e3a1a","","Stack[-0xdc]","WRITE","false","true"
"FUN_011e3360","011e3360","011e3a23","","Stack[-0x108]","WRITE","false","true"
"FUN_011e3360","011e3360","011e3a2e","","Stack[-0xd8]","WRITE","false","true"
"FUN_011e3360","011e3360","011e3a38","","Stack[-0xe4]","WRITE","false","true"
"FUN_011e3360","011e3360","011e3a3f","","Stack[-0xd4]","WRITE","false","true"
"FUN_011e3360","011e3360","011e3a49","","Stack[-0xe0]","WRITE","false","true"
"FUN_011e3360","011e3360","011e3a53","","Stack[-0x28]","WRITE","false","true"
"FUN_011e3360","011e3360","011e3a53","DAT_3f7ae148","3f7ae148","DATA","false","true"
"FUN_011e3360","011e3360","011e3a5a","","Stack[-0x28]","READ","false","true"
"FUN_011e3360","011e3360","011e3a5d","","Stack[-0x100]","WRITE","false","true"
"FUN_011e3360","011e3360","011e3a5d","DAT_3f7ae148","3f7ae148","DATA","false","true"
"FUN_011e3360","011e3360","011e3a68","s_DIGIMONTRANSCEND_TRANS_BTN_TEXT_01ad8ee8","01ad8ee8","DATA","false","true"
"FUN_011e3360","011e3360","011e3a7b","FUN_00f19cc0","00f19cc0","UNCONDITIONAL_CALL","true","false"
"FUN_011e3360","011e3360","011e3a80","","Stack[-0x250]","DATA","false","true"
"FUN_011e3360","011e3360","011e3a89","FUN_015ce480","015ce480","UNCONDITIONAL_CALL","true","false"
"FUN_011e3360","011e3360","011e3a90","","Stack[-0x14]","WRITE","false","true"
"FUN_011e3360","011e3360","011e3a98","LAB_011e3a9c","011e3a9c","CONDITIONAL_JUMP","false","false"
"FUN_011e3360","011e3360","011e3aaa","LAB_011e3aa1","011e3aa1","CONDITIONAL_JUMP","false","false"
"FUN_011e3360","011e3360","011e3ab2","","Stack[-0xfc]","DATA","false","true"
"FUN_011e3360","011e3360","011e3ab8","FUN_00f1a040","00f1a040","UNCONDITIONAL_CALL","true","false"
"FUN_011e3360","011e3360","011e3abd","","Stack[-0x250]","DATA","false","true"
"FUN_011e3360","011e3360","011e3ac3","","Stack[-0x14]","WRITE","false","true"
"FUN_011e3360","011e3360","011e3ac7","FUN_00f1a330","00f1a330","UNCONDITIONAL_CALL","true","false"
"FUN_011e3360","011e3360","011e3ad8","","Stack[-0x108]","DATA","false","true"
"FUN_011e3360","011e3360","011e3ade","","Stack[-0xe0]","WRITE","false","true"
"FUN_011e3360","011e3360","011e3aeb","FUN_01246bb0","01246bb0","UNCONDITIONAL_CALL","true","false"
"FUN_011e3360","011e3360","011e3af3","","Stack[-0xb0]","WRITE","false","true"
"FUN_011e3360","011e3360","011e3aff","","Stack[-0xac]","WRITE","false","true"
"FUN_011e3360","011e3360","011e3b09","","Stack[-0xc0]","WRITE","false","true"
"FUN_011e3360","011e3360","011e3b10","","Stack[-0xc0]","WRITE","false","true"
"FUN_011e3360","011e3360","011e3b17","","Stack[-0x94]","WRITE","false","true"
"FUN_011e3360","011e3360","011e3b1d","","Stack[-0x220]","READ","false","true"
"FUN_011e3360","011e3360","011e3b27","","Stack[-0x14]","WRITE","false","true"
"FUN_011e3360","011e3360","011e3b2d","DAT_01bfe468","01bfe468","READ","false","true"
"FUN_011e3360","011e3360","011e3b35","DAT_01bfb258","01bfb258","READ","false","true"
"FUN_011e3360","011e3360","011e3b3e","","Stack[-0xa0]","WRITE","false","true"
"FUN_011e3360","011e3360","011e3b47","","Stack[-0xcc]","WRITE","false","true"
"FUN_011e3360","011e3360","011e3b52","","Stack[-0x9c]","WRITE","false","true"
"FUN_011e3360","011e3360","011e3b5c","","Stack[-0xa8]","WRITE","false","true"
"FUN_011e3360","011e3360","011e3b63","","Stack[-0x98]","WRITE","false","true"
"FUN_011e3360","011e3360","011e3b6d","","Stack[-0xa4]","WRITE","false","true"
"FUN_011e3360","011e3360","011e3b77","","Stack[-0x28]","WRITE","false","true"
"FUN_011e3360","011e3360","011e3b77","DAT_3f7ae148","3f7ae148","DATA","false","true"
"FUN_011e3360","011e3360","011e3b7e","","Stack[-0x28]","READ","false","true"
"FUN_011e3360","011e3360","011e3b81","","Stack[-0xc4]","WRITE","false","true"
"FUN_011e3360","011e3360","011e3b81","DAT_3f7ae148","3f7ae148","DATA","false","true"
"FUN_011e3360","011e3360","011e3b8c","s_COMMON_TXT_USE_ITEM_01ad85a8","01ad85a8","DATA","false","true"
"FUN_011e3360","011e3360","011e3b9f","FUN_00f19cc0","00f19cc0","UNCONDITIONAL_CALL","true","false"
"FUN_011e3360","011e3360","011e3ba4","","Stack[-0x250]","DATA","false","true"
"FUN_011e3360","011e3360","011e3bad","FUN_015ce480","015ce480","UNCONDITIONAL_CALL","true","false"
"FUN_011e3360","011e3360","011e3bb4","","Stack[-0x14]","WRITE","false","true"
"FUN_011e3360","011e3360","011e3bbc","LAB_011e3bc0","011e3bc0","CONDITIONAL_JUMP","false","false"
"FUN_011e3360","011e3360","011e3bce","LAB_011e3bc5","011e3bc5","CONDITIONAL_JUMP","false","false"
"FUN_011e3360","011e3360","011e3bd6","","Stack[-0xc0]","DATA","false","true"
"FUN_011e3360","011e3360","011e3bdc","FUN_00f1a040","00f1a040","UNCONDITIONAL_CALL","true","false"
"FUN_011e3360","011e3360","011e3be1","","Stack[-0x250]","DATA","false","true"
"FUN_011e3360","011e3360","011e3be7","","Stack[-0x14]","WRITE","false","true"
"FUN_011e3360","011e3360","011e3beb","FUN_00f1a330","00f1a330","UNCONDITIONAL_CALL","true","false"
"FUN_011e3360","011e3360","011e3bfc","","Stack[-0xcc]","DATA","false","true"
"FUN_011e3360","011e3360","011e3c02","","Stack[-0xa4]","WRITE","false","true"
"FUN_011e3360","011e3360","011e3c0f","FUN_01246bb0","01246bb0","UNCONDITIONAL_CALL","true","false"
"FUN_011e3360","011e3360","011e3c19","FUN_016830c0","016830c0","UNCONDITIONAL_CALL","true","false"
"FUN_011e3360","011e3360","011e3c23","","Stack[-0x1fc]","WRITE","false","true"
"FUN_011e3360","011e3360","011e3c29","","Stack[-0x14]","WRITE","false","true"
"FUN_011e3360","011e3360","011e3c2f","LAB_011e3c4c","011e3c4c","CONDITIONAL_JUMP","false","false"
"FUN_011e3360","011e3360","011e3c39","VCRUNTIME140.DLL::memset","01831f34","UNCONDITIONAL_CALL","true","false"
"FUN_011e3360","011e3360","011e3c43","FUN_01250410","01250410","UNCONDITIONAL_CALL","true","false"
"FUN_011e3360","011e3360","011e3c4a","LAB_011e3c4e","011e3c4e","UNCONDITIONAL_JUMP","false","false"
"FUN_011e3360","011e3360","011e3c59","","Stack[-0x1dc]","WRITE","false","true"
"FUN_011e3360","011e3360","011e3c63","","Stack[-0x1ec]","WRITE","false","true"
"FUN_011e3360","011e3360","011e3c6a","","Stack[-0x1d8]","WRITE","false","true"
"FUN_011e3360","011e3360","011e3c74","","Stack[-0x1ec]","WRITE","false","true"
"FUN_011e3360","011e3360","011e3c7b","","Stack[-0x1c0]","WRITE","false","true"
"FUN_011e3360","011e3360","011e3c81","","Stack[-0x220]","READ","false","true"
"FUN_011e3360","011e3360","011e3c8b","","Stack[-0x14]","WRITE","false","true"
"FUN_011e3360","011e3360","011e3c92","DAT_01bfe468","01bfe468","READ","false","true"
"FUN_011e3360","011e3360","011e3c9c","","Stack[-0x28]","WRITE","false","true"
"FUN_011e3360","011e3360","011e3c9c","DAT_3f7ae148","3f7ae148","DATA","false","true"
"FUN_011e3360","011e3360","011e3ca3","","Stack[-0x1cc]","WRITE","false","true"
"FUN_011e3360","011e3360","011e3ca9","","Stack[-0x28]","READ","false","true"
"FUN_011e3360","011e3360","011e3caf","","Stack[-0x1f0]","WRITE","false","true"
"FUN_011e3360","011e3360","011e3caf","DAT_3f7ae148","3f7ae148","DATA","false","true"
"FUN_011e3360","011e3360","011e3cb7","","Stack[-0x1f8]","WRITE","false","true"
"FUN_011e3360","011e3360","011e3ccc","","Stack[-0x28]","WRITE","false","true"
"FUN_011e3360","011e3360","011e3ccc","DAT_3f7ae148","3f7ae148","DATA","false","true"
"FUN_011e3360","011e3360","011e3cd3","","Stack[-0x28]","READ","false","true"
"FUN_011e3360","011e3360","011e3cd6","DAT_3f7ae148","3f7ae148","DATA","false","true"
"FUN_011e3360","011e3360","011e3cdb","","Stack[-0x1c8]","WRITE","false","true"
"FUN_011e3360","011e3360","011e3ce5","","Stack[-0x1d4]","WRITE","false","true"
"FUN_011e3360","011e3360","011e3cec","","Stack[-0x1c4]","WRITE","false","true"
"FUN_011e3360","011e3360","011e3cf6","","Stack[-0x1d0]","WRITE","false","true"
"FUN_011e3360","011e3360","011e3d0b","","Stack[-0x1f8]","DATA","false","true"
"FUN_011e3360","011e3360","011e3d14","FUN_01246bb0","01246bb0","UNCONDITIONAL_CALL","true","false"
"FUN_011e3360","011e3360","011e3d24","FUN_016830c0","016830c0","UNCONDITIONAL_CALL","true","false"
"FUN_011e3360","011e3360","011e3d2e","","Stack[-0x1fc]","WRITE","false","true"
"FUN_011e3360","011e3360","011e3d34","","Stack[-0x14]","WRITE","false","true"
"FUN_011e3360","011e3360","011e3d3a","LAB_011e3d57","011e3d57","CONDITIONAL_JUMP","false","false"
"FUN_011e3360","011e3360","011e3d44","VCRUNTIME140.DLL::memset","01831f34","UNCONDITIONAL_CALL","true","false"
"FUN_011e3360","011e3360","011e3d4e","FUN_01250410","01250410","UNCONDITIONAL_CALL","true","false"
"FUN_011e3360","011e3360","011e3d55","LAB_011e3d59","011e3d59","UNCONDITIONAL_JUMP","false","false"
"FUN_011e3360","011e3360","011e3d64","","Stack[-0x1a0]","WRITE","false","true"
"FUN_011e3360","011e3360","011e3d6e","","Stack[-0x1b0]","WRITE","false","true"
"FUN_011e3360","011e3360","011e3d75","","Stack[-0x19c]","WRITE","false","true"
"FUN_011e3360","011e3360","011e3d7f","","Stack[-0x1b0]","WRITE","false","true"
"FUN_011e3360","011e3360","011e3d86","","Stack[-0x184]","WRITE","false","true"
"FUN_011e3360","011e3360","011e3d8c","","Stack[-0x220]","READ","false","true"
"FUN_011e3360","011e3360","011e3d96","","Stack[-0x14]","WRITE","false","true"
"FUN_011e3360","011e3360","011e3d9d","DAT_01bfe468","01bfe468","READ","false","true"
"FUN_011e3360","011e3360","011e3da7","","Stack[-0x28]","WRITE","false","true"
"FUN_011e3360","011e3360","011e3da7","DAT_3f7ae148","3f7ae148","DATA","false","true"
"FUN_011e3360","011e3360","011e3dae","","Stack[-0x190]","WRITE","false","true"
"FUN_011e3360","011e3360","011e3db4","","Stack[-0x28]","READ","false","true"
"FUN_011e3360","011e3360","011e3dba","","Stack[-0x1b4]","WRITE","false","true"
"FUN_011e3360","011e3360","011e3dba","DAT_3f7ae148","3f7ae148","DATA","false","true"
"FUN_011e3360","011e3360","011e3dc2","","Stack[-0x1bc]","WRITE","false","true"
"FUN_011e3360","011e3360","011e3dd7","","Stack[-0x28]","WRITE","false","true"
"FUN_011e3360","011e3360","011e3dd7","DAT_3f7ae148","3f7ae148","DATA","false","true"
"FUN_011e3360","011e3360","011e3dde","","Stack[-0x28]","READ","false","true"
"FUN_011e3360","011e3360","011e3de1","DAT_3f7ae148","3f7ae148","DATA","false","true"
"FUN_011e3360","011e3360","011e3de6","","Stack[-0x18c]","WRITE","false","true"
"FUN_011e3360","011e3360","011e3df0","","Stack[-0x198]","WRITE","false","true"
"FUN_011e3360","011e3360","011e3df7","","Stack[-0x188]","WRITE","false","true"
"FUN_011e3360","011e3360","011e3e01","","Stack[-0x194]","WRITE","false","true"
"FUN_011e3360","011e3360","011e3e16","","Stack[-0x1bc]","DATA","false","true"
"FUN_011e3360","011e3360","011e3e1f","FUN_01246bb0","01246bb0","UNCONDITIONAL_CALL","true","false"
"FUN_011e3360","011e3360","011e3e2f","FUN_016830c0","016830c0","UNCONDITIONAL_CALL","true","false"
"FUN_011e3360","011e3360","011e3e39","","Stack[-0x1fc]","WRITE","false","true"
"FUN_011e3360","011e3360","011e3e3f","","Stack[-0x14]","WRITE","false","true"
"FUN_011e3360","011e3360","011e3e45","LAB_011e3e62","011e3e62","CONDITIONAL_JUMP","false","false"
"FUN_011e3360","011e3360","011e3e4f","VCRUNTIME140.DLL::memset","01831f34","UNCONDITIONAL_CALL","true","false"
"FUN_011e3360","011e3360","011e3e59","FUN_01250410","01250410","UNCONDITIONAL_CALL","true","false"
"FUN_011e3360","011e3360","011e3e60","LAB_011e3e64","011e3e64","UNCONDITIONAL_JUMP","false","false"
"FUN_011e3360","011e3360","011e3e6f","","Stack[-0x164]","WRITE","false","true"
"FUN_011e3360","011e3360","011e3e79","","Stack[-0x174]","WRITE","false","true"
"FUN_011e3360","011e3360","011e3e80","","Stack[-0x160]","WRITE","false","true"
"FUN_011e3360","011e3360","011e3e8a","","Stack[-0x174]","WRITE","false","true"
"FUN_011e3360","011e3360","011e3e91","","Stack[-0x148]","WRITE","false","true"
"FUN_011e3360","011e3360","011e3e97","","Stack[-0x220]","READ","false","true"
"FUN_011e3360","011e3360","011e3ea1","","Stack[-0x14]","WRITE","false","true"
"FUN_011e3360","011e3360","011e3ea8","DAT_01bfe468","01bfe468","READ","false","true"
"FUN_011e3360","011e3360","011e3eb2","","Stack[-0x28]","WRITE","false","true"
"FUN_011e3360","011e3360","011e3eb2","DAT_3f7ae148","3f7ae148","DATA","false","true"
"FUN_011e3360","011e3360","011e3eb9","","Stack[-0x154]","WRITE","false","true"
"FUN_011e3360","011e3360","011e3ebf","","Stack[-0x28]","READ","false","true"
"FUN_011e3360","011e3360","011e3ec5","","Stack[-0x178]","WRITE","false","true"
"FUN_011e3360","011e3360","011e3ec5","DAT_3f7ae148","3f7ae148","DATA","false","true"
"FUN_011e3360","011e3360","011e3ecd","","Stack[-0x180]","WRITE","false","true"
"FUN_011e3360","011e3360","011e3ee2","","Stack[-0x28]","WRITE","false","true"
"FUN_011e3360","011e3360","011e3ee2","DAT_3f7ae148","3f7ae148","DATA","false","true"
"FUN_011e3360","011e3360","011e3ee9","","Stack[-0x28]","READ","false","true"
"FUN_011e3360","011e3360","011e3eec","DAT_3f7ae148","3f7ae148","DATA","false","true"
"FUN_011e3360","011e3360","011e3ef1","","Stack[-0x150]","WRITE","false","true"
"FUN_011e3360","011e3360","011e3efb","","Stack[-0x15c]","WRITE","false","true"
"FUN_011e3360","011e3360","011e3f02","","Stack[-0x14c]","WRITE","false","true"
"FUN_011e3360","011e3360","011e3f0c","","Stack[-0x158]","WRITE","false","true"
"FUN_011e3360","011e3360","011e3f24","","Stack[-0x180]","DATA","false","true"
"FUN_011e3360","011e3360","011e3f2d","FUN_01246bb0","01246bb0","UNCONDITIONAL_CALL","true","false"
"FUN_011e3360","011e3360","011e3f3d","FUN_016830c0","016830c0","UNCONDITIONAL_CALL","true","false"
"FUN_011e3360","011e3360","011e3f47","","Stack[-0x1fc]","WRITE","false","true"
"FUN_011e3360","011e3360","011e3f4d","","Stack[-0x14]","WRITE","false","true"
"FUN_011e3360","011e3360","011e3f53","LAB_011e3f70","011e3f70","CONDITIONAL_JUMP","false","false"
"FUN_011e3360","011e3360","011e3f5d","VCRUNTIME140.DLL::memset","01831f34","UNCONDITIONAL_CALL","true","false"
"FUN_011e3360","011e3360","011e3f67","FUN_01250410","01250410","UNCONDITIONAL_CALL","true","false"
"FUN_011e3360","011e3360","011e3f6e","LAB_011e3f72","011e3f72","UNCONDITIONAL_JUMP","false","false"
"FUN_011e3360","011e3360","011e3f7d","","Stack[-0x5c]","WRITE","false","true"
"FUN_011e3360","011e3360","011e3f84","","Stack[-0x6c]","WRITE","false","true"
"FUN_011e3360","011e3360","011e3f88","","Stack[-0x58]","WRITE","false","true"
"FUN_011e3360","011e3360","011e3f8f","","Stack[-0x6c]","WRITE","false","true"
"FUN_011e3360","011e3360","011e3f93","","Stack[-0x40]","WRITE","false","true"
"FUN_011e3360","011e3360","011e3f96","","Stack[-0x220]","READ","false","true"
"FUN_011e3360","011e3360","011e3fa0","","Stack[-0x14]","WRITE","false","true"
"FUN_011e3360","011e3360","011e3fa6","DAT_01bfe468","01bfe468","READ","false","true"
"FUN_011e3360","011e3360","011e3fb1","","Stack[-0x28]","WRITE","false","true"
"FUN_011e3360","011e3360","011e3fb1","DAT_3f7ae148","3f7ae148","DATA","false","true"
"FUN_011e3360","011e3360","011e3fb8","","Stack[-0x4c]","WRITE","false","true"
"FUN_011e3360","011e3360","011e3fbb","","Stack[-0x28]","READ","false","true"
"FUN_011e3360","011e3360","011e3fbe","","Stack[-0x70]","WRITE","false","true"
"FUN_011e3360","011e3360","011e3fbe","DAT_3f7ae148","3f7ae148","DATA","false","true"
"FUN_011e3360","011e3360","011e3fd0","","Stack[-0x28]","WRITE","false","true"
"FUN_011e3360","011e3360","011e3fd0","DAT_3f7ae148","3f7ae148","DATA","false","true"
"FUN_011e3360","011e3360","011e3fd7","","Stack[-0x28]","READ","false","true"
"FUN_011e3360","011e3360","011e3fda","DAT_3f7ae148","3f7ae148","DATA","false","true"
"FUN_011e3360","011e3360","011e3fdf","","Stack[-0x48]","WRITE","false","true"
"FUN_011e3360","011e3360","011e3fe6","","Stack[-0x78]","WRITE","false","true"
"FUN_011e3360","011e3360","011e3feb","","Stack[-0x54]","WRITE","false","true"
"FUN_011e3360","011e3360","011e3fef","","Stack[-0x44]","WRITE","false","true"
"FUN_011e3360","011e3360","011e3ff6","","Stack[-0x50]","WRITE","false","true"
"FUN_011e3360","011e3360","011e400b","","Stack[-0x78]","DATA","false","true"
"FUN_011e3360","011e3360","011e4011","FUN_01246bb0","01246bb0","UNCONDITIONAL_CALL","true","false"
"FUN_011e3360","011e3360","011e402d","FUN_012468c0","012468c0","UNCONDITIONAL_CALL","true","false"
"FUN_011e3360","011e3360","011e403a","LAB_011e412a","011e412a","CONDITIONAL_JUMP","false","false"
"FUN_011e3360","011e3360","011e4040","","Stack[-0x200]","DATA","false","true"
"FUN_011e3360","011e3360","011e4046","","Stack[-0x200]","WRITE","false","true"
"FUN_011e3360","011e3360","011e4054","","Stack[-0x1fc]","WRITE","false","true"
"FUN_011e3360","011e3360","011e405e","FUN_0124d5e0","0124d5e0","UNCONDITIONAL_CALL","true","false"
"FUN_011e3360","011e3360","011e406b","","Stack[-0x208]","WRITE","false","true"
"FUN_011e3360","011e3360","011e4071","operator_new","017986a9","UNCONDITIONAL_CALL","true","false"
"FUN_011e3360","011e3360","011e407b","","Stack[-0x1fc]","WRITE","false","true"
"FUN_011e3360","011e3360","011e4081","","Stack[-0x208]","READ","false","true"
"FUN_011e3360","011e3360","011e4087","DAT_01ae39e8","01ae39e8","DATA","false","true"
"FUN_011e3360","011e3360","011e4099","LAB_011e40a7","011e40a7","CONDITIONAL_JUMP","false","false"
"FUN_011e3360","011e3360","011e40a1","","Stack[-0x208]","READ","false","true"
"FUN_011e3360","011e3360","011e40a7","DAT_01bfe640","01bfe640","READ","false","true"
"FUN_011e3360","011e3360","011e40b2","LAB_011e412a","011e412a","CONDITIONAL_JUMP","false","false"
"FUN_011e3360","011e3360","011e40ba","","Stack[-0x208]","DATA","false","true"
"FUN_011e3360","011e3360","011e40c1","","Stack[-0x1fc]","DATA","false","true"
"FUN_011e3360","011e3360","011e40c7","","Stack[-0x208]","WRITE","false","true"
"FUN_011e3360","011e3360","011e40d2","","Stack[-0x28c]","DATA","false","true"
"FUN_011e3360","011e3360","011e40d8","","Stack[-0x1fc]","WRITE","false","true"
"FUN_011e3360","011e3360","011e40e3","FUN_0123a800","0123a800","UNCONDITIONAL_CALL","true","false"
"FUN_011e3360","011e3360","011e40e8","","Stack[-0x14]","WRITE","false","true"
"FUN_011e3360","011e3360","011e40f1","LAB_011e4107","011e4107","CONDITIONAL_JUMP","false","false"
"FUN_011e3360","011e3360","011e40f4","FUN_0123ff00","0123ff00","UNCONDITIONAL_CALL","true","false"
"FUN_011e3360","011e3360","011e40fb","LAB_011e4107","011e4107","CONDITIONAL_JUMP","false","false"
"FUN_011e3360","011e3360","011e4107","","Stack[-0x28c]","DATA","false","true"
"FUN_011e3360","011e3360","011e410d","","Stack[-0x14]","WRITE","false","true"
"FUN_011e3360","011e3360","011e4111","FUN_00f1a420","00f1a420","UNCONDITIONAL_CALL","true","false"
"FUN_011e3360","011e3360","011e4121","LAB_011e412a","011e412a","CONDITIONAL_JUMP","false","false"
"FUN_011e3360","011e3360","011e412c","FUN_011e4890","011e4890","UNCONDITIONAL_CALL","true","false"
"FUN_011e3360","011e3360","011e4133","FUN_011e4700","011e4700","UNCONDITIONAL_CALL","true","false"
"FUN_011e3360","011e3360","011e413a","FUN_011e44b0","011e44b0","UNCONDITIONAL_CALL","true","false"
"FUN_011e3360","011e3360","011e413f","","Stack[-0x6c]","DATA","false","true"
"FUN_011e3360","011e3360","011e4142","","Stack[-0x4c]","WRITE","false","true"
"FUN_011e3360","011e3360","011e4149","FUN_00f1a330","00f1a330","UNCONDITIONAL_CALL","true","false"
"FUN_011e3360","011e3360","011e414e","","Stack[-0x174]","DATA","false","true"
"FUN_011e3360","011e3360","011e4154","","Stack[-0x154]","WRITE","false","true"
"FUN_011e3360","011e3360","011e415e","FUN_00f1a330","00f1a330","UNCONDITIONAL_CALL","true","false"
"FUN_011e3360","011e3360","011e4163","","Stack[-0x1b0]","DATA","false","true"
"FUN_011e3360","011e3360","011e4169","","Stack[-0x190]","WRITE","false","true"
"FUN_011e3360","011e3360","011e4173","FUN_00f1a330","00f1a330","UNCONDITIONAL_CALL","true","false"
"FUN_011e3360","011e3360","011e4178","","Stack[-0x1ec]","DATA","false","true"
"FUN_011e3360","011e3360","011e417e","","Stack[-0x1cc]","WRITE","false","true"
"FUN_011e3360","011e3360","011e4188","FUN_00f1a330","00f1a330","UNCONDITIONAL_CALL","true","false"
"FUN_011e3360","011e3360","011e418d","","Stack[-0xc0]","DATA","false","true"
"FUN_011e3360","011e3360","011e4193","","Stack[-0xa0]","WRITE","false","true"
"FUN_011e3360","011e3360","011e419d","FUN_00f1a330","00f1a330","UNCONDITIONAL_CALL","true","false"
"FUN_011e3360","011e3360","011e41a2","","Stack[-0xfc]","DATA","false","true"
"FUN_011e3360","011e3360","011e41a8","","Stack[-0xdc]","WRITE","false","true"
"FUN_011e3360","011e3360","011e41b2","FUN_00f1a330","00f1a330","UNCONDITIONAL_CALL","true","false"
"FUN_011e3360","011e3360","011e41b7","","Stack[-0x138]","DATA","false","true"
"FUN_011e3360","011e3360","011e41bd","","Stack[-0x118]","WRITE","false","true"
"FUN_011e3360","011e3360","011e41c7","FUN_00f1a330","00f1a330","UNCONDITIONAL_CALL","true","false"
"FUN_011e3360","011e3360","011e41cc","","Stack[-0x90]","DATA","false","true"
"FUN_011e3360","011e3360","011e41cf","FUN_00f1a330","00f1a330","UNCONDITIONAL_CALL","true","false"
"FUN_011e3360","011e3360","011e41d4","","Stack[-0x1c]","READ","false","true"
"FUN_011e3360","011e3360","011e41d7","ExceptionList","ffdff000","WRITE","false","true"
"FUN_011e3360","011e3360","011e41e1","","Stack[-0x24]","READ","false","true"
"FUN_011e3360","011e3360","011e41e6","__security_check_cookie","0179869b","UNCONDITIONAL_CALL","true","false"
"FUN_011e3360","011e3360","011e41f0","","Stack[-0x4]","DATA","false","true"
"FUN_011ee3c0","011ee3c0","011ee3cd","","Stack[0x0]","READ","false","true"
"FUN_011ee3c0","011ee3c0","011ee3d0","","Stack[-0xc]","WRITE","false","true"
"FUN_011ee3c0","011ee3c0","011ee3d8","LAB_019838f8","019838f8","DATA","false","true"
"FUN_011ee3c0","011ee3c0","011ee3dd","ExceptionList","ffdff000","READ","false","true"
"FUN_011ee3c0","011ee3c0","011ee3eb","DAT_01bbb1c0","01bbb1c0","READ","false","true"
"FUN_011ee3c0","011ee3c0","011ee3f2","","Stack[-0x24]","WRITE","false","true"
"FUN_011ee3c0","011ee3c0","011ee3f8","","Stack[-0x1c]","DATA","false","true"
"FUN_011ee3c0","011ee3c0","011ee3fb","ExceptionList","ffdff000","WRITE","false","true"
"FUN_011ee3c0","011ee3c0","011ee403","DAT_01bfb2d8","01bfb2d8","READ","false","true"
"FUN_011ee3c0","011ee3c0","011ee408","DAT_01bfb2c4","01bfb2c4","READ","false","true"
"FUN_011ee3c0","011ee3c0","011ee41f","DAT_01bfc3b4","01bfc3b4","READ","false","true"
"FUN_011ee3c0","011ee3c0","011ee42d","DAT_01bfc3b4","01bfc3b4","READ","false","true"
"FUN_011ee3c0","011ee3c0","011ee444","DAT_01bfb2a0","01bfb2a0","READ","false","true"
"FUN_011ee3c0","011ee3c0","011ee452","LAB_011ee460","011ee460","CONDITIONAL_JUMP","false","false"
"FUN_011ee3c0","011ee3c0","011ee456","FUN_00f54dc0","00f54dc0","UNCONDITIONAL_CALL","true","false"
"FUN_011ee3c0","011ee3c0","011ee45b","DAT_01bfb2a0","01bfb2a0","READ","false","true"
"FUN_011ee3c0","011ee3c0","011ee460","DAT_01bb97a0","01bb97a0","WRITE","false","true"
"FUN_011ee3c0","011ee3c0","011ee469","LAB_011ee47d","011ee47d","CONDITIONAL_JUMP","false","false"
"FUN_011ee3c0","011ee3c0","011ee46b","DAT_01b027a8","01b027a8","READ","false","true"
"FUN_011ee3c0","011ee3c0","011ee473","s_Enchant_Room.mp3_01ac8de8","01ac8de8","DATA","false","true"
"FUN_011ee3c0","011ee3c0","011ee478","FUN_00f547c0","00f547c0","UNCONDITIONAL_CALL","true","false"
"FUN_011ee3c0","011ee3c0","011ee47d","DAT_01bfb2a8","01bfb2a8","READ","false","true"
"FUN_011ee3c0","011ee3c0","011ee498","DAT_01bfb2a8","01bfb2a8","READ","false","true"
"FUN_011ee3c0","011ee3c0","011ee4a8","","Stack[-0x28]","WRITE","false","true"
"FUN_011ee3c0","011ee3c0","011ee4af","","Stack[-0x28]","READ","false","true"
"FUN_011ee3c0","011ee3c0","011ee4c5","","Stack[-0x448]","DATA","false","true"
"FUN_011ee3c0","011ee3c0","011ee4ce","","Stack[-0x460]","WRITE","false","true"
"FUN_011ee3c0","011ee3c0","011ee4d5","VCRUNTIME140.DLL::memset","01831f34","UNCONDITIONAL_CALL","true","false"
"FUN_011ee3c0","011ee3c0","011ee4dd","","Stack[-0x448]","DATA","false","true"
"FUN_011ee3c0","011ee3c0","011ee4e3","FUN_0169ab10","0169ab10","UNCONDITIONAL_CALL","true","false"
"FUN_011ee3c0","011ee3c0","011ee4e8","s_Data/etcobject/DatsCenter/F_DATS_01ac8dfc","01ac8dfc","DATA","false","true"
"FUN_011ee3c0","011ee3c0","011ee4ed","","Stack[-0x448]","DATA","false","true"
"FUN_011ee3c0","011ee3c0","011ee4f3","","Stack[-0x14]","WRITE","false","true"
"FUN_011ee3c0","011ee3c0","011ee4fa","FUN_0169c4f0","0169c4f0","UNCONDITIONAL_CALL","true","false"
"FUN_011ee3c0","011ee3c0","011ee501","LAB_011ee51c","011ee51c","CONDITIONAL_JUMP","false","false"
"FUN_011ee3c0","011ee3c0","011ee503","s_Data/etcobject/DatsCenter/F_DATS_01ac8dfc","01ac8dfc","DATA","false","true"
"FUN_011ee3c0","011ee3c0","011ee508","DAT_01ac8e28","01ac8e28","DATA","false","true"
"FUN_011ee3c0","011ee3c0","011ee50f","FUN_015aa730","015aa730","UNCONDITIONAL_CALL","true","false"
"FUN_011ee3c0","011ee3c0","011ee517","LAB_011eea23","011eea23","UNCONDITIONAL_JUMP","false","false"
"FUN_011ee3c0","011ee3c0","011ee51c","","Stack[-0x2ec]","READ","false","true"
"FUN_011ee3c0","011ee3c0","011ee524","","Stack[-0x34]","WRITE","false","true"
"FUN_011ee3c0","011ee3c0","011ee52a","","Stack[-0x44c]","WRITE","false","true"
"FUN_011ee3c0","011ee3c0","011ee532","LAB_011ee539","011ee539","CONDITIONAL_JUMP","false","false"
"FUN_011ee3c0","011ee3c0","011ee537","LAB_011ee53f","011ee53f","UNCONDITIONAL_JUMP","false","false"
"FUN_011ee3c0","011ee3c0","011ee539","","Stack[-0x44c]","WRITE","false","true"
"FUN_011ee3c0","011ee3c0","011ee544","","Stack[-0x14]","WRITE","false","true"
"FUN_011ee3c0","011ee3c0","011ee548","FUN_01489f70","01489f70","UNCONDITIONAL_CALL","true","false"
"FUN_011ee3c0","011ee3c0","011ee55e","LAB_011ee569","011ee569","CONDITIONAL_JUMP","false","false"
"FUN_011ee3c0","011ee3c0","011ee560","","Stack[-0x44c]","READ","false","true"
"FUN_011ee3c0","011ee3c0","011ee569","FUN_01487b70","01487b70","UNCONDITIONAL_CALL","true","false"
"FUN_011ee3c0","011ee3c0","011ee57c","DAT_01bee678","01bee678","READ","false","true"
"FUN_011ee3c0","011ee3c0","011ee596","FUN_016a0910","016a0910","UNCONDITIONAL_CALL","true","false"
"FUN_011ee3c0","011ee3c0","011ee5a1","FUN_01692d50","01692d50","UNCONDITIONAL_CALL","true","false"
"FUN_011ee3c0","011ee3c0","011ee5b3","FUN_01692c40","01692c40","UNCONDITIONAL_CALL","true","false"
"FUN_011ee3c0","011ee3c0","011ee5b8","s_Data/etcobject/DatsCenter/E_Grad_01ad7020","01ad7020","DATA","false","true"
"FUN_011ee3c0","011ee3c0","011ee5bd","","Stack[-0x448]","DATA","false","true"
"FUN_011ee3c0","011ee3c0","011ee5c3","FUN_0169c4f0","0169c4f0","UNCONDITIONAL_CALL","true","false"
"FUN_011ee3c0","011ee3c0","011ee5ca","LAB_011ee5d6","011ee5d6","CONDITIONAL_JUMP","false","false"
"FUN_011ee3c0","011ee3c0","011ee5cc","s_Data/etcobject/DatsCenter/E_Grad_01ad7020","01ad7020","DATA","false","true"
"FUN_011ee3c0","011ee3c0","011ee5d1","LAB_011ee6c6","011ee6c6","UNCONDITIONAL_JUMP","false","false"
"FUN_011ee3c0","011ee3c0","011ee5d6","","Stack[-0x2ec]","READ","false","true"
"FUN_011ee3c0","011ee3c0","011ee5de","","Stack[-0x450]","WRITE","false","true"
"FUN_011ee3c0","011ee3c0","011ee5e6","LAB_011ee616","011ee616","CONDITIONAL_JUMP","false","false"
"FUN_011ee3c0","011ee3c0","011ee5ea","LAB_011ee609","011ee609","CONDITIONAL_JUMP","false","false"
"FUN_011ee3c0","011ee3c0","011ee5ec","","Stack[-0x44c]","READ","false","true"
"FUN_011ee3c0","011ee3c0","011ee5fa","LAB_011ee609","011ee609","CONDITIONAL_JUMP","false","false"
"FUN_011ee3c0","011ee3c0","011ee603","","Stack[-0x450]","READ","false","true"
"FUN_011ee3c0","011ee3c0","011ee60b","","Stack[-0x34]","WRITE","false","true"
"FUN_011ee3c0","011ee3c0","011ee610","LAB_011ee616","011ee616","CONDITIONAL_JUMP","false","false"
"FUN_011ee3c0","011ee3c0","011ee61b","FUN_01489f70","01489f70","UNCONDITIONAL_CALL","true","false"
"FUN_011ee3c0","011ee3c0","011ee632","","Stack[-0x44c]","WRITE","false","true"
"FUN_011ee3c0","011ee3c0","011ee63a","LAB_011ee641","011ee641","CONDITIONAL_JUMP","false","false"
"FUN_011ee3c0","011ee3c0","011ee63f","LAB_011ee647","011ee647","UNCONDITIONAL_JUMP","false","false"
"FUN_011ee3c0","011ee3c0","011ee641","","Stack[-0x44c]","WRITE","false","true"
"FUN_011ee3c0","011ee3c0","011ee647","FUN_01487b70","01487b70","UNCONDITIONAL_CALL","true","false"
"FUN_011ee3c0","011ee3c0","011ee65a","DAT_01bee678","01bee678","READ","false","true"
"FUN_011ee3c0","011ee3c0","011ee674","FUN_016a0910","016a0910","UNCONDITIONAL_CALL","true","false"
"FUN_011ee3c0","011ee3c0","011ee679","DAT_01b02768","01b02768","READ","false","true"
"FUN_011ee3c0","011ee3c0","011ee68a","","Stack[-0x28]","WRITE","false","true"
"FUN_011ee3c0","011ee3c0","011ee68a","DAT_3f800000","3f800000","DATA","false","true"
"FUN_011ee3c0","011ee3c0","011ee691","","Stack[-0x28]","READ","false","true"
"FUN_011ee3c0","011ee3c0","011ee69b","","Stack[-0x470]","WRITE","false","true"
"FUN_011ee3c0","011ee3c0","011ee69b","DAT_3f800000","3f800000","DATA","false","true"
"FUN_011ee3c0","011ee3c0","011ee6a2","DAT_3f800000","3f800000","DATA","false","true"
"FUN_011ee3c0","011ee3c0","011ee6a5","FUN_0148a890","0148a890","UNCONDITIONAL_CALL","true","false"
"FUN_011ee3c0","011ee3c0","011ee6ad","","Stack[-0x448]","DATA","false","true"
"FUN_011ee3c0","011ee3c0","011ee6b3","s_Data/etcobject/DatsCenter/D_Grad_01ac8e84","01ac8e84","DATA","false","true"
"FUN_011ee3c0","011ee3c0","011ee6b8","FUN_0169c4f0","0169c4f0","UNCONDITIONAL_CALL","true","false"
"FUN_011ee3c0","011ee3c0","011ee6bf","LAB_011ee6db","011ee6db","CONDITIONAL_JUMP","false","false"
"FUN_011ee3c0","011ee3c0","011ee6c1","s_Data/etcobject/DatsCenter/D_Grad_01ac8e84","01ac8e84","DATA","false","true"
"FUN_011ee3c0","011ee3c0","011ee6c6","s_Data/etcobject/DatsCenter/E_Grad_01ad7020","01ad7020","DATA","false","true"
"FUN_011ee3c0","011ee3c0","011ee6c6","s_Data/etcobject/DatsCenter/D_Grad_01ac8e84","01ac8e84","DATA","false","true"
"FUN_011ee3c0","011ee3c0","011ee6c7","DAT_01ac8e28","01ac8e28","DATA","false","true"
"FUN_011ee3c0","011ee3c0","011ee6ce","FUN_015aa730","015aa730","UNCONDITIONAL_CALL","true","false"
"FUN_011ee3c0","011ee3c0","011ee6d6","LAB_011eea09","011eea09","UNCONDITIONAL_JUMP","false","false"
"FUN_011ee3c0","011ee3c0","011ee6db","","Stack[-0x2ec]","READ","false","true"
"FUN_011ee3c0","011ee3c0","011ee6e3","","Stack[-0x450]","WRITE","false","true"
"FUN_011ee3c0","011ee3c0","011ee6eb","LAB_011ee71b","011ee71b","CONDITIONAL_JUMP","false","false"
"FUN_011ee3c0","011ee3c0","011ee6ef","LAB_011ee70e","011ee70e","CONDITIONAL_JUMP","false","false"
"FUN_011ee3c0","011ee3c0","011ee6f1","","Stack[-0x44c]","READ","false","true"
"FUN_011ee3c0","011ee3c0","011ee6ff","LAB_011ee70e","011ee70e","CONDITIONAL_JUMP","false","false"
"FUN_011ee3c0","011ee3c0","011ee708","","Stack[-0x450]","READ","false","true"
"FUN_011ee3c0","011ee3c0","011ee710","","Stack[-0x34]","WRITE","false","true"
"FUN_011ee3c0","011ee3c0","011ee715","LAB_011ee71b","011ee71b","CONDITIONAL_JUMP","false","false"
"FUN_011ee3c0","011ee3c0","011ee720","FUN_01489f70","01489f70","UNCONDITIONAL_CALL","true","false"
"FUN_011ee3c0","011ee3c0","011ee736","LAB_011ee73c","011ee73c","CONDITIONAL_JUMP","false","false"
"FUN_011ee3c0","011ee3c0","011ee73c","FUN_01487b70","01487b70","UNCONDITIONAL_CALL","true","false"
"FUN_011ee3c0","011ee3c0","011ee74f","DAT_01bee678","01bee678","READ","false","true"
"FUN_011ee3c0","011ee3c0","011ee769","FUN_016a0910","016a0910","UNCONDITIONAL_CALL","true","false"
"FUN_011ee3c0","011ee3c0","011ee76e","","Stack[-0x470]","READ","false","true"
"FUN_011ee3c0","011ee3c0","011ee77e","","Stack[-0x28]","WRITE","false","true"
"FUN_011ee3c0","011ee3c0","011ee77e","DAT_3f800000","3f800000","DATA","false","true"
"FUN_011ee3c0","011ee3c0","011ee785","","Stack[-0x28]","READ","false","true"
"FUN_011ee3c0","011ee3c0","011ee78c","DAT_3f800000","3f800000","DATA","false","true"
"FUN_011ee3c0","011ee3c0","011ee78f","FUN_0148a890","0148a890","UNCONDITIONAL_CALL","true","false"
"FUN_011ee3c0","011ee3c0","011ee794","DAT_01bfc3b4","01bfc3b4","READ","false","true"
"FUN_011ee3c0","011ee3c0","011ee79c","","Stack[-0x460]","READ","false","true"
"FUN_011ee3c0","011ee3c0","011ee7a3","DAT_01b02b34","01b02b34","READ","false","true"
"FUN_011ee3c0","011ee3c0","011ee7ae","","Stack[-0x28]","WRITE","false","true"
"FUN_011ee3c0","011ee3c0","011ee7bf","DAT_01bfc3b4","01bfc3b4","READ","false","true"
"FUN_011ee3c0","011ee3c0","011ee7d3","DAT_01b02aac","01b02aac","READ","false","true"
"FUN_011ee3c0","011ee3c0","011ee7e3","","Stack[-0x28]","WRITE","false","true"
"FUN_011ee3c0","011ee3c0","011ee7ec","LAB_011ee80a","011ee80a","CONDITIONAL_JUMP","false","false"
"FUN_011ee3c0","011ee3c0","011ee7fa","LAB_011ee80a","011ee80a","CONDITIONAL_JUMP","false","false"
"FUN_011ee3c0","011ee3c0","011ee808","LAB_011ee81b","011ee81b","CONDITIONAL_JUMP","false","false"
"FUN_011ee3c0","011ee3c0","011ee80a","","Stack[-0x28]","READ","false","true"
"FUN_011ee3c0","011ee3c0","011ee815","DAT_01bfc3b4","01bfc3b4","READ","false","true"
"FUN_011ee3c0","011ee3c0","011ee820","FUN_0147ab50","0147ab50","UNCONDITIONAL_CALL","true","false"
"FUN_011ee3c0","011ee3c0","011ee825","DAT_01bfc3b4","01bfc3b4","READ","false","true"
"FUN_011ee3c0","011ee3c0","011ee82b","DAT_01b029d4","01b029d4","READ","false","true"
"FUN_011ee3c0","011ee3c0","011ee833","DAT_01b029d8","01b029d8","READ","false","true"
"FUN_011ee3c0","011ee3c0","011ee861","LAB_011ee868","011ee868","CONDITIONAL_JUMP","false","false"
"FUN_011ee3c0","011ee3c0","011ee866","LAB_011ee86c","011ee86c","UNCONDITIONAL_JUMP","false","false"
"FUN_011ee3c0","011ee3c0","011ee86e","DAT_01b03420","01b03420","READ","false","true"
"FUN_011ee3c0","011ee3c0","011ee876","","Stack[-0x460]","READ","false","true"
"FUN_011ee3c0","011ee3c0","011ee88b","","Stack[-0x28]","WRITE","false","true"
"FUN_011ee3c0","011ee3c0","011ee892","","Stack[-0x28]","READ","false","true"
"FUN_011ee3c0","011ee3c0","011ee8ac","DAT_01bfc3b4","01bfc3b4","READ","false","true"
"FUN_011ee3c0","011ee3c0","011ee8b9","LAB_011ee8d7","011ee8d7","CONDITIONAL_JUMP","false","false"
"FUN_011ee3c0","011ee3c0","011ee8c6","LAB_011ee8d4","011ee8d4","CONDITIONAL_JUMP","false","false"
"FUN_011ee3c0","011ee3c0","011ee8e7","","Stack[-0x28]","WRITE","false","true"
"FUN_011ee3c0","011ee3c0","011ee8ee","","Stack[-0x28]","READ","false","true"
"FUN_011ee3c0","011ee3c0","011ee8f9","DAT_01bfc3b4","01bfc3b4","READ","false","true"
"FUN_011ee3c0","011ee3c0","011ee90b","FUN_01692c40","01692c40","UNCONDITIONAL_CALL","true","false"
"FUN_011ee3c0","011ee3c0","011ee910","DAT_01bfc3b4","01bfc3b4","READ","false","true"
"FUN_011ee3c0","011ee3c0","011ee92f","FUN_016aa9d0","016aa9d0","UNCONDITIONAL_CALL","true","false"
"FUN_011ee3c0","011ee3c0","011ee951","LAB_011ee9c5","011ee9c5","CONDITIONAL_JUMP","false","false"
"FUN_011ee3c0","011ee3c0","011ee953","DAT_01bfb2a0","01bfb2a0","READ","false","true"
"FUN_011ee3c0","011ee3c0","011ee95b","LAB_011ee968","011ee968","CONDITIONAL_JUMP","false","false"
"FUN_011ee3c0","011ee3c0","011ee95e","s_game\Enchant_Fail.mp3_01ac90f4","01ac90f4","DATA","false","true"
"FUN_011ee3c0","011ee3c0","011ee963","FUN_00f54e80","00f54e80","UNCONDITIONAL_CALL","true","false"
"FUN_011ee3c0","011ee3c0","011ee981","DAT_3f800000","3f800000","DATA","false","true"
"FUN_011ee3c0","011ee3c0","011ee98e","DAT_3f800000","3f800000","DATA","false","true"
"FUN_011ee3c0","011ee3c0","011ee995","s_System\Tactics_enchant_fail.nif_01ac90d4","01ac90d4","DATA","false","true"
"FUN_011ee3c0","011ee3c0","011ee99a","FUN_015b6ef0","015b6ef0","UNCONDITIONAL_CALL","true","false"
"FUN_011ee3c0","011ee3c0","011ee9b1","DAT_3f800000","3f800000","DATA","false","true"
"FUN_011ee3c0","011ee3c0","011ee9cd","LAB_011ee9f0","011ee9f0","CONDITIONAL_JUMP","false","false"
"FUN_011ee3c0","011ee3c0","011ee9e0","FUN_015b8020","015b8020","UNCONDITIONAL_CALL","true","false"
"FUN_011ee3c0","011ee3c0","011ee9eb","FUN_00f5c050","00f5c050","UNCONDITIONAL_CALL","true","false"
"FUN_011ee3c0","011ee3c0","011ee9f0","DAT_01bfe464","01bfe464","READ","false","true"
"FUN_011ee3c0","011ee3c0","011eea04","FUN_014414a0","014414a0","UNCONDITIONAL_CALL","true","false"
"FUN_011ee3c0","011ee3c0","011eea09","","Stack[-0x14]","WRITE","false","true"
"FUN_011ee3c0","011ee3c0","011eea0f","LAB_011eea23","011eea23","CONDITIONAL_JUMP","false","false"
"FUN_011ee3c0","011ee3c0","011eea1a","LAB_011eea23","011eea23","CONDITIONAL_JUMP","false","false"
"FUN_011ee3c0","011ee3c0","011eea23","","Stack[-0x448]","DATA","false","true"
"FUN_011ee3c0","011ee3c0","011eea29","FUN_0169b2f0","0169b2f0","UNCONDITIONAL_CALL","true","false"
"FUN_011ee3c0","011ee3c0","011eea2e","","Stack[-0x1c]","READ","false","true"
"FUN_011ee3c0","011ee3c0","011eea31","ExceptionList","ffdff000","WRITE","false","true"
"FUN_011ee3c0","011ee3c0","011eea3b","","Stack[-0x24]","READ","false","true"
"FUN_011ee3c0","011ee3c0","011eea40","__security_check_cookie","0179869b","UNCONDITIONAL_CALL","true","false"
"FUN_011ee3c0","011ee3c0","011eea4a","","Stack[-0x4]","DATA","false","true"
"FUN_011f0c90","011f0c90","011f0c95","LAB_019841ad","019841ad","DATA","false","true"
"FUN_011f0c90","011f0c90","011f0c9a","ExceptionList","ffdff000","READ","false","true"
"FUN_011f0c90","011f0c90","011f0ca4","DAT_01bbb1c0","01bbb1c0","READ","false","true"
"FUN_011f0c90","011f0c90","011f0cab","","Stack[-0x14]","WRITE","false","true"
"FUN_011f0c90","011f0c90","011f0cb1","","Stack[-0x10]","DATA","false","true"
"FUN_011f0c90","011f0c90","011f0cb4","ExceptionList","ffdff000","WRITE","false","true"
"FUN_011f0c90","011f0c90","011f0cbc","","Stack[0x14]","READ","false","true"
"FUN_011f0c90","011f0c90","011f0cc9","","Stack[0x10]","READ","false","true"
"FUN_011f0c90","011f0c90","011f0ccc","","Stack[0xc]","READ","false","true"
"FUN_011f0c90","011f0c90","011f0ccf","","Stack[0x8]","READ","false","true"
"FUN_011f0c90","011f0c90","011f0cd8","","Stack[0x18]","READ","false","true"
"FUN_011f0c90","011f0c90","011f0cdb","s_Breakthrough\Breakthrough_Digimo_01ae4040","01ae4040","DATA","false","true"
"FUN_011f0c90","011f0c90","011f0ce2","FUN_012459a0","012459a0","UNCONDITIONAL_CALL","true","false"
"FUN_011f0c90","011f0c90","011f0ce7","DAT_01bfb258","01bfb258","READ","false","true"
"FUN_011f0c90","011f0c90","011f0cf7","","Stack[-0x54]","DATA","false","true"
"FUN_011f0c90","011f0c90","011f0cfa","s_BREAKTHROUGH_DIGIMON_INFO_01ae4024","01ae4024","DATA","false","true"
"FUN_011f0c90","011f0c90","011f0cff","","Stack[-0x44]","WRITE","false","true"
"FUN_011f0c90","011f0c90","011f0d06","","Stack[-0x40]","WRITE","false","true"
"FUN_011f0c90","011f0c90","011f0d0d","FUN_00f19cc0","00f19cc0","UNCONDITIONAL_CALL","true","false"
"FUN_011f0c90","011f0c90","011f0d12","","Stack[-0x2c]","DATA","false","true"
"FUN_011f0c90","011f0c90","011f0d18","FUN_015ce480","015ce480","UNCONDITIONAL_CALL","true","false"
"FUN_011f0c90","011f0c90","011f0d1f","","Stack[-0x8]","WRITE","false","true"
"FUN_011f0c90","011f0c90","011f0d26","FUN_011f0d50","011f0d50","UNCONDITIONAL_CALL","true","false"
"FUN_011f0c90","011f0c90","011f0d2b","","Stack[-0x2c]","DATA","false","true"
"FUN_011f0c90","011f0c90","011f0d2e","FUN_00f1a330","00f1a330","UNCONDITIONAL_CALL","true","false"
"FUN_011f0c90","011f0c90","011f0d33","","Stack[-0x10]","READ","false","true"
"FUN_011f0c90","011f0c90","011f0d36","ExceptionList","ffdff000","WRITE","false","true"
"FUN_011f0c90","011f0c90","011f0d40","","Stack[-0x14]","READ","false","true"
"FUN_011f0c90","011f0c90","011f0d45","__security_check_cookie","0179869b","UNCONDITIONAL_CALL","true","false"
"FUN_011f0d50","011f0d50","011f0d5d","","Stack[0x0]","READ","false","true"
"FUN_011f0d50","011f0d50","011f0d60","","Stack[-0xc]","WRITE","false","true"
"FUN_011f0d50","011f0d50","011f0d68","LAB_01994ff5","01994ff5","DATA","false","true"
"FUN_011f0d50","011f0d50","011f0d6d","ExceptionList","ffdff000","READ","false","true"
"FUN_011f0d50","011f0d50","011f0d7b","DAT_01bbb1c0","01bbb1c0","READ","false","true"
"FUN_011f0d50","011f0d50","011f0d82","","Stack[-0x24]","WRITE","false","true"
"FUN_011f0d50","011f0d50","011f0d88","","Stack[-0x1c]","DATA","false","true"
"FUN_011f0d50","011f0d50","011f0d8b","ExceptionList","ffdff000","WRITE","false","true"
"FUN_011f0d50","011f0d50","011f0d96","","Stack[-0x44]","WRITE","false","true"
"FUN_011f0d50","011f0d50","011f0d9f","","Stack[-0x40]","WRITE","false","true"
"FUN_011f0d50","011f0d50","011f0da6","","Stack[-0x54]","WRITE","false","true"
"FUN_011f0d50","011f0d50","011f0daa","","Stack[-0x54]","WRITE","false","true"
"FUN_011f0d50","011f0d50","011f0dae","","Stack[-0x28]","WRITE","false","true"
"FUN_011f0d50","011f0d50","011f0db1","","Stack[-0x14]","WRITE","false","true"
"FUN_011f0d50","011f0d50","011f0db7","DAT_01b02744","01b02744","READ","false","true"
"FUN_011f0d50","011f0d50","011f0dc1","DAT_01bfe468","01bfe468","READ","false","true"
"FUN_011f0d50","011f0d50","011f0dc9","DAT_01bfb258","01bfb258","READ","false","true"
"FUN_011f0d50","011f0d50","011f0dd2","","Stack[-0x34]","WRITE","false","true"
"FUN_011f0d50","011f0d50","011f0dd8","","Stack[-0x60]","WRITE","false","true"
"FUN_011f0d50","011f0d50","011f0de0","","Stack[-0x30]","WRITE","false","true"
"FUN_011f0d50","011f0d50","011f0de7","","Stack[-0x3c]","WRITE","false","true"
"FUN_011f0d50","011f0d50","011f0deb","","Stack[-0x2c]","WRITE","false","true"
"FUN_011f0d50","011f0d50","011f0df2","","Stack[-0x38]","WRITE","false","true"
"FUN_011f0d50","011f0d50","011f0df9","","Stack[-0x64]","WRITE","false","true"
"FUN_011f0d50","011f0d50","011f0df9","DAT_3f7ae148","3f7ae148","DATA","false","true"
"FUN_011f0d50","011f0d50","011f0e00","","Stack[-0x64]","READ","false","true"
"FUN_011f0d50","011f0d50","011f0e03","","Stack[-0x58]","WRITE","false","true"
"FUN_011f0d50","011f0d50","011f0e03","DAT_3f7ae148","3f7ae148","DATA","false","true"
"FUN_011f0d50","011f0d50","011f0e08","","Stack[-0xcc]","DATA","false","true"
"FUN_011f0d50","011f0d50","011f0e0b","s_COMMON_TXT_DIGIMON_01ad9b10","01ad9b10","DATA","false","true"
"FUN_011f0d50","011f0d50","011f0e10","","Stack[-0xa0]","WRITE","false","true"
"FUN_011f0d50","011f0d50","011f0e10","DAT_3f7ae148","3f7ae148","DATA","false","true"
"FUN_011f0d50","011f0d50","011f0e17","","Stack[-0xbc]","WRITE","false","true"
"FUN_011f0d50","011f0d50","011f0e1e","","Stack[-0xb8]","WRITE","false","true"
"FUN_011f0d50","011f0d50","011f0e25","FUN_00f19cc0","00f19cc0","UNCONDITIONAL_CALL","true","false"
"FUN_011f0d50","011f0d50","011f0e2a","","Stack[-0x88]","DATA","false","true"
"FUN_011f0d50","011f0d50","011f0e30","FUN_015ce480","015ce480","UNCONDITIONAL_CALL","true","false"
"FUN_011f0d50","011f0d50","011f0e37","","Stack[-0x14]","WRITE","false","true"
"FUN_011f0d50","011f0d50","011f0e3f","LAB_011f0e43","011f0e43","CONDITIONAL_JUMP","false","false"
"FUN_011f0d50","011f0d50","011f0e59","LAB_011f0e50","011f0e50","CONDITIONAL_JUMP","false","false"
"FUN_011f0d50","011f0d50","011f0e61","","Stack[-0x54]","DATA","false","true"
"FUN_011f0d50","011f0d50","011f0e64","FUN_00f1a040","00f1a040","UNCONDITIONAL_CALL","true","false"
"FUN_011f0d50","011f0d50","011f0e69","","Stack[-0x88]","DATA","false","true"
"FUN_011f0d50","011f0d50","011f0e6c","","Stack[-0x14]","WRITE","false","true"
"FUN_011f0d50","011f0d50","011f0e70","FUN_00f1a330","00f1a330","UNCONDITIONAL_CALL","true","false"
"FUN_011f0d50","011f0d50","011f0e81","","Stack[-0x60]","DATA","false","true"
"FUN_011f0d50","011f0d50","011f0e84","","Stack[-0x38]","WRITE","false","true"
"FUN_011f0d50","011f0d50","011f0e8c","FUN_01246bb0","01246bb0","UNCONDITIONAL_CALL","true","false"
"FUN_011f0d50","011f0d50","011f0e91","","Stack[-0xa0]","READ","false","true"
"FUN_011f0d50","011f0d50","011f0ea3","DAT_01bfe468","01bfe468","READ","false","true"
"FUN_011f0d50","011f0d50","011f0eab","DAT_01bfb258","01bfb258","READ","false","true"
"FUN_011f0d50","011f0d50","011f0eb4","","Stack[-0x34]","WRITE","false","true"
"FUN_011f0d50","011f0d50","011f0eba","","Stack[-0x60]","WRITE","false","true"
"FUN_011f0d50","011f0d50","011f0ec2","","Stack[-0x30]","WRITE","false","true"
"FUN_011f0d50","011f0d50","011f0ec9","","Stack[-0x3c]","WRITE","false","true"
"FUN_011f0d50","011f0d50","011f0ecd","","Stack[-0x2c]","WRITE","false","true"
"FUN_011f0d50","011f0d50","011f0ed4","","Stack[-0x38]","WRITE","false","true"
"FUN_011f0d50","011f0d50","011f0edb","","Stack[-0x64]","WRITE","false","true"
"FUN_011f0d50","011f0d50","011f0edb","DAT_3f7ae148","3f7ae148","DATA","false","true"
"FUN_011f0d50","011f0d50","011f0ee2","","Stack[-0x64]","READ","false","true"
"FUN_011f0d50","011f0d50","011f0ee5","","Stack[-0x58]","WRITE","false","true"
"FUN_011f0d50","011f0d50","011f0ee5","DAT_3f7ae148","3f7ae148","DATA","false","true"
"FUN_011f0d50","011f0d50","011f0eea","","Stack[-0xcc]","DATA","false","true"
"FUN_011f0d50","011f0d50","011f0eed","s_ENCHANTTACTICS_BTN_ENCHANT_01ae4078","01ae4078","DATA","false","true"
"FUN_011f0d50","011f0d50","011f0ef2","","Stack[-0xbc]","WRITE","false","true"
"FUN_011f0d50","011f0d50","011f0ef9","","Stack[-0xb8]","WRITE","false","true"
"FUN_011f0d50","011f0d50","011f0f00","FUN_00f19cc0","00f19cc0","UNCONDITIONAL_CALL","true","false"
"FUN_011f0d50","011f0d50","011f0f05","","Stack[-0x88]","DATA","false","true"
"FUN_011f0d50","011f0d50","011f0f0b","FUN_015ce480","015ce480","UNCONDITIONAL_CALL","true","false"
"FUN_011f0d50","011f0d50","011f0f12","","Stack[-0x14]","WRITE","false","true"
"FUN_011f0d50","011f0d50","011f0f1a","LAB_011f0f1e","011f0f1e","CONDITIONAL_JUMP","false","false"
"FUN_011f0d50","011f0d50","011f0f2c","LAB_011f0f23","011f0f23","CONDITIONAL_JUMP","false","false"
"FUN_011f0d50","011f0d50","011f0f34","","Stack[-0x54]","DATA","false","true"
"FUN_011f0d50","011f0d50","011f0f37","FUN_00f1a040","00f1a040","UNCONDITIONAL_CALL","true","false"
"FUN_011f0d50","011f0d50","011f0f3c","","Stack[-0x88]","DATA","false","true"
"FUN_011f0d50","011f0d50","011f0f3f","","Stack[-0x14]","WRITE","false","true"
"FUN_011f0d50","011f0d50","011f0f43","FUN_00f1a330","00f1a330","UNCONDITIONAL_CALL","true","false"
"FUN_011f0d50","011f0d50","011f0f4e","","Stack[-0x60]","DATA","false","true"
"FUN_011f0d50","011f0d50","011f0f51","","Stack[-0x38]","WRITE","false","true"
"FUN_011f0d50","011f0d50","011f0f5b","FUN_01246bb0","01246bb0","UNCONDITIONAL_CALL","true","false"
"FUN_011f0d50","011f0d50","011f0f60","","Stack[-0xa0]","READ","false","true"
"FUN_011f0d50","011f0d50","011f0f6a","DAT_01bfe468","01bfe468","READ","false","true"
"FUN_011f0d50","011f0d50","011f0f71","DAT_01bfb258","01bfb258","READ","false","true"
"FUN_011f0d50","011f0d50","011f0f80","","Stack[-0x34]","WRITE","false","true"
"FUN_011f0d50","011f0d50","011f0f83","","Stack[-0x60]","WRITE","false","true"
"FUN_011f0d50","011f0d50","011f0f8b","","Stack[-0x30]","WRITE","false","true"
"FUN_011f0d50","011f0d50","011f0f92","","Stack[-0x3c]","WRITE","false","true"
"FUN_011f0d50","011f0d50","011f0f96","","Stack[-0x2c]","WRITE","false","true"
"FUN_011f0d50","011f0d50","011f0f9d","","Stack[-0x38]","WRITE","false","true"
"FUN_011f0d50","011f0d50","011f0fa4","","Stack[-0x64]","WRITE","false","true"
"FUN_011f0d50","011f0d50","011f0fa4","DAT_3f7ae148","3f7ae148","DATA","false","true"
"FUN_011f0d50","011f0d50","011f0fab","","Stack[-0x64]","READ","false","true"
"FUN_011f0d50","011f0d50","011f0fae","","Stack[-0x58]","WRITE","false","true"
"FUN_011f0d50","011f0d50","011f0fae","DAT_3f7ae148","3f7ae148","DATA","false","true"
"FUN_011f0d50","011f0d50","011f0fb3","","Stack[-0xcc]","DATA","false","true"
"FUN_011f0d50","011f0d50","011f0fb6","s_DIGIMONTRANSCEND_TRANS_BTN_TEXT_01ad8ee8","01ad8ee8","DATA","false","true"
"FUN_011f0d50","011f0d50","011f0fbb","","Stack[-0xbc]","WRITE","false","true"
"FUN_011f0d50","011f0d50","011f0fc2","","Stack[-0xb8]","WRITE","false","true"
"FUN_011f0d50","011f0d50","011f0fc9","FUN_00f19cc0","00f19cc0","UNCONDITIONAL_CALL","true","false"
"FUN_011f0d50","011f0d50","011f0fce","","Stack[-0x88]","DATA","false","true"
"FUN_011f0d50","011f0d50","011f0fd4","FUN_015ce480","015ce480","UNCONDITIONAL_CALL","true","false"
"FUN_011f0d50","011f0d50","011f0fdb","","Stack[-0x14]","WRITE","false","true"
"FUN_011f0d50","011f0d50","011f0fe3","LAB_011f0fe7","011f0fe7","CONDITIONAL_JUMP","false","false"
"FUN_011f0d50","011f0d50","011f0ff9","LAB_011f0ff0","011f0ff0","CONDITIONAL_JUMP","false","false"
"FUN_011f0d50","011f0d50","011f1001","","Stack[-0x54]","DATA","false","true"
"FUN_011f0d50","011f0d50","011f1004","FUN_00f1a040","00f1a040","UNCONDITIONAL_CALL","true","false"
"FUN_011f0d50","011f0d50","011f1009","","Stack[-0x88]","DATA","false","true"
"FUN_011f0d50","011f0d50","011f100c","","Stack[-0x14]","WRITE","false","true"
"FUN_011f0d50","011f0d50","011f1010","FUN_00f1a330","00f1a330","UNCONDITIONAL_CALL","true","false"
"FUN_011f0d50","011f0d50","011f101b","","Stack[-0x60]","DATA","false","true"
"FUN_011f0d50","011f0d50","011f101e","","Stack[-0x38]","WRITE","false","true"
"FUN_011f0d50","011f0d50","011f1028","FUN_01246bb0","01246bb0","UNCONDITIONAL_CALL","true","false"
"FUN_011f0d50","011f0d50","011f102d","","Stack[-0xa0]","READ","false","true"
"FUN_011f0d50","011f0d50","011f1034","","Stack[-0x54]","DATA","false","true"
"FUN_011f0d50","011f0d50","011f1037","DAT_01bfe468","01bfe468","READ","false","true"
"FUN_011f0d50","011f0d50","011f1047","","Stack[-0x34]","WRITE","false","true"
"FUN_011f0d50","011f0d50","011f104a","","Stack[-0x64]","WRITE","false","true"
"FUN_011f0d50","011f0d50","011f104a","DAT_3f7ae148","3f7ae148","DATA","false","true"
"FUN_011f0d50","011f0d50","011f1051","","Stack[-0x64]","READ","false","true"
"FUN_011f0d50","011f0d50","011f1054","DAT_01ac5dd8","01ac5dd8","DATA","false","true"
"FUN_011f0d50","011f0d50","011f1059","","Stack[-0x30]","WRITE","false","true"
"FUN_011f0d50","011f0d50","011f1060","","Stack[-0x60]","WRITE","false","true"
"FUN_011f0d50","011f0d50","011f1065","","Stack[-0x58]","WRITE","false","true"
"FUN_011f0d50","011f0d50","011f1065","DAT_3f7ae148","3f7ae148","DATA","false","true"
"FUN_011f0d50","011f0d50","011f1068","","Stack[-0x3c]","WRITE","false","true"
"FUN_011f0d50","011f0d50","011f106c","","Stack[-0x2c]","WRITE","false","true"
"FUN_011f0d50","011f0d50","011f1073","","Stack[-0x38]","WRITE","false","true"
"FUN_011f0d50","011f0d50","011f107a","FUN_00f1a040","00f1a040","UNCONDITIONAL_CALL","true","false"
"FUN_011f0d50","011f0d50","011f1088","","Stack[-0x60]","DATA","false","true"
"FUN_011f0d50","011f0d50","011f108b","","Stack[-0x38]","WRITE","false","true"
"FUN_011f0d50","011f0d50","011f1095","FUN_01246bb0","01246bb0","UNCONDITIONAL_CALL","true","false"
"FUN_011f0d50","011f0d50","011f109a","","Stack[-0xa0]","READ","false","true"
"FUN_011f0d50","011f0d50","011f10a1","","Stack[-0x54]","DATA","false","true"
"FUN_011f0d50","011f0d50","011f10ad","DAT_01bfe468","01bfe468","READ","false","true"
"FUN_011f0d50","011f0d50","011f10ba","","Stack[-0x34]","WRITE","false","true"
"FUN_011f0d50","011f0d50","011f10bd","","Stack[-0x64]","WRITE","false","true"
"FUN_011f0d50","011f0d50","011f10bd","DAT_3f7ae148","3f7ae148","DATA","false","true"
"FUN_011f0d50","011f0d50","011f10c4","","Stack[-0x64]","READ","false","true"
"FUN_011f0d50","011f0d50","011f10c7","DAT_01ac5dd8","01ac5dd8","DATA","false","true"
"FUN_011f0d50","011f0d50","011f10cc","","Stack[-0x30]","WRITE","false","true"
"FUN_011f0d50","011f0d50","011f10d3","","Stack[-0x60]","WRITE","false","true"
"FUN_011f0d50","011f0d50","011f10d8","","Stack[-0x58]","WRITE","false","true"
"FUN_011f0d50","011f0d50","011f10d8","DAT_3f7ae148","3f7ae148","DATA","false","true"
"FUN_011f0d50","011f0d50","011f10db","","Stack[-0x3c]","WRITE","false","true"
"FUN_011f0d50","011f0d50","011f10df","","Stack[-0x2c]","WRITE","false","true"
"FUN_011f0d50","011f0d50","011f10e6","","Stack[-0x38]","WRITE","false","true"
"FUN_011f0d50","011f0d50","011f10ed","FUN_00f1a040","00f1a040","UNCONDITIONAL_CALL","true","false"
"FUN_011f0d50","011f0d50","011f10fb","","Stack[-0x60]","DATA","false","true"
"FUN_011f0d50","011f0d50","011f10fe","","Stack[-0x38]","WRITE","false","true"
"FUN_011f0d50","011f0d50","011f1108","FUN_01246bb0","01246bb0","UNCONDITIONAL_CALL","true","false"
"FUN_011f0d50","011f0d50","011f1110","","Stack[-0x88]","DATA","false","true"
"FUN_011f0d50","011f0d50","011f111e","s_Data\Interface\Breakthrough\Brea_01ae4094","01ae4094","DATA","false","true"
"FUN_011f0d50","011f0d50","011f1123","","Stack[-0x64]","WRITE","false","true"
"FUN_011f0d50","011f0d50","011f1123","DAT_3f7ae148","3f7ae148","DATA","false","true"
"FUN_011f0d50","011f0d50","011f112a","","Stack[-0x88]","WRITE","false","true"
"FUN_011f0d50","011f0d50","011f112e","","Stack[-0x78]","WRITE","false","true"
"FUN_011f0d50","011f0d50","011f1135","","Stack[-0x74]","WRITE","false","true"
"FUN_011f0d50","011f0d50","011f113c","FUN_00f19cc0","00f19cc0","UNCONDITIONAL_CALL","true","false"
"FUN_011f0d50","011f0d50","011f1141","","Stack[-0xa0]","READ","false","true"
"FUN_011f0d50","011f0d50","011f1148","","Stack[-0x88]","DATA","false","true"
"FUN_011f0d50","011f0d50","011f1150","","Stack[-0x14]","WRITE","false","true"
"FUN_011f0d50","011f0d50","011f1157","","Stack[-0x74]","READ","false","true"
"FUN_011f0d50","011f0d50","011f115b","","Stack[-0x64]","READ","false","true"
"FUN_011f0d50","011f0d50","011f115e","","Stack[-0x88]","DATA","false","true"
"FUN_011f0d50","011f0d50","011f116f","","Stack[-0xd4]","DATA","false","true"
"FUN_011f0d50","011f0d50","011f1173","","Stack[-0xcc]","WRITE","false","true"
"FUN_011f0d50","011f0d50","011f1173","DAT_3f7ae148","3f7ae148","DATA","false","true"
"FUN_011f0d50","011f0d50","011f1179","FUN_01246800","01246800","UNCONDITIONAL_CALL","true","false"
"FUN_011f0d50","011f0d50","011f117e","","Stack[-0x88]","DATA","false","true"
"FUN_011f0d50","011f0d50","011f1187","","Stack[-0x14]","WRITE","false","true"
"FUN_011f0d50","011f0d50","011f118b","FUN_00f1a420","00f1a420","UNCONDITIONAL_CALL","true","false"
"FUN_011f0d50","011f0d50","011f1193","","Stack[-0x88]","DATA","false","true"
"FUN_011f0d50","011f0d50","011f119b","","Stack[-0x64]","WRITE","false","true"
"FUN_011f0d50","011f0d50","011f119b","DAT_3f7ae148","3f7ae148","DATA","false","true"
"FUN_011f0d50","011f0d50","011f11a2","s_Data\Interface\Breakthrough\Brea_01ae4094","01ae4094","DATA","false","true"
"FUN_011f0d50","011f0d50","011f11a7","","Stack[-0x88]","WRITE","false","true"
"FUN_011f0d50","011f0d50","011f11ab","","Stack[-0x78]","WRITE","false","true"
"FUN_011f0d50","011f0d50","011f11b2","","Stack[-0x74]","WRITE","false","true"
"FUN_011f0d50","011f0d50","011f11b9","FUN_00f19cc0","00f19cc0","UNCONDITIONAL_CALL","true","false"
"FUN_011f0d50","011f0d50","011f11be","","Stack[-0xa0]","READ","false","true"
"FUN_011f0d50","011f0d50","011f11c5","","Stack[-0x88]","DATA","false","true"
"FUN_011f0d50","011f0d50","011f11cd","","Stack[-0x14]","WRITE","false","true"
"FUN_011f0d50","011f0d50","011f11d1","","Stack[-0x74]","READ","false","true"
"FUN_011f0d50","011f0d50","011f11d5","","Stack[-0x64]","READ","false","true"
"FUN_011f0d50","011f0d50","011f11d8","","Stack[-0x88]","DATA","false","true"
"FUN_011f0d50","011f0d50","011f11e9","","Stack[-0xd4]","DATA","false","true"
"FUN_011f0d50","011f0d50","011f11ed","","Stack[-0xcc]","WRITE","false","true"
"FUN_011f0d50","011f0d50","011f11ed","DAT_3f7ae148","3f7ae148","DATA","false","true"
"FUN_011f0d50","011f0d50","011f11f3","FUN_01246800","01246800","UNCONDITIONAL_CALL","true","false"
"FUN_011f0d50","011f0d50","011f11f8","","Stack[-0x88]","DATA","false","true"
"FUN_011f0d50","011f0d50","011f1201","FUN_00f1a420","00f1a420","UNCONDITIONAL_CALL","true","false"
"FUN_011f0d50","011f0d50","011f1206","","Stack[-0x54]","DATA","false","true"
"FUN_011f0d50","011f0d50","011f1209","","Stack[-0x34]","WRITE","false","true"
"FUN_011f0d50","011f0d50","011f1210","FUN_00f1a330","00f1a330","UNCONDITIONAL_CALL","true","false"
"FUN_011f0d50","011f0d50","011f1215","","Stack[-0x1c]","READ","false","true"
"FUN_011f0d50","011f0d50","011f1218","ExceptionList","ffdff000","WRITE","false","true"
"FUN_011f0d50","011f0d50","011f1222","","Stack[-0x24]","READ","false","true"
"FUN_011f0d50","011f0d50","011f1227","__security_check_cookie","0179869b","UNCONDITIONAL_CALL","true","false"
"FUN_011f0d50","011f0d50","011f1231","","Stack[-0x4]","DATA","false","true"
"FUN_011f51b0","011f51b0","011f51b7","DAT_01bbb1c0","01bbb1c0","READ","false","true"
"FUN_011f51b0","011f51b0","011f51be","","Stack[-0xc]","DATA","false","true"
"FUN_011f51b0","011f51b0","011f51cf","LAB_011f5232","011f5232","CONDITIONAL_JUMP","false","false"
"FUN_011f51b0","011f51b0","011f51d1","DAT_01bc07ec","01bc07ec","READ","false","true"
"FUN_011f51b0","011f51b0","011f51d7","DAT_01bc07f0","01bc07f0","READ","false","true"
"FUN_011f51b0","011f51b0","011f5202","s_Breakthrough\Breakthrough_Main_B_01ae4508","01ae4508","DATA","false","true"
"FUN_011f51b0","011f51b0","011f520a","FUN_012457d0","012457d0","UNCONDITIONAL_CALL","true","false"
"FUN_011f51b0","011f51b0","011f5211","FUN_011f5250","011f5250","UNCONDITIONAL_CALL","true","false"
"FUN_011f51b0","011f51b0","011f5218","FUN_011f5e30","011f5e30","UNCONDITIONAL_CALL","true","false"
"FUN_011f51b0","011f51b0","011f521f","FUN_011f6540","011f6540","UNCONDITIONAL_CALL","true","false"
"FUN_011f51b0","011f51b0","011f5226","FUN_011f6890","011f6890","UNCONDITIONAL_CALL","true","false"
"FUN_011f51b0","011f51b0","011f522d","FUN_011f6ba0","011f6ba0","UNCONDITIONAL_CALL","true","false"
"FUN_011f51b0","011f51b0","011f5232","","Stack[-0xc]","READ","false","true"
"FUN_011f51b0","011f51b0","011f5239","__security_check_cookie","0179869b","UNCONDITIONAL_CALL","true","false"
"FUN_011f6890","011f6890","011f689d","","Stack[0x0]","READ","false","true"
"FUN_011f6890","011f6890","011f68a0","","Stack[-0xc]","WRITE","false","true"
"FUN_011f6890","011f6890","011f68a8","LAB_01995585","01995585","DATA","false","true"
"FUN_011f6890","011f6890","011f68ad","ExceptionList","ffdff000","READ","false","true"
"FUN_011f6890","011f6890","011f68b8","DAT_01bbb1c0","01bbb1c0","READ","false","true"
"FUN_011f6890","011f6890","011f68bf","","Stack[-0x24]","WRITE","false","true"
"FUN_011f6890","011f6890","011f68c5","","Stack[-0x1c]","DATA","false","true"
"FUN_011f6890","011f6890","011f68c8","ExceptionList","ffdff000","WRITE","false","true"
"FUN_011f6890","011f6890","011f68e6","s_Breakthrough\Data_Exchange_Butto_01ae44e0","01ae44e0","DATA","false","true"
"FUN_011f6890","011f6890","011f68eb","FUN_012462c0","012462c0","UNCONDITIONAL_CALL","true","false"
"FUN_011f6890","011f6890","011f68f8","LAB_011f6a28","011f6a28","CONDITIONAL_JUMP","false","false"
"FUN_011f6890","011f6890","011f6901","","Stack[-0x44]","WRITE","false","true"
"FUN_011f6890","011f6890","011f690a","","Stack[-0x40]","WRITE","false","true"
"FUN_011f6890","011f6890","011f6911","","Stack[-0x54]","WRITE","false","true"
"FUN_011f6890","011f6890","011f6915","","Stack[-0x54]","WRITE","false","true"
"FUN_011f6890","011f6890","011f6919","","Stack[-0x28]","WRITE","false","true"
"FUN_011f6890","011f6890","011f691c","","Stack[-0x14]","WRITE","false","true"
"FUN_011f6890","011f6890","011f6922","DAT_01bb9b2c","01bb9b2c","READ","false","true"
"FUN_011f6890","011f6890","011f692c","DAT_01bfe468","01bfe468","READ","false","true"
"FUN_011f6890","011f6890","011f6931","DAT_01bfb258","01bfb258","READ","false","true"
"FUN_011f6890","011f6890","011f693a","","Stack[-0x34]","WRITE","false","true"
"FUN_011f6890","011f6890","011f693d","DAT_01bb9b34","01bb9b34","READ","false","true"
"FUN_011f6890","011f6890","011f6942","","Stack[-0x60]","WRITE","false","true"
"FUN_011f6890","011f6890","011f694a","","Stack[-0x30]","WRITE","false","true"
"FUN_011f6890","011f6890","011f6951","","Stack[-0x58]","WRITE","false","true"
"FUN_011f6890","011f6890","011f6951","DAT_3f800000","3f800000","DATA","false","true"
"FUN_011f6890","011f6890","011f6954","","Stack[-0x3c]","WRITE","false","true"
"FUN_011f6890","011f6890","011f6958","","Stack[-0x2c]","WRITE","false","true"
"FUN_011f6890","011f6890","011f695f","","Stack[-0x38]","WRITE","false","true"
"FUN_011f6890","011f6890","011f6968","","Stack[-0xa4]","DATA","false","true"
"FUN_011f6890","011f6890","011f696b","s_ENCHANTTACTICS_BTN_RESET_01ae45b8","01ae45b8","DATA","false","true"
"FUN_011f6890","011f6890","011f6970","","Stack[-0x94]","WRITE","false","true"
"FUN_011f6890","011f6890","011f6977","","Stack[-0x90]","WRITE","false","true"
"FUN_011f6890","011f6890","011f697e","FUN_00f19cc0","00f19cc0","UNCONDITIONAL_CALL","true","false"
"FUN_011f6890","011f6890","011f6983","","Stack[-0x7c]","DATA","false","true"
"FUN_011f6890","011f6890","011f6989","FUN_015ce480","015ce480","UNCONDITIONAL_CALL","true","false"
"FUN_011f6890","011f6890","011f6990","","Stack[-0x14]","WRITE","false","true"
"FUN_011f6890","011f6890","011f6998","LAB_011f699c","011f699c","CONDITIONAL_JUMP","false","false"
"FUN_011f6890","011f6890","011f69aa","LAB_011f69a1","011f69a1","CONDITIONAL_JUMP","false","false"
"FUN_011f6890","011f6890","011f69b2","","Stack[-0x54]","DATA","false","true"
"FUN_011f6890","011f6890","011f69b5","FUN_00f1a040","00f1a040","UNCONDITIONAL_CALL","true","false"
"FUN_011f6890","011f6890","011f69ba","","Stack[-0x7c]","DATA","false","true"
"FUN_011f6890","011f6890","011f69bd","","Stack[-0x14]","WRITE","false","true"
"FUN_011f6890","011f6890","011f69c1","FUN_00f1a330","00f1a330","UNCONDITIONAL_CALL","true","false"
"FUN_011f6890","011f6890","011f69cc","","Stack[-0x60]","DATA","false","true"
"FUN_011f6890","011f6890","011f69d0","FUN_01224f40","01224f40","UNCONDITIONAL_CALL","true","false"
"FUN_011f6890","011f6890","011f69e9","FUN_01223cb0","01223cb0","UNCONDITIONAL_CALL","true","false"
"FUN_011f6890","011f6890","011f69f0","FUN_011f8b60","011f8b60","DATA","false","true"
"FUN_011f6890","011f6890","011f69fd","FUN_011f9450","011f9450","UNCONDITIONAL_CALL","true","false"
"FUN_011f6890","011f6890","011f6a08","","Stack[-0x54]","DATA","false","true"
"FUN_011f6890","011f6890","011f6a0b","","Stack[-0x14]","WRITE","false","true"
"FUN_011f6890","011f6890","011f6a1c","","Stack[-0x34]","WRITE","false","true"
"FUN_011f6890","011f6890","011f6a23","FUN_00f1a330","00f1a330","UNCONDITIONAL_CALL","true","false"
"FUN_011f6890","011f6890","011f6a3e","s_Breakthrough\Data_Exchange_Butto_01ae44e0","01ae44e0","DATA","false","true"
"FUN_011f6890","011f6890","011f6a45","FUN_012462c0","012462c0","UNCONDITIONAL_CALL","true","false"
"FUN_011f6890","011f6890","011f6a52","LAB_011f6b80","011f6b80","CONDITIONAL_JUMP","false","false"
"FUN_011f6890","011f6890","011f6a5b","","Stack[-0x44]","WRITE","false","true"
"FUN_011f6890","011f6890","011f6a64","","Stack[-0x40]","WRITE","false","true"
"FUN_011f6890","011f6890","011f6a6b","","Stack[-0x54]","WRITE","false","true"
"FUN_011f6890","011f6890","011f6a6f","","Stack[-0x54]","WRITE","false","true"
"FUN_011f6890","011f6890","011f6a73","","Stack[-0x28]","WRITE","false","true"
"FUN_011f6890","011f6890","011f6a76","","Stack[-0x14]","WRITE","false","true"
"FUN_011f6890","011f6890","011f6a80","DAT_01bb9b2c","01bb9b2c","READ","false","true"
"FUN_011f6890","011f6890","011f6a8a","DAT_01bfe468","01bfe468","READ","false","true"
"FUN_011f6890","011f6890","011f6a8f","DAT_01bfb258","01bfb258","READ","false","true"
"FUN_011f6890","011f6890","011f6a98","","Stack[-0x34]","WRITE","false","true"
"FUN_011f6890","011f6890","011f6a9b","DAT_01bb9b34","01bb9b34","READ","false","true"
"FUN_011f6890","011f6890","011f6aa0","","Stack[-0x60]","WRITE","false","true"
"FUN_011f6890","011f6890","011f6aa8","","Stack[-0x30]","WRITE","false","true"
"FUN_011f6890","011f6890","011f6aaf","","Stack[-0x58]","WRITE","false","true"
"FUN_011f6890","011f6890","011f6aaf","DAT_3f800000","3f800000","DATA","false","true"
"FUN_011f6890","011f6890","011f6ab2","","Stack[-0x3c]","WRITE","false","true"
"FUN_011f6890","011f6890","011f6ab6","","Stack[-0x2c]","WRITE","false","true"
"FUN_011f6890","011f6890","011f6abd","","Stack[-0x38]","WRITE","false","true"
"FUN_011f6890","011f6890","011f6ac6","","Stack[-0xa4]","DATA","false","true"
"FUN_011f6890","011f6890","011f6ac9","s_Breakthrough_Change_Ability_01ae423c","01ae423c","DATA","false","true"
"FUN_011f6890","011f6890","011f6ace","","Stack[-0x94]","WRITE","false","true"
"FUN_011f6890","011f6890","011f6ad5","","Stack[-0x90]","WRITE","false","true"
"FUN_011f6890","011f6890","011f6adc","FUN_00f19cc0","00f19cc0","UNCONDITIONAL_CALL","true","false"
"FUN_011f6890","011f6890","011f6ae1","","Stack[-0x7c]","DATA","false","true"
"FUN_011f6890","011f6890","011f6ae7","FUN_015ce480","015ce480","UNCONDITIONAL_CALL","true","false"
"FUN_011f6890","011f6890","011f6aee","","Stack[-0x14]","WRITE","false","true"
"FUN_011f6890","011f6890","011f6af6","LAB_011f6afa","011f6afa","CONDITIONAL_JUMP","false","false"
"FUN_011f6890","011f6890","011f6b09","LAB_011f6b00","011f6b00","CONDITIONAL_JUMP","false","false"
"FUN_011f6890","011f6890","011f6b11","","Stack[-0x54]","DATA","false","true"
"FUN_011f6890","011f6890","011f6b14","FUN_00f1a040","00f1a040","UNCONDITIONAL_CALL","true","false"
"FUN_011f6890","011f6890","011f6b19","","Stack[-0x7c]","DATA","false","true"
"FUN_011f6890","011f6890","011f6b1c","","Stack[-0x14]","WRITE","false","true"
"FUN_011f6890","011f6890","011f6b20","FUN_00f1a330","00f1a330","UNCONDITIONAL_CALL","true","false"
"FUN_011f6890","011f6890","011f6b2b","","Stack[-0x60]","DATA","false","true"
"FUN_011f6890","011f6890","011f6b2f","FUN_01224f40","01224f40","UNCONDITIONAL_CALL","true","false"
"FUN_011f6890","011f6890","011f6b48","FUN_01223cb0","01223cb0","UNCONDITIONAL_CALL","true","false"
"FUN_011f6890","011f6890","011f6b4f","FUN_011f8bf0","011f8bf0","DATA","false","true"
"FUN_011f6890","011f6890","011f6b5c","FUN_011f9450","011f9450","UNCONDITIONAL_CALL","true","false"
"FUN_011f6890","011f6890","011f6b67","","Stack[-0x54]","DATA","false","true"
"FUN_011f6890","011f6890","011f6b74","","Stack[-0x34]","WRITE","false","true"
"FUN_011f6890","011f6890","011f6b7b","FUN_00f1a330","00f1a330","UNCONDITIONAL_CALL","true","false"
"FUN_011f6890","011f6890","011f6b80","","Stack[-0x1c]","READ","false","true"
"FUN_011f6890","011f6890","011f6b83","ExceptionList","ffdff000","WRITE","false","true"
"FUN_011f6890","011f6890","011f6b8d","","Stack[-0x24]","READ","false","true"
"FUN_011f6890","011f6890","011f6b92","__security_check_cookie","0179869b","UNCONDITIONAL_CALL","true","false"
"FUN_011f6890","011f6890","011f6b9c","","Stack[-0x4]","DATA","false","true"
"FUN_011f9450","011f9450","011f945d","","Stack[0x0]","READ","false","true"
"FUN_011f9450","011f9450","011f9460","","Stack[-0xc]","WRITE","false","true"
"FUN_011f9450","011f9450","011f9468","LAB_0197f7bd","0197f7bd","DATA","false","true"
"FUN_011f9450","011f9450","011f946d","ExceptionList","ffdff000","READ","false","true"
"FUN_011f9450","011f9450","011f947a","DAT_01bbb1c0","01bbb1c0","READ","false","true"
"FUN_011f9450","011f9450","011f9482","","Stack[-0x1c]","DATA","false","true"
"FUN_011f9450","011f9450","011f9485","ExceptionList","ffdff000","WRITE","false","true"
"FUN_011f9450","011f9450","011f948d","","Stack[-0x24]","WRITE","false","true"
"FUN_011f9450","011f9450","011f9492","","Stack[-0x34]","WRITE","false","true"
"FUN_011f9450","011f9450","011f9499","FUN_016830c0","016830c0","UNCONDITIONAL_CALL","true","false"
"FUN_011f9450","011f9450","011f94a3","","Stack[-0x28]","WRITE","false","true"
"FUN_011f9450","011f9450","011f94a8","LAB_011f95b5","011f95b5","CONDITIONAL_JUMP","false","false"
"FUN_011f9450","011f9450","011f94ae","","Stack[0x8]","READ","false","true"
"FUN_011f9450","011f9450","011f94bf","DAT_01ae4404","01ae4404","DATA","false","true"
"FUN_011f9450","011f9450","011f94cc","","Stack[0xc]","READ","false","true"
"FUN_011f9450","011f9450","011f94cf","","Stack[0x10]","READ","false","true"
"FUN_011f9450","011f9450","011f94d5","","Stack[-0x34]","DATA","false","true"
"FUN_011f9450","011f9450","011f94df","","Stack[-0x30]","DATA","false","true"
"FUN_011f9450","011f9450","011f94e8","FUN_00f1b390","00f1b390","UNCONDITIONAL_CALL","true","false"
"FUN_011f9450","011f9450","011f94ed","","Stack[-0x28]","READ","false","true"
"FUN_011f9450","011f9450","011f94f4","LAB_011f952a","011f952a","CONDITIONAL_JUMP","false","false"
"FUN_011f9450","011f9450","011f94fa","LAB_011f952a","011f952a","CONDITIONAL_JUMP","false","false"
"FUN_011f9450","011f9450","011f94fe","LAB_011f952a","011f952a","CONDITIONAL_JUMP","false","false"
"FUN_011f9450","011f9450","011f9505","LAB_011f9517","011f9517","CONDITIONAL_JUMP","false","false"
"FUN_011f9450","011f9450","011f950d","","Stack[-0x28]","READ","false","true"
"FUN_011f9450","011f9450","011f951a","FUN_00f5d5c0","00f5d5c0","UNCONDITIONAL_CALL","true","false"
"FUN_011f9450","011f9450","011f9522","FUN_017986fc","017986fc","UNCONDITIONAL_CALL","true","false"
"FUN_011f9450","011f9450","011f952a","","Stack[-0x2c]","DATA","false","true"
"FUN_011f9450","011f9450","011f952d","","Stack[-0x2c]","WRITE","false","true"
"FUN_011f9450","011f9450","011f9535","","Stack[-0x4c]","DATA","false","true"
"FUN_011f9450","011f9450","011f9538","","Stack[-0x28]","WRITE","false","true"
"FUN_011f9450","011f9450","011f953e","FUN_00f1b390","00f1b390","UNCONDITIONAL_CALL","true","false"
"FUN_011f9450","011f9450","011f954a","","Stack[-0x40]","WRITE","false","true"
"FUN_011f9450","011f9450","011f9553","LAB_011f955b","011f955b","CONDITIONAL_JUMP","false","false"
"FUN_011f9450","011f9450","011f9559","LAB_011f95b5","011f95b5","CONDITIONAL_JUMP","false","false"
"FUN_011f9450","011f9450","011f9562","LAB_011f95cd","011f95cd","CONDITIONAL_JUMP","false","false"
"FUN_011f9450","011f9450","011f9564","","Stack[-0x24]","READ","false","true"
"FUN_011f9450","011f9450","011f956c","","Stack[-0x2c]","WRITE","false","true"
"FUN_011f9450","011f9450","011f956f","","Stack[-0x14]","WRITE","false","true"
"FUN_011f9450","011f9450","011f9578","","Stack[-0x28]","WRITE","false","true"
"FUN_011f9450","011f9450","011f957f","operator_new","017986a9","UNCONDITIONAL_CALL","true","false"
"FUN_011f9450","011f9450","011f9584","","Stack[-0x24]","READ","false","true"
"FUN_011f9450","011f9450","011f9592","","Stack[-0x3c]","READ","false","true"
"FUN_011f9450","011f9450","011f959b","","Stack[-0x40]","READ","false","true"
"FUN_011f9450","011f9450","011f95ac","FUN_00f27390","00f27390","UNCONDITIONAL_CALL","true","false"
"FUN_011f9450","011f9450","011f95b3","LAB_011f95b7","011f95b7","UNCONDITIONAL_JUMP","false","false"
"FUN_011f9450","011f9450","011f95b7","","Stack[-0x1c]","READ","false","true"
"FUN_011f9450","011f9450","011f95ba","ExceptionList","ffdff000","WRITE","false","true"
"FUN_011f9450","011f9450","011f95c9","","Stack[-0x4]","DATA","false","true"
"FUN_011f9450","011f9450","011f95cd","FUN_00f1b5f0","00f1b5f0","UNCONDITIONAL_CALL","true","false"
"FUN_0125d190","0125d190","0125d195","LAB_0199ae55","0199ae55","DATA","false","true"
"FUN_0125d190","0125d190","0125d19a","ExceptionList","ffdff000","READ","false","true"
"FUN_0125d190","0125d190","0125d1a7","DAT_01bbb1c0","01bbb1c0","READ","false","true"
"FUN_0125d190","0125d190","0125d1ae","","Stack[-0x14]","WRITE","false","true"
"FUN_0125d190","0125d190","0125d1b4","","Stack[-0x10]","DATA","false","true"
"FUN_0125d190","0125d190","0125d1b7","ExceptionList","ffdff000","WRITE","false","true"
"FUN_0125d190","0125d190","0125d1bf","","Stack[-0xe8]","WRITE","false","true"
"FUN_0125d190","0125d190","0125d1cb","","Stack[-0xd8]","WRITE","false","true"
"FUN_0125d190","0125d190","0125d1d7","LAB_0125d645","0125d645","CONDITIONAL_JUMP","false","false"
"FUN_0125d190","0125d190","0125d1dd","FUN_0122c320","0122c320","UNCONDITIONAL_CALL","true","false"
"FUN_0125d190","0125d190","0125d1e5","","Stack[-0x6c]","WRITE","false","true"
"FUN_0125d190","0125d190","0125d1ee","","Stack[-0x68]","WRITE","false","true"
"FUN_0125d190","0125d190","0125d1f5","","Stack[-0x7c]","WRITE","false","true"
"FUN_0125d190","0125d190","0125d1f9","","Stack[-0x7c]","WRITE","false","true"
"FUN_0125d190","0125d190","0125d1fd","","Stack[-0x50]","WRITE","false","true"
"FUN_0125d190","0125d190","0125d200","","Stack[-0x8]","WRITE","false","true"
"FUN_0125d190","0125d190","0125d203","DAT_01b02744","01b02744","READ","false","true"
"FUN_0125d190","0125d190","0125d20b","DAT_01bfe468","01bfe468","READ","false","true"
"FUN_0125d190","0125d190","0125d216","","Stack[-0x88]","WRITE","false","true"
"FUN_0125d190","0125d190","0125d221","","Stack[-0x4c]","WRITE","false","true"
"FUN_0125d190","0125d190","0125d225","","Stack[-0x5c]","WRITE","false","true"
"FUN_0125d190","0125d190","0125d228","","Stack[-0x18]","WRITE","false","true"
"FUN_0125d190","0125d190","0125d228","DAT_3f7ae148","3f7ae148","DATA","false","true"
"FUN_0125d190","0125d190","0125d22f","","Stack[-0x18]","READ","false","true"
"FUN_0125d190","0125d190","0125d234","","Stack[-0x58]","WRITE","false","true"
"FUN_0125d190","0125d190","0125d23b","","Stack[-0x80]","WRITE","false","true"
"FUN_0125d190","0125d190","0125d23b","DAT_3f7ae148","3f7ae148","DATA","false","true"
"FUN_0125d190","0125d190","0125d23e","","Stack[-0x64]","WRITE","false","true"
"FUN_0125d190","0125d190","0125d242","","Stack[-0x54]","WRITE","false","true"
"FUN_0125d190","0125d190","0125d249","","Stack[-0x60]","WRITE","false","true"
"FUN_0125d190","0125d190","0125d250","","Stack[-0x3c]","WRITE","false","true"
"FUN_0125d190","0125d190","0125d254","","Stack[-0x48]","WRITE","false","true"
"FUN_0125d190","0125d190","0125d25b","","Stack[-0x44]","WRITE","false","true"
"FUN_0125d190","0125d190","0125d262","","Stack[-0x40]","WRITE","false","true"
"FUN_0125d190","0125d190","0125d269","operator_new","017986a9","UNCONDITIONAL_CALL","true","false"
"FUN_0125d190","0125d190","0125d276","","Stack[-0x44]","WRITE","false","true"
"FUN_0125d190","0125d190","0125d279","","Stack[-0x3c]","WRITE","false","true"
"FUN_0125d190","0125d190","0125d27d","","Stack[-0x38]","WRITE","false","true"
"FUN_0125d190","0125d190","0125d284","","Stack[-0x34]","WRITE","false","true"
"FUN_0125d190","0125d190","0125d28b","","Stack[-0x30]","WRITE","false","true"
"FUN_0125d190","0125d190","0125d292","","Stack[-0x8]","WRITE","false","true"
"FUN_0125d190","0125d190","0125d296","DAT_01bfb8c4","01bfb8c4","READ","false","true"
"FUN_0125d190","0125d190","0125d29d","LAB_0125d62e","0125d62e","CONDITIONAL_JUMP","false","false"
"FUN_0125d190","0125d190","0125d2a3","DAT_01bfb258","01bfb258","READ","false","true"
"FUN_0125d190","0125d190","0125d2b6","s_CHANGE_GUILD_NAME_MSG_01ae817c","01ae817c","DATA","false","true"
"FUN_0125d190","0125d190","0125d2c9","FUN_00f19cc0","00f19cc0","UNCONDITIONAL_CALL","true","false"
"FUN_0125d190","0125d190","0125d2ce","","Stack[-0x2c]","DATA","false","true"
"FUN_0125d190","0125d190","0125d2d4","FUN_015ce480","015ce480","UNCONDITIONAL_CALL","true","false"
"FUN_0125d190","0125d190","0125d2d9","","Stack[-0x8]","WRITE","false","true"
"FUN_0125d190","0125d190","0125d2e1","LAB_0125d2e5","0125d2e5","CONDITIONAL_JUMP","false","false"
"FUN_0125d190","0125d190","0125d2e5","","Stack[-0x88]","DATA","false","true"
"FUN_0125d190","0125d190","0125d2f2","","Stack[-0x4c]","DATA","false","true"
"FUN_0125d190","0125d190","0125d2f6","FUN_012543f0","012543f0","UNCONDITIONAL_CALL","true","false"
"FUN_0125d190","0125d190","0125d2fb","","Stack[-0x2c]","DATA","false","true"
"FUN_0125d190","0125d190","0125d2fe","","Stack[-0x8]","WRITE","false","true"
"FUN_0125d190","0125d190","0125d302","FUN_00f1a330","00f1a330","UNCONDITIONAL_CALL","true","false"
"FUN_0125d190","0125d190","0125d307","","Stack[-0x44]","READ","false","true"
"FUN_0125d190","0125d190","0125d30a","","Stack[-0xe0]","WRITE","false","true"
"FUN_0125d190","0125d190","0125d312","","Stack[-0xdc]","WRITE","false","true"
"FUN_0125d190","0125d190","0125d31a","LAB_0125d62e","0125d62e","CONDITIONAL_JUMP","false","false"
"FUN_0125d190","0125d190","0125d324","LAB_0125d61e","0125d61e","CONDITIONAL_JUMP","false","false"
"FUN_0125d190","0125d190","0125d32c","FUN_016830c0","016830c0","UNCONDITIONAL_CALL","true","false"
"FUN_0125d190","0125d190","0125d334","","Stack[-0xcc]","WRITE","false","true"
"FUN_0125d190","0125d190","0125d33a","","Stack[-0xc8]","WRITE","false","true"
"FUN_0125d190","0125d190","0125d342","LAB_0125d61e","0125d61e","CONDITIONAL_JUMP","false","false"
"FUN_0125d190","0125d190","0125d35c","DAT_01ae673c","01ae673c","DATA","false","true"
"FUN_0125d190","0125d190","0125d38a","FUN_016830c0","016830c0","UNCONDITIONAL_CALL","true","false"
"FUN_0125d190","0125d190","0125d392","","Stack[-0xe4]","WRITE","false","true"
"FUN_0125d190","0125d190","0125d398","","Stack[-0x8]","WRITE","false","true"
"FUN_0125d190","0125d190","0125d39e","LAB_0125d3ba","0125d3ba","CONDITIONAL_JUMP","false","false"
"FUN_0125d190","0125d190","0125d3a5","VCRUNTIME140.DLL::memset","01831f34","UNCONDITIONAL_CALL","true","false"
"FUN_0125d190","0125d190","0125d3aa","","Stack[-0xe4]","READ","false","true"
"FUN_0125d190","0125d190","0125d3b3","FUN_010baa10","010baa10","UNCONDITIONAL_CALL","true","false"
"FUN_0125d190","0125d190","0125d3b8","LAB_0125d3bc","0125d3bc","UNCONDITIONAL_JUMP","false","false"
"FUN_0125d190","0125d190","0125d3bc","","Stack[-0xd4]","WRITE","false","true"
"FUN_0125d190","0125d190","0125d3c2","","Stack[-0x8]","WRITE","false","true"
"FUN_0125d190","0125d190","0125d3c8","LAB_0125d3db","0125d3db","CONDITIONAL_JUMP","false","false"
"FUN_0125d190","0125d190","0125d3ca","","Stack[-0xcc]","READ","false","true"
"FUN_0125d190","0125d190","0125d3d4","DAT_01ae673c","01ae673c","READ","false","true"
"FUN_0125d190","0125d190","0125d3d4","FUN_0122b370","0122b370","COMPUTED_CALL","true","false"
"FUN_0125d190","0125d190","0125d3d6","LAB_0125d61e","0125d61e","UNCONDITIONAL_JUMP","false","false"
"FUN_0125d190","0125d190","0125d3ed","","Stack[-0x1c]","WRITE","false","true"
"FUN_0125d190","0125d190","0125d3f2","","Stack[-0xd0]","WRITE","false","true"
"FUN_0125d190","0125d190","0125d3f8","","Stack[-0x1c]","WRITE","false","true"
"FUN_0125d190","0125d190","0125d3ff","","Stack[-0x18]","WRITE","false","true"
"FUN_0125d190","0125d190","0125d406","operator_new","017986a9","UNCONDITIONAL_CALL","true","false"
"FUN_0125d190","0125d190","0125d413","","Stack[-0x1c]","WRITE","false","true"
"FUN_0125d190","0125d190","0125d416","","Stack[-0x1c]","DATA","false","true"
"FUN_0125d190","0125d190","0125d419","","Stack[-0x8]","WRITE","false","true"
"FUN_0125d190","0125d190","0125d423","FUN_01232730","01232730","UNCONDITIONAL_CALL","true","false"
"FUN_0125d190","0125d190","0125d428","","Stack[-0x1c]","READ","false","true"
"FUN_0125d190","0125d190","0125d42f","LAB_0125d551","0125d551","CONDITIONAL_JUMP","false","false"
"FUN_0125d190","0125d190","0125d435","","Stack[-0xcc]","READ","false","true"
"FUN_0125d190","0125d190","0125d43b","","Stack[-0xcc]","WRITE","false","true"
"FUN_0125d190","0125d190","0125d446","LAB_0125d547","0125d547","CONDITIONAL_JUMP","false","false"
"FUN_0125d190","0125d190","0125d44e","DAT_01bc4bd0","01bc4bd0","DATA","false","true"
"FUN_0125d190","0125d190","0125d453","DAT_01bc4bb0","01bc4bb0","DATA","false","true"
"FUN_0125d190","0125d190","0125d45b","VCRUNTIME140.DLL::__RTDynamicCast","01831f4c","UNCONDITIONAL_CALL","true","false"
"FUN_0125d190","0125d190","0125d463","","Stack[-0xc8]","WRITE","false","true"
"FUN_0125d190","0125d190","0125d477","","Stack[-0xbc]","WRITE","false","true"
"FUN_0125d190","0125d190","0125d484","","Stack[-0xb8]","DATA","false","true"
"FUN_0125d190","0125d190","0125d48a","","Stack[-0xc4]","WRITE","false","true"
"FUN_0125d190","0125d190","0125d492","FUN_00f221a0","00f221a0","UNCONDITIONAL_CALL","true","false"
"FUN_0125d190","0125d190","0125d497","","Stack[-0xc8]","READ","false","true"
"FUN_0125d190","0125d190","0125d49d","","Stack[-0xd8]","READ_WRITE","false","true"
"FUN_0125d190","0125d190","0125d4aa","","Stack[-0xa0]","WRITE","false","true"
"FUN_0125d190","0125d190","0125d4b6","","Stack[-0x9c]","WRITE","false","true"
"FUN_0125d190","0125d190","0125d4c2","","Stack[-0x98]","WRITE","false","true"
"FUN_0125d190","0125d190","0125d4ce","","Stack[-0x94]","WRITE","false","true"
"FUN_0125d190","0125d190","0125d4da","","Stack[-0x90]","WRITE","false","true"
"FUN_0125d190","0125d190","0125d4e6","","Stack[-0x8c]","WRITE","false","true"
"FUN_0125d190","0125d190","0125d4ec","","Stack[-0xd4]","READ","false","true"
"FUN_0125d190","0125d190","0125d4f2","","Stack[-0xc4]","DATA","false","true"
"FUN_0125d190","0125d190","0125d4fa","","Stack[-0xd0]","READ","false","true"
"FUN_0125d190","0125d190","0125d500","","Stack[-0x8]","WRITE","false","true"
"FUN_0125d190","0125d190","0125d505","FUN_01230c40","01230c40","UNCONDITIONAL_CALL","true","false"
"FUN_0125d190","0125d190","0125d50c","LAB_0125d52e","0125d52e","CONDITIONAL_JUMP","false","false"
"FUN_0125d190","0125d190","0125d519","","Stack[-0xc8]","READ","false","true"
"FUN_0125d190","0125d190","0125d51f","","Stack[-0xd0]","READ","false","true"
"FUN_0125d190","0125d190","0125d528","","Stack[-0xd0]","WRITE","false","true"
"FUN_0125d190","0125d190","0125d52e","","Stack[-0x8]","WRITE","false","true"
"FUN_0125d190","0125d190","0125d532","","Stack[-0xb8]","DATA","false","true"
"FUN_0125d190","0125d190","0125d538","","Stack[-0x98]","WRITE","false","true"
"FUN_0125d190","0125d190","0125d542","FUN_00f1a330","00f1a330","UNCONDITIONAL_CALL","true","false"
"FUN_0125d190","0125d190","0125d54b","LAB_0125d441","0125d441","CONDITIONAL_JUMP","false","false"
"FUN_0125d190","0125d190","0125d551","","Stack[-0xd4]","READ","false","true"
"FUN_0125d190","0125d190","0125d557","","Stack[-0xcc]","READ","false","true"
"FUN_0125d190","0125d190","0125d55f","FUN_0122b3e0","0122b3e0","UNCONDITIONAL_CALL","true","false"
"FUN_0125d190","0125d190","0125d564","","Stack[-0xe8]","READ","false","true"
"FUN_0125d190","0125d190","0125d56c","","Stack[-0xc8]","WRITE","false","true"
"FUN_0125d190","0125d190","0125d57f","LAB_0125d594","0125d594","CONDITIONAL_JUMP","false","false"
"FUN_0125d190","0125d190","0125d584","LAB_0125d58f","0125d58f","CONDITIONAL_JUMP","false","false"
"FUN_0125d190","0125d190","0125d58b","LAB_0125d581","0125d581","CONDITIONAL_JUMP","false","false"
"FUN_0125d190","0125d190","0125d58d","LAB_0125d594","0125d594","UNCONDITIONAL_JUMP","false","false"
"FUN_0125d190","0125d190","0125d592","LAB_0125d5dc","0125d5dc","CONDITIONAL_JUMP","false","false"
"FUN_0125d190","0125d190","0125d59c","LAB_0125d5c1","0125d5c1","CONDITIONAL_JUMP","false","false"
"FUN_0125d190","0125d190","0125d5a8","LAB_0125d5c7","0125d5c7","CONDITIONAL_JUMP","false","false"
"FUN_0125d190","0125d190","0125d5bd","LAB_0125d5b0","0125d5b0","CONDITIONAL_JUMP","false","false"
"FUN_0125d190","0125d190","0125d5bf","LAB_0125d5c7","0125d5c7","UNCONDITIONAL_JUMP","false","false"
"FUN_0125d190","0125d190","0125d5c7","","Stack[-0xc8]","DATA","false","true"
"FUN_0125d190","0125d190","0125d5d0","FUN_00f55430","00f55430","UNCONDITIONAL_CALL","true","false"
"FUN_0125d190","0125d190","0125d5d7","FUN_0122c760","0122c760","UNCONDITIONAL_CALL","true","false"
"FUN_0125d190","0125d190","0125d5dc","","Stack[-0x8]","WRITE","false","true"
"FUN_0125d190","0125d190","0125d5e0","","Stack[-0x1c]","READ","false","true"
"FUN_0125d190","0125d190","0125d5f0","LAB_0125d605","0125d605","CONDITIONAL_JUMP","false","false"
"FUN_0125d190","0125d190","0125d5f7","FUN_017986fc","017986fc","UNCONDITIONAL_CALL","true","false"
"FUN_0125d190","0125d190","0125d603","LAB_0125d5f2","0125d5f2","CONDITIONAL_JUMP","false","false"
"FUN_0125d190","0125d190","0125d607","","Stack[-0x1c]","READ","false","true"
"FUN_0125d190","0125d190","0125d60a","FUN_017986fc","017986fc","UNCONDITIONAL_CALL","true","false"
"FUN_0125d190","0125d190","0125d60f","","Stack[-0xdc]","READ","false","true"
"FUN_0125d190","0125d190","0125d618","","Stack[-0xe0]","READ","false","true"
"FUN_0125d190","0125d190","0125d620","","Stack[-0xdc]","WRITE","false","true"
"FUN_0125d190","0125d190","0125d628","LAB_0125d320","0125d320","CONDITIONAL_JUMP","false","false"
"FUN_0125d190","0125d190","0125d62e","","Stack[-0x4c]","DATA","false","true"
"FUN_0125d190","0125d190","0125d631","FUN_012327f0","012327f0","UNCONDITIONAL_CALL","true","false"
"FUN_0125d190","0125d190","0125d636","","Stack[-0x7c]","DATA","false","true"
"FUN_0125d190","0125d190","0125d639","","Stack[-0x5c]","WRITE","false","true"
"FUN_0125d190","0125d190","0125d640","FUN_00f1a330","00f1a330","UNCONDITIONAL_CALL","true","false"
"FUN_0125d190","0125d190","0125d645","","Stack[-0x10]","READ","false","true"
"FUN_0125d190","0125d190","0125d648","ExceptionList","ffdff000","WRITE","false","true"
"FUN_0125d190","0125d190","0125d652","","Stack[-0x14]","READ","false","true"
"FUN_0125d190","0125d190","0125d657","__security_check_cookie","0179869b","UNCONDITIONAL_CALL","true","false"
"FUN_0125d660","0125d660","0125d665","LAB_0199aeb7","0199aeb7","DATA","false","true"
"FUN_0125d660","0125d660","0125d66a","ExceptionList","ffdff000","READ","false","true"
"FUN_0125d660","0125d660","0125d676","DAT_01bbb1c0","01bbb1c0","READ","false","true"
"FUN_0125d660","0125d660","0125d67e","","Stack[-0x10]","DATA","false","true"
"FUN_0125d660","0125d660","0125d681","ExceptionList","ffdff000","WRITE","false","true"
"FUN_0125d660","0125d660","0125d689","","Stack[-0x18]","WRITE","false","true"
"FUN_0125d660","0125d660","0125d698","LAB_0125d7b0","0125d7b0","CONDITIONAL_JUMP","false","false"
"FUN_0125d660","0125d660","0125d6a0","","Stack[0x4]","READ","false","true"
"FUN_0125d660","0125d660","0125d6a9","","Stack[-0x14]","WRITE","false","true"
"FUN_0125d660","0125d660","0125d6ac","","Stack[-0x2c]","DATA","false","true"
"FUN_0125d660","0125d660","0125d6af","LAB_0125d6c8","0125d6c8","CONDITIONAL_JUMP","false","false"
"FUN_0125d660","0125d660","0125d6b1","","Stack[-0x2c]","WRITE","false","true"
"FUN_0125d660","0125d660","0125d6b8","","Stack[-0x28]","WRITE","false","true"
"FUN_0125d660","0125d660","0125d6b8","DAT_3f7ae148","3f7ae148","DATA","false","true"
"FUN_0125d660","0125d660","0125d6bf","","Stack[-0x24]","WRITE","false","true"
"FUN_0125d660","0125d660","0125d6c6","LAB_0125d6dd","0125d6dd","UNCONDITIONAL_JUMP","false","false"
"FUN_0125d660","0125d660","0125d6c8","","Stack[-0x2c]","WRITE","false","true"
"FUN_0125d660","0125d660","0125d6c8","DAT_3f7ae148","3f7ae148","DATA","false","true"
"FUN_0125d660","0125d660","0125d6cf","","Stack[-0x28]","WRITE","false","true"
"FUN_0125d660","0125d660","0125d6d6","","Stack[-0x24]","WRITE","false","true"
"FUN_0125d660","0125d660","0125d6dd","","Stack[-0x2c]","DATA","false","true"
"FUN_0125d660","0125d660","0125d6e4","","Stack[-0x24]","READ","false","true"
"FUN_0125d660","0125d660","0125d6e9","","Stack[-0x68]","DATA","false","true"
"FUN_0125d660","0125d660","0125d6ed","","Stack[-0x60]","WRITE","false","true"
"FUN_0125d660","0125d660","0125d6f0","","Stack[-0x14]","READ","false","true"
"FUN_0125d660","0125d660","0125d701","DAT_01bfb258","01bfb258","READ","false","true"
"FUN_0125d660","0125d660","0125d70a","","Stack[-0x1c]","WRITE","false","true"
"FUN_0125d660","0125d660","0125d723","","Stack[-0x20]","WRITE","false","true"
"FUN_0125d660","0125d660","0125d726","LAB_0125d74d","0125d74d","CONDITIONAL_JUMP","false","false"
"FUN_0125d660","0125d660","0125d72a","s_CHANGE_GUILD_NAME_USABLE_01ae81c4","01ae81c4","DATA","false","true"
"FUN_0125d660","0125d660","0125d72f","FUN_00f19cc0","00f19cc0","UNCONDITIONAL_CALL","true","false"
"FUN_0125d660","0125d660","0125d734","","Stack[-0x50]","DATA","false","true"
"FUN_0125d660","0125d660","0125d73a","FUN_015ce480","015ce480","UNCONDITIONAL_CALL","true","false"
"FUN_0125d660","0125d660","0125d73f","","Stack[-0x8]","WRITE","false","true"
"FUN_0125d660","0125d660","0125d74b","LAB_0125d770","0125d770","UNCONDITIONAL_JUMP","false","false"
"FUN_0125d660","0125d660","0125d74f","s_CHANGE_GUILD_NAME_UNUSABLE_01ae81a8","01ae81a8","DATA","false","true"
"FUN_0125d660","0125d660","0125d754","FUN_00f19cc0","00f19cc0","UNCONDITIONAL_CALL","true","false"
"FUN_0125d660","0125d660","0125d759","","Stack[-0x38]","DATA","false","true"
"FUN_0125d660","0125d660","0125d75f","FUN_015ce480","015ce480","UNCONDITIONAL_CALL","true","false"
"FUN_0125d660","0125d660","0125d764","","Stack[-0x8]","WRITE","false","true"
"FUN_0125d660","0125d660","0125d774","","Stack[-0x18]","WRITE","false","true"
"FUN_0125d660","0125d660","0125d777","","Stack[-0x14]","WRITE","false","true"
"FUN_0125d660","0125d660","0125d77a","LAB_0125d77e","0125d77e","CONDITIONAL_JUMP","false","false"
"FUN_0125d660","0125d660","0125d77e","","Stack[-0x1c]","READ","false","true"
"FUN_0125d660","0125d660","0125d782","","Stack[-0x20]","READ","false","true"
"FUN_0125d660","0125d660","0125d785","","Stack[-0x14]","READ","false","true"
"FUN_0125d660","0125d660","0125d78a","LAB_0125d79d","0125d79d","CONDITIONAL_JUMP","false","false"
"FUN_0125d660","0125d660","0125d78f","","Stack[-0x38]","DATA","false","true"
"FUN_0125d660","0125d660","0125d792","","Stack[-0x14]","WRITE","false","true"
"FUN_0125d660","0125d660","0125d795","FUN_00f1a330","00f1a330","UNCONDITIONAL_CALL","true","false"
"FUN_0125d660","0125d660","0125d79a","","Stack[-0x14]","READ","false","true"
"FUN_0125d660","0125d660","0125d79d","","Stack[-0x8]","WRITE","false","true"
"FUN_0125d660","0125d660","0125d7a6","LAB_0125d7b0","0125d7b0","CONDITIONAL_JUMP","false","false"
"FUN_0125d660","0125d660","0125d7a8","","Stack[-0x50]","DATA","false","true"
"FUN_0125d660","0125d660","0125d7ab","FUN_00f1a330","00f1a330","UNCONDITIONAL_CALL","true","false"
"FUN_0125d660","0125d660","0125d7b8","LAB_0125d7c6","0125d7c6","CONDITIONAL_JUMP","false","false"
"FUN_0125d660","0125d660","0125d7ba","","Stack[0x4]","READ","false","true"
"FUN_0125d660","0125d660","0125d7c6","","Stack[-0x10]","READ","false","true"
"FUN_0125d660","0125d660","0125d7c9","ExceptionList","ffdff000","WRITE","false","true"
"FUN_0125d860","0125d860","0125d865","LAB_01990fb5","01990fb5","DATA","false","true"
"FUN_0125d860","0125d860","0125d86a","ExceptionList","ffdff000","READ","false","true"
"FUN_0125d860","0125d860","0125d874","DAT_01bbb1c0","01bbb1c0","READ","false","true"
"FUN_0125d860","0125d860","0125d87b","","Stack[-0x14]","WRITE","false","true"
"FUN_0125d860","0125d860","0125d881","","Stack[-0x10]","DATA","false","true"
"FUN_0125d860","0125d860","0125d884","ExceptionList","ffdff000","WRITE","false","true"
"FUN_0125d860","0125d860","0125d894","LAB_0125d95e","0125d95e","CONDITIONAL_JUMP","false","false"
"FUN_0125d860","0125d860","0125d8a4","LAB_0125d8a8","0125d8a8","CONDITIONAL_JUMP","false","false"
"FUN_0125d860","0125d860","0125d8aa","","Stack[-0x1c]","WRITE","false","true"
"FUN_0125d860","0125d860","0125d8b4","","Stack[-0x18]","WRITE","false","true"
"FUN_0125d860","0125d860","0125d8bb","","Stack[-0x2c]","WRITE","false","true"
"FUN_0125d860","0125d860","0125d8cb","LAB_0125d8c2","0125d8c2","CONDITIONAL_JUMP","false","false"
"FUN_0125d860","0125d860","0125d8cf","","Stack[-0x2c]","DATA","false","true"
"FUN_0125d860","0125d860","0125d8d6","FUN_00f1a200","00f1a200","UNCONDITIONAL_CALL","true","false"
"FUN_0125d860","0125d860","0125d8db","","Stack[-0x2c]","DATA","false","true"
"FUN_0125d860","0125d860","0125d8de","","Stack[-0x8]","WRITE","false","true"
"FUN_0125d860","0125d860","0125d8eb","","Stack[-0x4c]","DATA","false","true"
"FUN_0125d860","0125d860","0125d8ef","FUN_00f221a0","00f221a0","UNCONDITIONAL_CALL","true","false"
"FUN_0125d860","0125d860","0125d8f7","","Stack[-0x8]","WRITE","false","true"
"FUN_0125d860","0125d860","0125d8fb","","Stack[-0x4c]","DATA","false","true"
"FUN_0125d860","0125d860","0125d901","FUN_00f221a0","00f221a0","UNCONDITIONAL_CALL","true","false"
"FUN_0125d860","0125d860","0125d908","FUN_013254a0","013254a0","UNCONDITIONAL_CALL","true","false"
"FUN_0125d860","0125d860","0125d90f","LAB_0125d942","0125d942","CONDITIONAL_JUMP","false","false"
"FUN_0125d860","0125d860","0125d91d","FUN_013bdff0","013bdff0","UNCONDITIONAL_CALL","true","false"
"FUN_0125d860","0125d860","0125d925","","Stack[-0x8]","WRITE","false","true"
"FUN_0125d860","0125d860","0125d929","","Stack[-0x4c]","DATA","false","true"
"FUN_0125d860","0125d860","0125d92c","FUN_00f1a330","00f1a330","UNCONDITIONAL_CALL","true","false"
"FUN_0125d860","0125d860","0125d931","","Stack[-0x2d]","DATA","false","true"
"FUN_0125d860","0125d860","0125d934","","Stack[-0x2d]","WRITE","false","true"
"FUN_0125d860","0125d860","0125d93b","FUN_0125d660","0125d660","UNCONDITIONAL_CALL","true","false"
"FUN_0125d860","0125d860","0125d940","LAB_0125d956","0125d956","UNCONDITIONAL_JUMP","false","false"
"FUN_0125d860","0125d860","0125d942","","Stack[-0x4c]","DATA","false","true"
"FUN_0125d860","0125d860","0125d945","FUN_00fab0f0","00fab0f0","UNCONDITIONAL_CALL","true","false"
"FUN_0125d860","0125d860","0125d94a","","Stack[-0x4c]","DATA","false","true"
"FUN_0125d860","0125d860","0125d94d","","Stack[-0x8]","WRITE","false","true"
"FUN_0125d860","0125d860","0125d951","FUN_00f1a330","00f1a330","UNCONDITIONAL_CALL","true","false"
"FUN_0125d860","0125d860","0125d956","","Stack[-0x2c]","DATA","false","true"
"FUN_0125d860","0125d860","0125d959","FUN_00f1a330","00f1a330","UNCONDITIONAL_CALL","true","false"
"FUN_0125d860","0125d860","0125d95e","","Stack[-0x10]","READ","false","true"
"FUN_0125d860","0125d860","0125d961","ExceptionList","ffdff000","WRITE","false","true"
"FUN_0125d860","0125d860","0125d96b","","Stack[-0x14]","READ","false","true"
"FUN_0125d860","0125d860","0125d970","__security_check_cookie","0179869b","UNCONDITIONAL_CALL","true","false"
"FUN_0125da80","0125da80","0125da85","LAB_019841ad","019841ad","DATA","false","true"
"FUN_0125da80","0125da80","0125da8a","ExceptionList","ffdff000","READ","false","true"
"FUN_0125da80","0125da80","0125da94","DAT_01bbb1c0","01bbb1c0","READ","false","true"
"FUN_0125da80","0125da80","0125da9b","","Stack[-0x14]","WRITE","false","true"
"FUN_0125da80","0125da80","0125daa1","","Stack[-0x10]","DATA","false","true"
"FUN_0125da80","0125da80","0125daa4","ExceptionList","ffdff000","WRITE","false","true"
"FUN_0125da80","0125da80","0125daac","","Stack[0x4]","READ","false","true"
"FUN_0125da80","0125da80","0125dab1","LAB_0125db58","0125db58","CONDITIONAL_JUMP","false","false"
"FUN_0125da80","0125da80","0125dab9","DAT_01bc691c","01bc691c","DATA","false","true"
"FUN_0125da80","0125da80","0125dabe","DAT_01bc4a94","01bc4a94","DATA","false","true"
"FUN_0125da80","0125da80","0125dac8","VCRUNTIME140.DLL::__RTDynamicCast","01831f4c","UNCONDITIONAL_CALL","true","false"
"FUN_0125da80","0125da80","0125dad4","LAB_0125db58","0125db58","CONDITIONAL_JUMP","false","false"
"FUN_0125da80","0125da80","0125dae2","LAB_0125db58","0125db58","CONDITIONAL_JUMP","false","false"
"FUN_0125da80","0125da80","0125daee","LAB_0125daf2","0125daf2","CONDITIONAL_JUMP","false","false"
"FUN_0125da80","0125da80","0125daf4","","Stack[-0x1c]","WRITE","false","true"
"FUN_0125da80","0125da80","0125dafe","","Stack[-0x18]","WRITE","false","true"
"FUN_0125da80","0125da80","0125db05","","Stack[-0x2c]","WRITE","false","true"
"FUN_0125da80","0125da80","0125db0c","","Stack[-0x30]","WRITE","false","true"
"FUN_0125da80","0125da80","0125db19","LAB_0125db10","0125db10","CONDITIONAL_JUMP","false","false"
"FUN_0125da80","0125da80","0125db1b","","Stack[-0x30]","READ","false","true"
"FUN_0125da80","0125da80","0125db22","","Stack[-0x2c]","DATA","false","true"
"FUN_0125da80","0125da80","0125db25","FUN_00f1a200","00f1a200","UNCONDITIONAL_CALL","true","false"
"FUN_0125da80","0125da80","0125db2d","","Stack[-0x8]","WRITE","false","true"
"FUN_0125da80","0125da80","0125db3e","","Stack[-0x2c]","DATA","false","true"
"FUN_0125da80","0125da80","0125db44","FUN_00f221a0","00f221a0","UNCONDITIONAL_CALL","true","false"
"FUN_0125da80","0125da80","0125db4b","FUN_01325390","01325390","UNCONDITIONAL_CALL","true","false"
"FUN_0125da80","0125da80","0125db50","","Stack[-0x2c]","DATA","false","true"
"FUN_0125da80","0125da80","0125db53","FUN_00f1a330","00f1a330","UNCONDITIONAL_CALL","true","false"
"FUN_0125da80","0125da80","0125db58","","Stack[-0x10]","READ","false","true"
"FUN_0125da80","0125da80","0125db5b","ExceptionList","ffdff000","WRITE","false","true"
"FUN_0125da80","0125da80","0125db65","","Stack[-0x14]","READ","false","true"
"FUN_0125da80","0125da80","0125db6a","__security_check_cookie","0179869b","UNCONDITIONAL_CALL","true","false"
"FUN_0125dd80","0125dd80","0125dd89","DAT_01ae8554","01ae8554","DATA","false","true"
"FUN_0125dd80","0125dd80","0125dd93","DAT_01ad324c","01ad324c","DATA","false","true"
"FUN_0125dd80","0125dd80","0125dd99","FUN_00f1a420","00f1a420","UNCONDITIONAL_CALL","true","false"
"FUN_0125dd80","0125dd80","0125dda0","FUN_012456d0","012456d0","UNCONDITIONAL_CALL","true","false"
"FUN_0125dd80","0125dd80","0125dda5","","Stack[0x4]","READ","false","true"
"FUN_0125dd80","0125dd80","0125ddab","LAB_0125ddcd","0125ddcd","CONDITIONAL_JUMP","false","false"
"FUN_0125dd80","0125dd80","0125ddb5","LAB_0125ddc5","0125ddc5","CONDITIONAL_JUMP","false","false"
"FUN_0125dd80","0125dd80","0125ddb7","FUN_01683120","01683120","UNCONDITIONAL_CALL","true","false"
"FUN_0125dd80","0125dd80","0125ddc5","FUN_00f199b0","00f199b0","UNCONDITIONAL_CALL","true","false"
"FUN_0125dde0","0125dde0","0125dde6","DAT_01bfe470","01bfe470","READ","false","true"
"FUN_0125dde0","0125dde0","0125ddf5","LAB_0125def6","0125def6","CONDITIONAL_JUMP","false","false"
"FUN_0125dde0","0125dde0","0125ddfe","","Stack[-0x18]","WRITE","false","true"
"FUN_0125dde0","0125dde0","0125de06","","Stack[-0x18]","DATA","false","true"
"FUN_0125dde0","0125dde0","0125de0d","","Stack[-0x14]","DATA","false","true"
"FUN_0125dde0","0125dde0","0125de18","FUN_00f1d720","00f1d720","UNCONDITIONAL_CALL","true","false"
"FUN_0125dde0","0125dde0","0125de1d","","Stack[-0xc]","READ","false","true"
"FUN_0125dde0","0125dde0","0125de25","LAB_0125de36","0125de36","CONDITIONAL_JUMP","false","false"
"FUN_0125dde0","0125dde0","0125de2b","LAB_0125de36","0125de36","CONDITIONAL_JUMP","false","false"
"FUN_0125dde0","0125dde0","0125de2f","LAB_0125de36","0125de36","CONDITIONAL_JUMP","false","false"
"FUN_0125dde0","0125dde0","0125de34","LAB_0125de38","0125de38","UNCONDITIONAL_JUMP","false","false"
"FUN_0125dde0","0125dde0","0125de3a","DAT_01bc6948","01bc6948","DATA","false","true"
"FUN_0125dde0","0125dde0","0125de3f","DAT_01bc3cf8","01bc3cf8","DATA","false","true"
"FUN_0125dde0","0125dde0","0125de47","VCRUNTIME140.DLL::__RTDynamicCast","01831f4c","UNCONDITIONAL_CALL","true","false"
"FUN_0125dde0","0125dde0","0125de5a","LAB_0125def6","0125def6","CONDITIONAL_JUMP","false","false"
"FUN_0125dde0","0125dde0","0125de78","FUN_00ff8bc0","00ff8bc0","UNCONDITIONAL_CALL","true","false"
"FUN_0125dde0","0125dde0","0125de94","FUN_00ff8bc0","00ff8bc0","UNCONDITIONAL_CALL","true","false"
"FUN_0125dde0","0125dde0","0125deb0","FUN_00ff8bc0","00ff8bc0","UNCONDITIONAL_CALL","true","false"
"FUN_0125dde0","0125dde0","0125decc","FUN_00ff8bc0","00ff8bc0","UNCONDITIONAL_CALL","true","false"
"FUN_0125dde0","0125dde0","0125dee8","FUN_00ff8bc0","00ff8bc0","UNCONDITIONAL_CALL","true","false"
"FUN_0125df00","0125df00","0125df05","LAB_0199aeed","0199aeed","DATA","false","true"
"FUN_0125df00","0125df00","0125df0a","ExceptionList","ffdff000","READ","false","true"
"FUN_0125df00","0125df00","0125df14","DAT_01bbb1c0","01bbb1c0","READ","false","true"
"FUN_0125df00","0125df00","0125df1b","","Stack[-0x14]","WRITE","false","true"
"FUN_0125df00","0125df00","0125df22","","Stack[-0x10]","DATA","false","true"
"FUN_0125df00","0125df00","0125df25","ExceptionList","ffdff000","WRITE","false","true"
"FUN_0125df00","0125df00","0125df2d","","Stack[0x4]","READ","false","true"
"FUN_0125df00","0125df00","0125df30","","Stack[0x8]","READ","false","true"
"FUN_0125df00","0125df00","0125df38","switchD_0125df3e::default","0125e3f7","CONDITIONAL_JUMP","false","false"
"FUN_0125df00","0125df00","0125df3e","switchD_0125df3e::caseD_0","0125df45","COMPUTED_JUMP","false","false"
"FUN_0125df00","0125df00","0125df3e","switchD_0125df3e::caseD_1","0125df66","COMPUTED_JUMP","false","false"
"FUN_0125df00","0125df00","0125df3e","switchD_0125df3e::caseD_2","0125e0c3","COMPUTED_JUMP","false","false"
"FUN_0125df00","0125df00","0125df3e","switchD_0125df3e::caseD_3","0125e329","COMPUTED_JUMP","false","false"
"FUN_0125df00","0125df00","0125df3e","switchD_0125df3e::caseD_4","0125e339","COMPUTED_JUMP","false","false"
"FUN_0125df00","0125df00","0125df3e","switchD_0125df3e::switchdataD_0125e41c","0125e41c","DATA","false","true"
"FUN_0125df00","0125df00","0125df4a","switchD_0125df3e::default","0125e3f7","CONDITIONAL_JUMP","false","false"
"FUN_0125df00","0125df00","0125df61","switchD_0125df3e::default","0125e3f7","UNCONDITIONAL_JUMP","false","false"
"FUN_0125df00","0125df00","0125df73","LAB_0125dfc1","0125dfc1","CONDITIONAL_JUMP","false","false"
"FUN_0125df00","0125df00","0125df7a","LAB_0125dfc1","0125dfc1","CONDITIONAL_JUMP","false","false"
"FUN_0125df00","0125df00","0125df85","LAB_0125dfc1","0125dfc1","CONDITIONAL_JUMP","false","false"
"FUN_0125df00","0125df00","0125df89","LAB_0125e415","0125e415","CONDITIONAL_JUMP","false","false"
"FUN_0125df00","0125df00","0125df94","LAB_0125df9a","0125df9a","CONDITIONAL_JUMP","false","false"
"FUN_0125df00","0125df00","0125df98","LAB_0125dfbe","0125dfbe","UNCONDITIONAL_JUMP","false","false"
"FUN_0125df00","0125df00","0125dfa1","VCRUNTIME140.DLL::memset","01831f34","UNCONDITIONAL_CALL","true","false"
"FUN_0125df00","0125df00","0125dfa9","PTR__errno_019ec93c","019ec93c","READ","false","true"
"FUN_0125df00","0125df00","0125dfa9","UCRTBASE.DLL::_errno","EXTERNAL:00000228","COMPUTED_CALL","true","false"
"FUN_0125df00","0125df00","0125dfb5","PTR__invalid_parameter_noinfo_019ec940","019ec940","READ","false","true"
"FUN_0125df00","0125df00","0125dfb5","UCRTBASE.DLL::_invalid_parameter_noinfo","EXTERNAL:00000229","COMPUTED_CALL","true","false"
"FUN_0125df00","0125df00","0125dfc1","DAT_01bfb32c","01bfb32c","READ","false","true"
"FUN_0125df00","0125df00","0125dfcf","LAB_0125e000","0125e000","CONDITIONAL_JUMP","false","false"
"FUN_0125df00","0125df00","0125dfd3","s_System\interface_person_01.wav_01ae83c0","01ae83c0","DATA","false","true"
"FUN_0125df00","0125df00","0125dfdf","LAB_0125dff1","0125dff1","CONDITIONAL_JUMP","false","false"
"FUN_0125df00","0125df00","0125dfe1","DAT_01bfb32c","01bfb32c","READ","false","true"
"FUN_0125df00","0125df00","0125dfe7","s_System\interface_person_01.wav_01ae83c0","01ae83c0","DATA","false","true"
"FUN_0125df00","0125df00","0125dff1","DAT_01bfb32c","01bfb32c","READ","false","true"
"FUN_0125df00","0125df00","0125dff7","s_System\interface_person_01.wav_01ae83c0","01ae83c0","DATA","false","true"
"FUN_0125df00","0125df00","0125e008","LAB_0125e02d","0125e02d","CONDITIONAL_JUMP","false","false"
"FUN_0125df00","0125df00","0125e035","LAB_0125e06e","0125e06e","CONDITIONAL_JUMP","false","false"
"FUN_0125df00","0125df00","0125e046","FUN_0137ac80","0137ac80","UNCONDITIONAL_CALL","true","false"
"FUN_0125df00","0125df00","0125e056","LAB_0125e05a","0125e05a","CONDITIONAL_JUMP","false","false"
"FUN_0125df00","0125df00","0125e069","FUN_00f1a330","00f1a330","UNCONDITIONAL_CALL","true","false"
"FUN_0125df00","0125df00","0125e07b","LAB_0125e088","0125e088","CONDITIONAL_JUMP","false","false"
"FUN_0125df00","0125df00","0125e086","LAB_0125e0a4","0125e0a4","CONDITIONAL_JUMP","false","false"
"FUN_0125df00","0125df00","0125e092","LAB_0125e0a4","0125e0a4","CONDITIONAL_JUMP","false","false"
"FUN_0125df00","0125df00","0125e09b","LAB_0125e0a4","0125e0a4","CONDITIONAL_JUMP","false","false"
"FUN_0125df00","0125df00","0125e09f","FUN_0125fda0","0125fda0","UNCONDITIONAL_CALL","true","false"
"FUN_0125df00","0125df00","0125e0ac","switchD_0125df3e::default","0125e3f7","CONDITIONAL_JUMP","false","false"
"FUN_0125df00","0125df00","0125e0be","LAB_0125e3ee","0125e3ee","UNCONDITIONAL_JUMP","false","false"
"FUN_0125df00","0125df00","0125e0db","LAB_0125e12c","0125e12c","CONDITIONAL_JUMP","false","false"
"FUN_0125df00","0125df00","0125e0e2","LAB_0125e12c","0125e12c","CONDITIONAL_JUMP","false","false"
"FUN_0125df00","0125df00","0125e0ed","LAB_0125e12c","0125e12c","CONDITIONAL_JUMP","false","false"
"FUN_0125df00","0125df00","0125e0f1","LAB_0125e415","0125e415","CONDITIONAL_JUMP","false","false"
"FUN_0125df00","0125df00","0125e0fc","LAB_0125e102","0125e102","CONDITIONAL_JUMP","false","false"
"FUN_0125df00","0125df00","0125e100","LAB_0125e126","0125e126","UNCONDITIONAL_JUMP","false","false"
"FUN_0125df00","0125df00","0125e109","VCRUNTIME140.DLL::memset","01831f34","UNCONDITIONAL_CALL","true","false"
"FUN_0125df00","0125df00","0125e111","PTR__errno_019ec93c","019ec93c","READ","false","true"
"FUN_0125df00","0125df00","0125e111","UCRTBASE.DLL::_errno","EXTERNAL:00000228","COMPUTED_CALL","true","false"
"FUN_0125df00","0125df00","0125e11d","PTR__invalid_parameter_noinfo_019ec940","019ec940","READ","false","true"
"FUN_0125df00","0125df00","0125e11d","UCRTBASE.DLL::_invalid_parameter_noinfo","EXTERNAL:00000229","COMPUTED_CALL","true","false"
"FUN_0125df00","0125df00","0125e134","LAB_0125e187","0125e187","CONDITIONAL_JUMP","false","false"
"FUN_0125df00","0125df00","0125e13b","LAB_0125e187","0125e187","CONDITIONAL_JUMP","false","false"
"FUN_0125df00","0125df00","0125e146","LAB_0125e187","0125e187","CONDITIONAL_JUMP","false","false"
"FUN_0125df00","0125df00","0125e14c","LAB_0125e415","0125e415","CONDITIONAL_JUMP","false","false"
"FUN_0125df00","0125df00","0125e157","LAB_0125e15d","0125e15d","CONDITIONAL_JUMP","false","false"
"FUN_0125df00","0125df00","0125e15b","LAB_0125e181","0125e181","UNCONDITIONAL_JUMP","false","false"
"FUN_0125df00","0125df00","0125e164","VCRUNTIME140.DLL::memset","01831f34","UNCONDITIONAL_CALL","true","false"
"FUN_0125df00","0125df00","0125e16c","PTR__errno_019ec93c","019ec93c","READ","false","true"
"FUN_0125df00","0125df00","0125e16c","UCRTBASE.DLL::_errno","EXTERNAL:00000228","COMPUTED_CALL","true","false"
"FUN_0125df00","0125df00","0125e178","PTR__invalid_parameter_noinfo_019ec940","019ec940","READ","false","true"
"FUN_0125df00","0125df00","0125e178","UCRTBASE.DLL::_invalid_parameter_noinfo","EXTERNAL:00000229","COMPUTED_CALL","true","false"
"FUN_0125df00","0125df00","0125e18f","LAB_0125e1c6","0125e1c6","CONDITIONAL_JUMP","false","false"
"FUN_0125df00","0125df00","0125e196","LAB_0125e1c6","0125e1c6","CONDITIONAL_JUMP","false","false"
"FUN_0125df00","0125df00","0125e1a1","LAB_0125e1c6","0125e1c6","CONDITIONAL_JUMP","false","false"
"FUN_0125df00","0125df00","0125e1a5","LAB_0125e415","0125e415","CONDITIONAL_JUMP","false","false"
"FUN_0125df00","0125df00","0125e1b0","LAB_0125e1c4","0125e1c4","CONDITIONAL_JUMP","false","false"
"FUN_0125df00","0125df00","0125e1b2","PTR__errno_019ec93c","019ec93c","READ","false","true"
"FUN_0125df00","0125df00","0125e1b2","UCRTBASE.DLL::_errno","EXTERNAL:00000228","COMPUTED_CALL","true","false"
"FUN_0125df00","0125df00","0125e1be","PTR__invalid_parameter_noinfo_019ec940","019ec940","READ","false","true"
"FUN_0125df00","0125df00","0125e1be","UCRTBASE.DLL::_invalid_parameter_noinfo","EXTERNAL:00000229","COMPUTED_CALL","true","false"
"FUN_0125df00","0125df00","0125e1c6","DAT_01bfb32c","01bfb32c","READ","false","true"
"FUN_0125df00","0125df00","0125e1d4","LAB_0125e205","0125e205","CONDITIONAL_JUMP","false","false"
"FUN_0125df00","0125df00","0125e1d8","s_System\interface_person_01.wav_01ae83c0","01ae83c0","DATA","false","true"
"FUN_0125df00","0125df00","0125e1e4","LAB_0125e1f6","0125e1f6","CONDITIONAL_JUMP","false","false"
"FUN_0125df00","0125df00","0125e1e6","DAT_01bfb32c","01bfb32c","READ","false","true"
"FUN_0125df00","0125df00","0125e1ec","s_System\interface_person_01.wav_01ae83c0","01ae83c0","DATA","false","true"
"FUN_0125df00","0125df00","0125e1f6","DAT_01bfb32c","01bfb32c","READ","false","true"
"FUN_0125df00","0125df00","0125e1fc","s_System\interface_person_01.wav_01ae83c0","01ae83c0","DATA","false","true"
"FUN_0125df00","0125df00","0125e20d","LAB_0125e235","0125e235","CONDITIONAL_JUMP","false","false"
"FUN_0125df00","0125df00","0125e23d","LAB_0125e262","0125e262","CONDITIONAL_JUMP","false","false"
"FUN_0125df00","0125df00","0125e268","FUN_0137ab70","0137ab70","UNCONDITIONAL_CALL","true","false"
"FUN_0125df00","0125df00","0125e275","LAB_0125e2d1","0125e2d1","CONDITIONAL_JUMP","false","false"
"FUN_0125df00","0125df00","0125e29d","PTR_fmaxf_019ec8ec","019ec8ec","READ","false","true"
"FUN_0125df00","0125df00","0125e29d","UCRTBASE.DLL::fmaxf","EXTERNAL:00000215","COMPUTED_CALL","true","false"
"FUN_0125df00","0125df00","0125e2ae","FUN_01243010","01243010","UNCONDITIONAL_CALL","true","false"
"FUN_0125df00","0125df00","0125e2bf","FUN_01242bf0","01242bf0","UNCONDITIONAL_CALL","true","false"
"FUN_0125df00","0125df00","0125e2d9","LAB_0125e2f0","0125e2f0","CONDITIONAL_JUMP","false","false"
"FUN_0125df00","0125df00","0125e2f7","switchD_0125df3e::default","0125e3f7","CONDITIONAL_JUMP","false","false"
"FUN_0125df00","0125df00","0125e301","LAB_0125e30f","0125e30f","CONDITIONAL_JUMP","false","false"
"FUN_0125df00","0125df00","0125e305","FUN_0125fda0","0125fda0","UNCONDITIONAL_CALL","true","false"
"FUN_0125df00","0125df00","0125e30a","switchD_0125df3e::default","0125e3f7","UNCONDITIONAL_JUMP","false","false"
"FUN_0125df00","0125df00","0125e317","switchD_0125df3e::default","0125e3f7","CONDITIONAL_JUMP","false","false"
"FUN_0125df00","0125df00","0125e324","switchD_0125df3e::default","0125e3f7","UNCONDITIONAL_JUMP","false","false"
"FUN_0125df00","0125df00","0125e32f","FUN_0125f6e0","0125f6e0","UNCONDITIONAL_CALL","true","false"
"FUN_0125df00","0125df00","0125e334","switchD_0125df3e::default","0125e3f7","UNCONDITIONAL_JUMP","false","false"
"FUN_0125df00","0125df00","0125e345","LAB_0125e396","0125e396","CONDITIONAL_JUMP","false","false"
"FUN_0125df00","0125df00","0125e34c","LAB_0125e396","0125e396","CONDITIONAL_JUMP","false","false"
"FUN_0125df00","0125df00","0125e357","LAB_0125e396","0125e396","CONDITIONAL_JUMP","false","false"
"FUN_0125df00","0125df00","0125e35b","LAB_0125e415","0125e415","CONDITIONAL_JUMP","false","false"
"FUN_0125df00","0125df00","0125e366","LAB_0125e36c","0125e36c","CONDITIONAL_JUMP","false","false"
"FUN_0125df00","0125df00","0125e36a","LAB_0125e390","0125e390","UNCONDITIONAL_JUMP","false","false"
"FUN_0125df00","0125df00","0125e373","VCRUNTIME140.DLL::memset","01831f34","UNCONDITIONAL_CALL","true","false"
"FUN_0125df00","0125df00","0125e37b","PTR__errno_019ec93c","019ec93c","READ","false","true"
"FUN_0125df00","0125df00","0125e37b","UCRTBASE.DLL::_errno","EXTERNAL:00000228","COMPUTED_CALL","true","false"
"FUN_0125df00","0125df00","0125e387","PTR__invalid_parameter_noinfo_019ec940","019ec940","READ","false","true"
"FUN_0125df00","0125df00","0125e387","UCRTBASE.DLL::_invalid_parameter_noinfo","EXTERNAL:00000229","COMPUTED_CALL","true","false"
"FUN_0125df00","0125df00","0125e394","LAB_0125e3cb","0125e3cb","CONDITIONAL_JUMP","false","false"
"FUN_0125df00","0125df00","0125e39b","LAB_0125e3bd","0125e3bd","CONDITIONAL_JUMP","false","false"
"FUN_0125df00","0125df00","0125e3c2","LAB_0125e3cb","0125e3cb","CONDITIONAL_JUMP","false","false"
"FUN_0125df00","0125df00","0125e3d7","LAB_0125e3e1","0125e3e1","CONDITIONAL_JUMP","false","false"
"FUN_0125df00","0125df00","0125e3dc","FUN_01242bf0","01242bf0","UNCONDITIONAL_CALL","true","false"
"FUN_0125df00","0125df00","0125e3e6","switchD_0125df3e::default","0125e3f7","CONDITIONAL_JUMP","false","false"
"FUN_0125df00","0125df00","0125e3f7","","Stack[-0x10]","READ","false","true"
"FUN_0125df00","0125df00","0125e3fa","ExceptionList","ffdff000","WRITE","false","true"
"FUN_0125df00","0125df00","0125e405","","Stack[-0x14]","READ","false","true"
"FUN_0125df00","0125df00","0125e40a","__security_check_cookie","0179869b","UNCONDITIONAL_CALL","true","false"
"FUN_0125df00","0125df00","0125e415","FUN_00f3fcb0","00f3fcb0","UNCONDITIONAL_CALL","true","false"
"FUN_0125e440","0125e440","0125e44b","LAB_0125e464","0125e464","CONDITIONAL_JUMP","false","false"
"FUN_0125e440","0125e440","0125e45f","FUN_00ff8af0","00ff8af0","UNCONDITIONAL_CALL","true","false"
"FUN_0125e440","0125e440","0125e473","LAB_0125e485","0125e485","CONDITIONAL_JUMP","false","false"
"FUN_0125e4a0","0125e4a0","0125e4b1","switchD_0125e4c7::caseD_0","0125e4df","CONDITIONAL_JUMP","false","false"
"FUN_0125e4a0","0125e4a0","0125e4c5","switchD_0125e4c7::caseD_0","0125e4df","CONDITIONAL_JUMP","false","false"
"FUN_0125e4a0","0125e4a0","0125e4c7","switchD_0125e4c7::caseD_0","0125e4df","COMPUTED_JUMP","false","false"
"FUN_0125e4a0","0125e4a0","0125e4c7","switchD_0125e4c7::caseD_1","0125e4da","COMPUTED_JUMP","false","false"
"FUN_0125e4a0","0125e4a0","0125e4c7","switchD_0125e4c7::caseD_2","0125e4ce","COMPUTED_JUMP","false","false"
"FUN_0125e4a0","0125e4a0","0125e4c7","switchD_0125e4c7::switchdataD_0125e4e8","0125e4e8","DATA","false","true"
"FUN_0125e4a0","0125e4a0","0125e4cf","FUN_0125ed60","0125ed60","UNCONDITIONAL_CALL","true","false"
"FUN_0125e4a0","0125e4a0","0125e4da","FUN_0125ea10","0125ea10","UNCONDITIONAL_CALL","true","false"
"FUN_0125e500","0125e500","0125e50c","DAT_01bbb1c0","01bbb1c0","READ","false","true"
"FUN_0125e500","0125e500","0125e513","","Stack[-0x14]","WRITE","false","true"
"FUN_0125e500","0125e500","0125e51e","FUN_01287d50","01287d50","UNCONDITIONAL_CALL","true","false"
"FUN_0125e500","0125e500","0125e523","","Stack[-0x84]","WRITE","false","true"
"FUN_0125e500","0125e500","0125e529","LAB_0125e53f","0125e53f","CONDITIONAL_JUMP","false","false"
"FUN_0125e500","0125e500","0125e52d","","Stack[-0x14]","READ","false","true"
"FUN_0125e500","0125e500","0125e536","__security_check_cookie","0179869b","UNCONDITIONAL_CALL","true","false"
"FUN_0125e500","0125e500","0125e547","LAB_0125e68c","0125e68c","CONDITIONAL_JUMP","false","false"
"FUN_0125e500","0125e500","0125e552","DAT_01bfe474","01bfe474","READ","false","true"
"FUN_0125e500","0125e500","0125e561","LAB_0125e68c","0125e68c","CONDITIONAL_JUMP","false","false"
"FUN_0125e500","0125e500","0125e572","LAB_0125e893","0125e893","CONDITIONAL_JUMP","false","false"
"FUN_0125e500","0125e500","0125e587","LAB_0125e595","0125e595","CONDITIONAL_JUMP","false","false"
"FUN_0125e500","0125e500","0125e58f","LAB_0125e893","0125e893","CONDITIONAL_JUMP","false","false"
"FUN_0125e500","0125e500","0125e59f","LAB_0125e893","0125e893","CONDITIONAL_JUMP","false","false"
"FUN_0125e500","0125e500","0125e5a7","LAB_0125e893","0125e893","CONDITIONAL_JUMP","false","false"
"FUN_0125e500","0125e500","0125e5de","DAT_01bfe47c","01bfe47c","READ","false","true"
"FUN_0125e500","0125e500","0125e5e5","LAB_0125e893","0125e893","CONDITIONAL_JUMP","false","false"
"FUN_0125e500","0125e500","0125e5f3","LAB_0125e893","0125e893","CONDITIONAL_JUMP","false","false"
"FUN_0125e500","0125e500","0125e60b","LAB_0125e631","0125e631","CONDITIONAL_JUMP","false","false"
"FUN_0125e500","0125e500","0125e614","LAB_0125e631","0125e631","CONDITIONAL_JUMP","false","false"
"FUN_0125e500","0125e500","0125e62f","LAB_0125e644","0125e644","UNCONDITIONAL_JUMP","false","false"
"FUN_0125e500","0125e500","0125e631","DAT_01bee890","01bee890","READ","false","true"
"FUN_0125e500","0125e500","0125e637","DAT_01bee88c","01bee88c","READ","false","true"
"FUN_0125e500","0125e500","0125e66f","FUN_013c19c0","013c19c0","UNCONDITIONAL_CALL","true","false"
"FUN_0125e500","0125e500","0125e683","__security_check_cookie","0179869b","UNCONDITIONAL_CALL","true","false"
"FUN_0125e500","0125e500","0125e694","LAB_0125e7dd","0125e7dd","CONDITIONAL_JUMP","false","false"
"FUN_0125e500","0125e500","0125e69f","DAT_01bfe474","01bfe474","READ","false","true"
"FUN_0125e500","0125e500","0125e6ae","LAB_0125e7dd","0125e7dd","CONDITIONAL_JUMP","false","false"
"FUN_0125e500","0125e500","0125e6bf","LAB_0125e893","0125e893","CONDITIONAL_JUMP","false","false"
"FUN_0125e500","0125e500","0125e6d8","LAB_0125e6e6","0125e6e6","CONDITIONAL_JUMP","false","false"
"FUN_0125e500","0125e500","0125e6e0","LAB_0125e893","0125e893","CONDITIONAL_JUMP","false","false"
"FUN_0125e500","0125e500","0125e6f0","LAB_0125e893","0125e893","CONDITIONAL_JUMP","false","false"
"FUN_0125e500","0125e500","0125e6f8","LAB_0125e893","0125e893","CONDITIONAL_JUMP","false","false"
"FUN_0125e500","0125e500","0125e72f","DAT_01bfe47c","01bfe47c","READ","false","true"
"FUN_0125e500","0125e500","0125e736","LAB_0125e893","0125e893","CONDITIONAL_JUMP","false","false"
"FUN_0125e500","0125e500","0125e744","LAB_0125e893","0125e893","CONDITIONAL_JUMP","false","false"
"FUN_0125e500","0125e500","0125e75c","LAB_0125e782","0125e782","CONDITIONAL_JUMP","false","false"
"FUN_0125e500","0125e500","0125e765","LAB_0125e782","0125e782","CONDITIONAL_JUMP","false","false"
"FUN_0125e500","0125e500","0125e780","LAB_0125e795","0125e795","UNCONDITIONAL_JUMP","false","false"
"FUN_0125e500","0125e500","0125e782","DAT_01bee890","01bee890","READ","false","true"
"FUN_0125e500","0125e500","0125e788","DAT_01bee88c","01bee88c","READ","false","true"
"FUN_0125e500","0125e500","0125e7c0","FUN_013c19c0","013c19c0","UNCONDITIONAL_CALL","true","false"
"FUN_0125e500","0125e500","0125e7d4","__security_check_cookie","0179869b","UNCONDITIONAL_CALL","true","false"
"FUN_0125e500","0125e500","0125e7e5","LAB_0125e7f7","0125e7f7","CONDITIONAL_JUMP","false","false"
"FUN_0125e500","0125e500","0125e7f1","LAB_0125e893","0125e893","CONDITIONAL_JUMP","false","false"
"FUN_0125e500","0125e500","0125e7ff","LAB_0125e811","0125e811","CONDITIONAL_JUMP","false","false"
"FUN_0125e500","0125e500","0125e80b","LAB_0125e893","0125e893","CONDITIONAL_JUMP","false","false"
"FUN_0125e500","0125e500","0125e819","LAB_0125e827","0125e827","CONDITIONAL_JUMP","false","false"
"FUN_0125e500","0125e500","0125e825","LAB_0125e893","0125e893","CONDITIONAL_JUMP","false","false"
"FUN_0125e500","0125e500","0125e82d","DAT_01bfe474","01bfe474","READ","false","true"
"FUN_0125e500","0125e500","0125e85d","FUN_00f83b00","00f83b00","UNCONDITIONAL_CALL","true","false"
"FUN_0125e500","0125e500","0125e865","LAB_0125e893","0125e893","CONDITIONAL_JUMP","false","false"
"FUN_0125e500","0125e500","0125e86b","LAB_0125e893","0125e893","CONDITIONAL_JUMP","false","false"
"FUN_0125e500","0125e500","0125e871","LAB_0125e893","0125e893","CONDITIONAL_JUMP","false","false"
"FUN_0125e500","0125e500","0125e873","DAT_01bfe474","01bfe474","READ","false","true"
"FUN_0125e500","0125e500","0125e87c","LAB_0125e893","0125e893","CONDITIONAL_JUMP","false","false"
"FUN_0125e500","0125e500","0125e8a2","__security_check_cookie","0179869b","UNCONDITIONAL_CALL","true","false"
"FUN_0125e8b0","0125e8b0","0125e8ca","LAB_0125e96e","0125e96e","CONDITIONAL_JUMP","false","false"
"FUN_0125e8b0","0125e8b0","0125e8d7","LAB_0125e96e","0125e96e","CONDITIONAL_JUMP","false","false"
"FUN_0125e8b0","0125e8b0","0125e8dd","DAT_01bfb28c","01bfb28c","READ","false","true"
"FUN_0125e8b0","0125e8b0","0125e8e9","FUN_00f1db60","00f1db60","UNCONDITIONAL_CALL","true","false"
"FUN_0125e8b0","0125e8b0","0125e8ee","DAT_01bfb28c","01bfb28c","READ","false","true"
"FUN_0125e8b0","0125e8b0","0125e90b","DAT_01bfb28c","01bfb28c","READ","false","true"
"FUN_0125e8b0","0125e8b0","0125e91c","FUN_00f1dbf0","00f1dbf0","UNCONDITIONAL_CALL","true","false"
"FUN_0125e8b0","0125e8b0","0125e921","DAT_01bfc3b4","01bfc3b4","READ","false","true"
"FUN_0125e8b0","0125e8b0","0125e92c","DAT_01b029d0","01b029d0","READ","false","true"
"FUN_0125e8b0","0125e8b0","0125e940","FUN_0125c060","0125c060","UNCONDITIONAL_CALL","true","false"
"FUN_0125e8b0","0125e8b0","0125e95e","DAT_01bfc3b4","01bfc3b4","READ","false","true"
"FUN_0125e8b0","0125e8b0","0125e969","FUN_0125c360","0125c360","UNCONDITIONAL_CALL","true","false"
"FUN_0125e980","0125e980","0125e991","FUN_0125c450","0125c450","CONDITIONAL_JUMP","false","false"
"FUN_0125e9c0","0125e9c0","0125e9ca","LAB_0125ea05","0125ea05","CONDITIONAL_JUMP","false","false"
"FUN_0125e9c0","0125e9c0","0125e9cc","","Stack[0x4]","READ_WRITE","false","true"
"FUN_0125e9c0","0125e9c0","0125e9d1","LAB_0125ea05","0125ea05","CONDITIONAL_JUMP","false","false"
"FUN_0125e9c0","0125e9c0","0125e9d3","","Stack[0xc]","READ","false","true"
"FUN_0125e9c0","0125e9c0","0125e9d7","","Stack[0x8]","READ","false","true"
"FUN_0125e9c0","0125e9c0","0125e9db","FUN_0137ac10","0137ac10","UNCONDITIONAL_CALL","true","false"
"FUN_0125e9c0","0125e9c0","0125e9e2","LAB_0125ea05","0125ea05","CONDITIONAL_JUMP","false","false"
"FUN_0125e9c0","0125e9c0","0125e9ea","","Stack[0x8]","DATA","false","true"
"FUN_0125e9c0","0125e9c0","0125e9ef","FUN_01378790","01378790","UNCONDITIONAL_CALL","true","false"
"FUN_0125e9c0","0125e9c0","0125e9f4","DAT_01bfe474","01bfe474","READ","false","true"
"FUN_0125e9c0","0125e9c0","0125e9fa","FUN_00ff2740","00ff2740","UNCONDITIONAL_CALL","true","false"
"FUN_0125ea10","0125ea10","0125ea1d","","Stack[0x0]","READ","false","true"
"FUN_0125ea10","0125ea10","0125ea20","","Stack[-0xc]","WRITE","false","true"
"FUN_0125ea10","0125ea10","0125ea28","LAB_0199af47","0199af47","DATA","false","true"
"FUN_0125ea10","0125ea10","0125ea2d","ExceptionList","ffdff000","READ","false","true"
"FUN_0125ea10","0125ea10","0125ea38","DAT_01bbb1c0","01bbb1c0","READ","false","true"
"FUN_0125ea10","0125ea10","0125ea3f","","Stack[-0x24]","WRITE","false","true"
"FUN_0125ea10","0125ea10","0125ea45","","Stack[-0x1c]","DATA","false","true"
"FUN_0125ea10","0125ea10","0125ea48","ExceptionList","ffdff000","WRITE","false","true"
"FUN_0125ea10","0125ea10","0125ea50","DAT_01bc07f0","01bc07f0","READ","false","true"
"FUN_0125ea10","0125ea10","0125ea63","DAT_01bc07ec","01bc07ec","READ","false","true"
"FUN_0125ea10","0125ea10","0125ea75","DAT_01b026d0","01b026d0","READ","false","true"
"FUN_0125ea10","0125ea10","0125ea8f","FUN_012457d0","012457d0","UNCONDITIONAL_CALL","true","false"
"FUN_0125ea10","0125ea10","0125ea97","","Stack[-0x44]","WRITE","false","true"
"FUN_0125ea10","0125ea10","0125eaa0","","Stack[-0x40]","WRITE","false","true"
"FUN_0125ea10","0125ea10","0125eaa7","","Stack[-0x54]","WRITE","false","true"
"FUN_0125ea10","0125ea10","0125eaab","","Stack[-0x54]","WRITE","false","true"
"FUN_0125ea10","0125ea10","0125eaaf","","Stack[-0x28]","WRITE","false","true"
"FUN_0125ea10","0125ea10","0125eab2","","Stack[-0x14]","WRITE","false","true"
"FUN_0125ea10","0125ea10","0125eab8","DAT_01bfe468","01bfe468","READ","false","true"
"FUN_0125ea10","0125ea10","0125eabf","DAT_01b0256c","01b0256c","READ","false","true"
"FUN_0125ea10","0125ea10","0125eaca","DAT_01b02744","01b02744","READ","false","true"
"FUN_0125ea10","0125ea10","0125ead2","DAT_01bfb258","01bfb258","READ","false","true"
"FUN_0125ea10","0125ea10","0125ead8","","Stack[-0x68]","WRITE","false","true"
"FUN_0125ea10","0125ea10","0125eadf","","Stack[-0x34]","WRITE","false","true"
"FUN_0125ea10","0125ea10","0125eae2","","Stack[-0x68]","READ","false","true"
"FUN_0125ea10","0125ea10","0125eaeb","","Stack[-0x30]","WRITE","false","true"
"FUN_0125ea10","0125ea10","0125eaf2","","Stack[-0x60]","WRITE","false","true"
"FUN_0125ea10","0125ea10","0125eaf7","","Stack[-0x58]","WRITE","false","true"
"FUN_0125ea10","0125ea10","0125eafa","","Stack[-0x3c]","WRITE","false","true"
"FUN_0125ea10","0125ea10","0125eafe","","Stack[-0x2c]","WRITE","false","true"
"FUN_0125ea10","0125ea10","0125eb05","","Stack[-0x38]","WRITE","false","true"
"FUN_0125ea10","0125ea10","0125eb0e","","Stack[-0xa4]","DATA","false","true"
"FUN_0125ea10","0125ea10","0125eb11","s_ACCESSORY_IDENTIFY_IDENTIFYING_01ae82cc","01ae82cc","DATA","false","true"
"FUN_0125ea10","0125ea10","0125eb16","","Stack[-0x94]","WRITE","false","true"
"FUN_0125ea10","0125ea10","0125eb1d","","Stack[-0x90]","WRITE","false","true"
"FUN_0125ea10","0125ea10","0125eb24","FUN_00f19cc0","00f19cc0","UNCONDITIONAL_CALL","true","false"
"FUN_0125ea10","0125ea10","0125eb29","","Stack[-0x7c]","DATA","false","true"
"FUN_0125ea10","0125ea10","0125eb2f","FUN_015ce480","015ce480","UNCONDITIONAL_CALL","true","false"
"FUN_0125ea10","0125ea10","0125eb36","","Stack[-0x14]","WRITE","false","true"
"FUN_0125ea10","0125ea10","0125eb3e","LAB_0125eb42","0125eb42","CONDITIONAL_JUMP","false","false"
"FUN_0125ea10","0125ea10","0125eb50","LAB_0125eb47","0125eb47","CONDITIONAL_JUMP","false","false"
"FUN_0125ea10","0125ea10","0125eb58","","Stack[-0x54]","DATA","false","true"
"FUN_0125ea10","0125ea10","0125eb5b","FUN_00f1a040","00f1a040","UNCONDITIONAL_CALL","true","false"
"FUN_0125ea10","0125ea10","0125eb60","","Stack[-0x7c]","DATA","false","true"
"FUN_0125ea10","0125ea10","0125eb63","","Stack[-0x14]","WRITE","false","true"
"FUN_0125ea10","0125ea10","0125eb67","FUN_00f1a330","00f1a330","UNCONDITIONAL_CALL","true","false"
"FUN_0125ea10","0125ea10","0125eb72","","Stack[-0x60]","DATA","false","true"
"FUN_0125ea10","0125ea10","0125eb78","FUN_01246bb0","01246bb0","UNCONDITIONAL_CALL","true","false"
"FUN_0125ea10","0125ea10","0125eb7d","","Stack[-0x14]","WRITE","false","true"
"FUN_0125ea10","0125ea10","0125eb84","","Stack[-0x54]","DATA","false","true"
"FUN_0125ea10","0125ea10","0125eb87","","Stack[-0x34]","WRITE","false","true"
"FUN_0125ea10","0125ea10","0125eb8e","FUN_00f1a330","00f1a330","UNCONDITIONAL_CALL","true","false"
"FUN_0125ea10","0125ea10","0125eb98","FUN_016830c0","016830c0","UNCONDITIONAL_CALL","true","false"
"FUN_0125ea10","0125ea10","0125eba2","","Stack[-0x64]","WRITE","false","true"
"FUN_0125ea10","0125ea10","0125eba5","","Stack[-0x14]","WRITE","false","true"
"FUN_0125ea10","0125ea10","0125ebae","LAB_0125ebcb","0125ebcb","CONDITIONAL_JUMP","false","false"
"FUN_0125ea10","0125ea10","0125ebb8","VCRUNTIME140.DLL::memset","01831f34","UNCONDITIONAL_CALL","true","false"
"FUN_0125ea10","0125ea10","0125ebc2","FUN_012435e0","012435e0","UNCONDITIONAL_CALL","true","false"
"FUN_0125ea10","0125ea10","0125ebc9","LAB_0125ebcd","0125ebcd","UNCONDITIONAL_JUMP","false","false"
"FUN_0125ea10","0125ea10","0125ebcd","","Stack[-0x14]","WRITE","false","true"
"FUN_0125ea10","0125ea10","0125ebdc","LAB_0125ecff","0125ecff","CONDITIONAL_JUMP","false","false"
"FUN_0125ea10","0125ea10","0125ebff","LAB_0125f6d0","0125f6d0","DATA","false","true"
"FUN_0125ea10","0125ea10","0125ec07","FUN_012611d0","012611d0","UNCONDITIONAL_CALL","true","false"
"FUN_0125ea10","0125ea10","0125ec12","s_Accessory\Identify\Identify_BarB_01ae8310","01ae8310","DATA","false","true"
"FUN_0125ea10","0125ea10","0125ec17","FUN_012426f0","012426f0","UNCONDITIONAL_CALL","true","false"
"FUN_0125ea10","0125ea10","0125ec22","s_Accessory\Identify\Identify_Bar._01ae82ec","01ae82ec","DATA","false","true"
"FUN_0125ea10","0125ea10","0125ec27","FUN_012427e0","012427e0","UNCONDITIONAL_CALL","true","false"
"FUN_0125ea10","0125ea10","0125ec32","s_Accessory\Identify\Identify_BarM_01ae8354","01ae8354","DATA","false","true"
"FUN_0125ea10","0125ea10","0125ec37","FUN_01242970","01242970","UNCONDITIONAL_CALL","true","false"
"FUN_0125ea10","0125ea10","0125ec5f","LAB_0125ec63","0125ec63","CONDITIONAL_JUMP","false","false"
"FUN_0125ea10","0125ea10","0125ec63","DAT_01b02dd0","01b02dd0","READ","false","true"
"FUN_0125ea10","0125ea10","0125ec6f","","Stack[-0x74]","DATA","false","true"
"FUN_0125ea10","0125ea10","0125ec79","","Stack[-0x74]","WRITE","false","true"
"FUN_0125ea10","0125ea10","0125ec7d","FUN_01242ab0","01242ab0","UNCONDITIONAL_CALL","true","false"
"FUN_0125ea10","0125ea10","0125ecbe","PTR_fmaxf_019ec8ec","019ec8ec","READ","false","true"
"FUN_0125ea10","0125ea10","0125ecbe","UCRTBASE.DLL::fmaxf","EXTERNAL:00000215","COMPUTED_CALL","true","false"
"FUN_0125ea10","0125ea10","0125eccf","FUN_01243010","01243010","UNCONDITIONAL_CALL","true","false"
"FUN_0125ea10","0125ea10","0125ece0","FUN_01242bf0","01242bf0","UNCONDITIONAL_CALL","true","false"
"FUN_0125ea10","0125ea10","0125ecfa","FUN_012472c0","012472c0","UNCONDITIONAL_CALL","true","false"
"FUN_0125ea10","0125ea10","0125ecff","DAT_01bfb32c","01bfb32c","READ","false","true"
"FUN_0125ea10","0125ea10","0125ed07","LAB_0125ed38","0125ed38","CONDITIONAL_JUMP","false","false"
"FUN_0125ea10","0125ea10","0125ed0b","s_System\System_return_01.wav_01ae8338","01ae8338","DATA","false","true"
"FUN_0125ea10","0125ea10","0125ed17","LAB_0125ed29","0125ed29","CONDITIONAL_JUMP","false","false"
"FUN_0125ea10","0125ea10","0125ed19","DAT_01bfb32c","01bfb32c","READ","false","true"
"FUN_0125ea10","0125ea10","0125ed1f","s_System\System_return_01.wav_01ae8338","01ae8338","DATA","false","true"
"FUN_0125ea10","0125ea10","0125ed29","DAT_01bfb32c","01bfb32c","READ","false","true"
"FUN_0125ea10","0125ea10","0125ed2f","s_System\System_return_01.wav_01ae8338","01ae8338","DATA","false","true"
"FUN_0125ea10","0125ea10","0125ed38","","Stack[-0x1c]","READ","false","true"
"FUN_0125ea10","0125ea10","0125ed3b","ExceptionList","ffdff000","WRITE","false","true"
"FUN_0125ea10","0125ea10","0125ed45","","Stack[-0x24]","READ","false","true"
"FUN_0125ea10","0125ea10","0125ed4a","__security_check_cookie","0179869b","UNCONDITIONAL_CALL","true","false"
"FUN_0125ea10","0125ea10","0125ed54","","Stack[-0x4]","DATA","false","true"
"FUN_0125ed60","0125ed60","0125ed6d","","Stack[0x0]","READ","false","true"
"FUN_0125ed60","0125ed60","0125ed70","","Stack[-0xc]","WRITE","false","true"
"FUN_0125ed60","0125ed60","0125ed78","LAB_0199afb1","0199afb1","DATA","false","true"
"FUN_0125ed60","0125ed60","0125ed7d","ExceptionList","ffdff000","READ","false","true"
"FUN_0125ed60","0125ed60","0125ed88","DAT_01bbb1c0","01bbb1c0","READ","false","true"
"FUN_0125ed60","0125ed60","0125ed8f","","Stack[-0x24]","WRITE","false","true"
"FUN_0125ed60","0125ed60","0125ed95","","Stack[-0x1c]","DATA","false","true"
"FUN_0125ed60","0125ed60","0125ed98","ExceptionList","ffdff000","WRITE","false","true"
"FUN_0125ed60","0125ed60","0125eda0","DAT_01bc07f0","01bc07f0","READ","false","true"
"FUN_0125ed60","0125ed60","0125edaf","DAT_01bc07ec","01bc07ec","READ","false","true"
"FUN_0125ed60","0125ed60","0125edd7","FUN_012457d0","012457d0","UNCONDITIONAL_CALL","true","false"
"FUN_0125ed60","0125ed60","0125eddc","DAT_01bee88c","01bee88c","READ","false","true"
"FUN_0125ed60","0125ed60","0125ede1","","Stack[-0x64]","WRITE","false","true"
"FUN_0125ed60","0125ed60","0125ede4","DAT_01bee890","01bee890","READ","false","true"
"FUN_0125ed60","0125ed60","0125edee","","Stack[-0x6c]","WRITE","false","true"
"FUN_0125ed60","0125ed60","0125edf1","FUN_016830c0","016830c0","UNCONDITIONAL_CALL","true","false"
"FUN_0125ed60","0125ed60","0125edfb","","Stack[-0x68]","WRITE","false","true"
"FUN_0125ed60","0125ed60","0125edfe","","Stack[-0x14]","WRITE","false","true"
"FUN_0125ed60","0125ed60","0125ee07","LAB_0125ee24","0125ee24","CONDITIONAL_JUMP","false","false"
"FUN_0125ed60","0125ed60","0125ee11","VCRUNTIME140.DLL::memset","01831f34","UNCONDITIONAL_CALL","true","false"
"FUN_0125ed60","0125ed60","0125ee1b","FUN_0123de10","0123de10","UNCONDITIONAL_CALL","true","false"
"FUN_0125ed60","0125ed60","0125ee22","LAB_0125ee26","0125ee26","UNCONDITIONAL_JUMP","false","false"
"FUN_0125ed60","0125ed60","0125ee30","","Stack[-0x6c]","READ","false","true"
"FUN_0125ed60","0125ed60","0125ee33","","Stack[-0x14]","WRITE","false","true"
"FUN_0125ed60","0125ed60","0125ee3a","","Stack[-0x64]","READ","false","true"
"FUN_0125ed60","0125ed60","0125ee3d","DAT_01bb9b2c","01bb9b2c","READ","false","true"
"FUN_0125ed60","0125ed60","0125ee45","DAT_01bb9b34","01bb9b34","READ","false","true"
"FUN_0125ed60","0125ed60","0125ee53","","Stack[-0xbc]","DATA","false","true"
"FUN_0125ed60","0125ed60","0125ee57","s_Accessory\Enchant\Enchant_BG.tga_01ae839c","01ae839c","DATA","false","true"
"FUN_0125ed60","0125ed60","0125ee5f","DAT_3f800000","3f800000","DATA","false","true"
"FUN_0125ed60","0125ed60","0125ee5f","","Stack[-0xb4]","WRITE","false","true"
"FUN_0125ed60","0125ed60","0125ee64","FUN_0123e0d0","0123e0d0","UNCONDITIONAL_CALL","true","false"
"FUN_0125ed60","0125ed60","0125ee69","","Stack[-0x64]","DATA","false","true"
"FUN_0125ed60","0125ed60","0125ee6c","","Stack[-0x64]","WRITE","false","true"
"FUN_0125ed60","0125ed60","0125ee73","FUN_00f55430","00f55430","UNCONDITIONAL_CALL","true","false"
"FUN_0125ed60","0125ed60","0125ee78","DAT_01bfb258","01bfb258","READ","false","true"
"FUN_0125ed60","0125ed60","0125ee83","DAT_3f7ae148","3f7ae148","DATA","false","true"
"FUN_0125ed60","0125ed60","0125ee83","","Stack[-0x78]","WRITE","false","true"
"FUN_0125ed60","0125ed60","0125ee8d","DAT_3f7ae148","3f7ae148","DATA","false","true"
"FUN_0125ed60","0125ed60","0125ee8d","","Stack[-0x74]","WRITE","false","true"
"FUN_0125ed60","0125ed60","0125ee94","DAT_3f7ae148","3f7ae148","DATA","false","true"
"FUN_0125ed60","0125ed60","0125ee94","","Stack[-0x70]","WRITE","false","true"
"FUN_0125ed60","0125ed60","0125ee9d","","Stack[-0xb4]","DATA","false","true"
"FUN_0125ed60","0125ed60","0125eea0","s_ACCESSORY_ENCHANT_ENCHANTMENT_01ae837c","01ae837c","DATA","false","true"
"FUN_0125ed60","0125ed60","0125eea5","","Stack[-0xa4]","WRITE","false","true"
"FUN_0125ed60","0125ed60","0125eeac","","Stack[-0xa0]","WRITE","false","true"
"FUN_0125ed60","0125ed60","0125eeb3","FUN_00f19cc0","00f19cc0","UNCONDITIONAL_CALL","true","false"
"FUN_0125ed60","0125ed60","0125eeb8","","Stack[-0x90]","DATA","false","true"
"FUN_0125ed60","0125ed60","0125eebe","FUN_015ce480","015ce480","UNCONDITIONAL_CALL","true","false"
"FUN_0125ed60","0125ed60","0125eec5","","Stack[-0x14]","WRITE","false","true"
"FUN_0125ed60","0125ed60","0125eed0","LAB_0125eed4","0125eed4","CONDITIONAL_JUMP","false","false"
"FUN_0125ed60","0125ed60","0125eed4","","Stack[-0x78]","READ","false","true"
"FUN_0125ed60","0125ed60","0125eed9","","Stack[-0x70]","READ","false","true"
"FUN_0125ed60","0125ed60","0125eee7","","Stack[-0xb0]","DATA","false","true"
"FUN_0125ed60","0125ed60","0125eeeb","DAT_3f7ae148","3f7ae148","DATA","false","true"
"FUN_0125ed60","0125ed60","0125eeeb","","Stack[-0xa8]","WRITE","false","true"
"FUN_0125ed60","0125ed60","0125eef1","FUN_012461a0","012461a0","UNCONDITIONAL_CALL","true","false"
"FUN_0125ed60","0125ed60","0125eef6","","Stack[-0x90]","DATA","false","true"
"FUN_0125ed60","0125ed60","0125eef9","","Stack[-0x14]","WRITE","false","true"
"FUN_0125ed60","0125ed60","0125ef00","FUN_00f1a330","00f1a330","UNCONDITIONAL_CALL","true","false"
"FUN_0125ed60","0125ed60","0125ef0a","FUN_016830c0","016830c0","UNCONDITIONAL_CALL","true","false"
"FUN_0125ed60","0125ed60","0125ef14","","Stack[-0x68]","WRITE","false","true"
"FUN_0125ed60","0125ed60","0125ef17","","Stack[-0x14]","WRITE","false","true"
"FUN_0125ed60","0125ed60","0125ef20","LAB_0125ef3d","0125ef3d","CONDITIONAL_JUMP","false","false"
"FUN_0125ed60","0125ed60","0125ef2a","VCRUNTIME140.DLL::memset","01831f34","UNCONDITIONAL_CALL","true","false"
"FUN_0125ed60","0125ed60","0125ef34","FUN_012435e0","012435e0","UNCONDITIONAL_CALL","true","false"
"FUN_0125ed60","0125ed60","0125ef3b","LAB_0125ef3f","0125ef3f","UNCONDITIONAL_JUMP","false","false"
"FUN_0125ed60","0125ed60","0125ef3f","","Stack[-0x14]","WRITE","false","true"
"FUN_0125ed60","0125ed60","0125ef4e","LAB_0125f01a","0125f01a","CONDITIONAL_JUMP","false","false"
"FUN_0125ed60","0125ed60","0125ef62","DAT_01bee890","01bee890","READ","false","true"
"FUN_0125ed60","0125ed60","0125ef68","DAT_01bee88c","01bee88c","READ","false","true"
"FUN_0125ed60","0125ed60","0125ef7c","FUN_01260f60","01260f60","DATA","false","true"
"FUN_0125ed60","0125ed60","0125ef84","FUN_012611d0","012611d0","UNCONDITIONAL_CALL","true","false"
"FUN_0125ed60","0125ed60","0125efac","LAB_0125efb0","0125efb0","CONDITIONAL_JUMP","false","false"
"FUN_0125ed60","0125ed60","0125efd9","PTR_fmaxf_019ec8ec","019ec8ec","READ","false","true"
"FUN_0125ed60","0125ed60","0125efd9","UCRTBASE.DLL::fmaxf","EXTERNAL:00000215","COMPUTED_CALL","true","false"
"FUN_0125ed60","0125ed60","0125efea","FUN_01243010","01243010","UNCONDITIONAL_CALL","true","false"
"FUN_0125ed60","0125ed60","0125effb","FUN_01242bf0","01242bf0","UNCONDITIONAL_CALL","true","false"
"FUN_0125ed60","0125ed60","0125f015","FUN_012472c0","012472c0","UNCONDITIONAL_CALL","true","false"
"FUN_0125ed60","0125ed60","0125f02d","s_Accessory\Enchant\Enchant_Enchan_01ae83e0","01ae83e0","DATA","false","true"
"FUN_0125ed60","0125ed60","0125f034","FUN_012462c0","012462c0","UNCONDITIONAL_CALL","true","false"
"FUN_0125ed60","0125ed60","0125f041","LAB_0125f15c","0125f15c","CONDITIONAL_JUMP","false","false"
"FUN_0125ed60","0125ed60","0125f04a","","Stack[-0x44]","WRITE","false","true"
"FUN_0125ed60","0125ed60","0125f053","","Stack[-0x40]","WRITE","false","true"
"FUN_0125ed60","0125ed60","0125f05a","","Stack[-0x54]","WRITE","false","true"
"FUN_0125ed60","0125ed60","0125f05e","","Stack[-0x54]","WRITE","false","true"
"FUN_0125ed60","0125ed60","0125f062","","Stack[-0x28]","WRITE","false","true"
"FUN_0125ed60","0125ed60","0125f065","","Stack[-0x14]","WRITE","false","true"
"FUN_0125ed60","0125ed60","0125f06f","DAT_01bb9b2c","01bb9b2c","READ","false","true"
"FUN_0125ed60","0125ed60","0125f079","DAT_01bfe468","01bfe468","READ","false","true"
"FUN_0125ed60","0125ed60","0125f07e","DAT_01bfb258","01bfb258","READ","false","true"
"FUN_0125ed60","0125ed60","0125f087","","Stack[-0x34]","WRITE","false","true"
"FUN_0125ed60","0125ed60","0125f08a","DAT_01bb9b34","01bb9b34","READ","false","true"
"FUN_0125ed60","0125ed60","0125f08f","","Stack[-0x60]","WRITE","false","true"
"FUN_0125ed60","0125ed60","0125f097","","Stack[-0x30]","WRITE","false","true"
"FUN_0125ed60","0125ed60","0125f09e","DAT_3f800000","3f800000","DATA","false","true"
"FUN_0125ed60","0125ed60","0125f09e","","Stack[-0x58]","WRITE","false","true"
"FUN_0125ed60","0125ed60","0125f0a1","","Stack[-0x3c]","WRITE","false","true"
"FUN_0125ed60","0125ed60","0125f0a5","","Stack[-0x2c]","WRITE","false","true"
"FUN_0125ed60","0125ed60","0125f0ac","","Stack[-0x38]","WRITE","false","true"
"FUN_0125ed60","0125ed60","0125f0b8","s_ACCESSORY_ENCHANT_ENCHANTMENT_01ae837c","01ae837c","DATA","false","true"
"FUN_0125ed60","0125ed60","0125f0cb","FUN_00f19cc0","00f19cc0","UNCONDITIONAL_CALL","true","false"
"FUN_0125ed60","0125ed60","0125f0d0","","Stack[-0x90]","DATA","false","true"
"FUN_0125ed60","0125ed60","0125f0d6","FUN_015ce480","015ce480","UNCONDITIONAL_CALL","true","false"
"FUN_0125ed60","0125ed60","0125f0dd","","Stack[-0x14]","WRITE","false","true"
"FUN_0125ed60","0125ed60","0125f0e5","LAB_0125f0e9","0125f0e9","CONDITIONAL_JUMP","false","false"
"FUN_0125ed60","0125ed60","0125f0f9","LAB_0125f0f0","0125f0f0","CONDITIONAL_JUMP","false","false"
"FUN_0125ed60","0125ed60","0125f101","","Stack[-0x54]","DATA","false","true"
"FUN_0125ed60","0125ed60","0125f104","FUN_00f1a040","00f1a040","UNCONDITIONAL_CALL","true","false"
"FUN_0125ed60","0125ed60","0125f109","","Stack[-0x90]","DATA","false","true"
"FUN_0125ed60","0125ed60","0125f10c","","Stack[-0x14]","WRITE","false","true"
"FUN_0125ed60","0125ed60","0125f110","FUN_00f1a330","00f1a330","UNCONDITIONAL_CALL","true","false"
"FUN_0125ed60","0125ed60","0125f11b","","Stack[-0x60]","DATA","false","true"
"FUN_0125ed60","0125ed60","0125f11f","FUN_01224f40","01224f40","UNCONDITIONAL_CALL","true","false"
"FUN_0125ed60","0125ed60","0125f12c","LAB_01260fb0","01260fb0","DATA","false","true"
"FUN_0125ed60","0125ed60","0125f134","FUN_012611d0","012611d0","UNCONDITIONAL_CALL","true","false"
"FUN_0125ed60","0125ed60","0125f146","","Stack[-0x14]","WRITE","false","true"
"FUN_0125ed60","0125ed60","0125f14d","","Stack[-0x54]","DATA","false","true"
"FUN_0125ed60","0125ed60","0125f150","","Stack[-0x34]","WRITE","false","true"
"FUN_0125ed60","0125ed60","0125f157","FUN_00f1a330","00f1a330","UNCONDITIONAL_CALL","true","false"
"FUN_0125ed60","0125ed60","0125f16f","s_System\Ch_Close.tga_01ad561c","01ad561c","DATA","false","true"
"FUN_0125ed60","0125ed60","0125f176","FUN_012462c0","012462c0","UNCONDITIONAL_CALL","true","false"
"FUN_0125ed60","0125ed60","0125f183","LAB_0125f196","0125f196","CONDITIONAL_JUMP","false","false"
"FUN_0125ed60","0125ed60","0125f187","LAB_01260fa0","01260fa0","DATA","false","true"
"FUN_0125ed60","0125ed60","0125f191","FUN_012611d0","012611d0","UNCONDITIONAL_CALL","true","false"
"FUN_0125ed60","0125ed60","0125f198","FUN_0125f1d0","0125f1d0","UNCONDITIONAL_CALL","true","false"
"FUN_0125ed60","0125ed60","0125f19f","FUN_0125f450","0125f450","UNCONDITIONAL_CALL","true","false"
"FUN_0125ed60","0125ed60","0125f1a6","FUN_0125f9f0","0125f9f0","UNCONDITIONAL_CALL","true","false"
"FUN_0125ed60","0125ed60","0125f1ab","","Stack[-0x1c]","READ","false","true"
"FUN_0125ed60","0125ed60","0125f1ae","ExceptionList","ffdff000","WRITE","false","true"
"FUN_0125ed60","0125ed60","0125f1b8","","Stack[-0x24]","READ","false","true"
"FUN_0125ed60","0125ed60","0125f1bd","__security_check_cookie","0179869b","UNCONDITIONAL_CALL","true","false"
"FUN_0125ed60","0125ed60","0125f1c7","","Stack[-0x4]","DATA","false","true"
"FUN_0125f1d0","0125f1d0","0125f1dd","","Stack[0x0]","READ","false","true"
"FUN_0125f1d0","0125f1d0","0125f1e0","","Stack[-0xc]","WRITE","false","true"
"FUN_0125f1d0","0125f1d0","0125f1e8","LAB_0199b006","0199b006","DATA","false","true"
"FUN_0125f1d0","0125f1d0","0125f1ed","ExceptionList","ffdff000","READ","false","true"
"FUN_0125f1d0","0125f1d0","0125f1f8","DAT_01bbb1c0","01bbb1c0","READ","false","true"
"FUN_0125f1d0","0125f1d0","0125f1ff","","Stack[-0x24]","WRITE","false","true"
"FUN_0125f1d0","0125f1d0","0125f205","","Stack[-0x1c]","DATA","false","true"
"FUN_0125f1d0","0125f1d0","0125f208","ExceptionList","ffdff000","WRITE","false","true"
"FUN_0125f1d0","0125f1d0","0125f215","FUN_016830c0","016830c0","UNCONDITIONAL_CALL","true","false"
"FUN_0125f1d0","0125f1d0","0125f21f","","Stack[-0x28]","WRITE","false","true"
"FUN_0125f1d0","0125f1d0","0125f222","","Stack[-0x14]","WRITE","false","true"
"FUN_0125f1d0","0125f1d0","0125f22b","LAB_0125f246","0125f246","CONDITIONAL_JUMP","false","false"
"FUN_0125f1d0","0125f1d0","0125f235","VCRUNTIME140.DLL::memset","01831f34","UNCONDITIONAL_CALL","true","false"
"FUN_0125f1d0","0125f1d0","0125f23f","FUN_0122b460","0122b460","UNCONDITIONAL_CALL","true","false"
"FUN_0125f1d0","0125f1d0","0125f244","LAB_0125f248","0125f248","UNCONDITIONAL_JUMP","false","false"
"FUN_0125f1d0","0125f1d0","0125f248","","Stack[-0x14]","WRITE","false","true"
"FUN_0125f1d0","0125f1d0","0125f257","LAB_0125f429","0125f429","CONDITIONAL_JUMP","false","false"
"FUN_0125f1d0","0125f1d0","0125f270","FUN_0122b6f0","0122b6f0","UNCONDITIONAL_CALL","true","false"
"FUN_0125f1d0","0125f1d0","0125f27d","FUN_01261020","01261020","DATA","false","true"
"FUN_0125f1d0","0125f1d0","0125f292","FUN_012611d0","012611d0","UNCONDITIONAL_CALL","true","false"
"FUN_0125f1d0","0125f1d0","0125f29f","FUN_012472c0","012472c0","UNCONDITIONAL_CALL","true","false"
"FUN_0125f1d0","0125f1d0","0125f2aa","FUN_0122c320","0122c320","UNCONDITIONAL_CALL","true","false"
"FUN_0125f1d0","0125f1d0","0125f2b1","FUN_016830c0","016830c0","UNCONDITIONAL_CALL","true","false"
"FUN_0125f1d0","0125f1d0","0125f2bb","","Stack[-0x28]","WRITE","false","true"
"FUN_0125f1d0","0125f1d0","0125f2be","","Stack[-0x14]","WRITE","false","true"
"FUN_0125f1d0","0125f1d0","0125f2c7","LAB_0125f2e4","0125f2e4","CONDITIONAL_JUMP","false","false"
"FUN_0125f1d0","0125f1d0","0125f2ce","VCRUNTIME140.DLL::memset","01831f34","UNCONDITIONAL_CALL","true","false"
"FUN_0125f1d0","0125f1d0","0125f2d8","FUN_010baa10","010baa10","UNCONDITIONAL_CALL","true","false"
"FUN_0125f1d0","0125f1d0","0125f2df","","Stack[-0x28]","WRITE","false","true"
"FUN_0125f1d0","0125f1d0","0125f2e2","LAB_0125f2e9","0125f2e9","UNCONDITIONAL_JUMP","false","false"
"FUN_0125f1d0","0125f1d0","0125f2e6","","Stack[-0x28]","WRITE","false","true"
"FUN_0125f1d0","0125f1d0","0125f2e9","","Stack[-0x14]","WRITE","false","true"
"FUN_0125f1d0","0125f1d0","0125f2f2","LAB_0125f429","0125f429","CONDITIONAL_JUMP","false","false"
"FUN_0125f1d0","0125f1d0","0125f306","LAB_0125f313","0125f313","CONDITIONAL_JUMP","false","false"
"FUN_0125f1d0","0125f1d0","0125f311","LAB_0125f31f","0125f31f","CONDITIONAL_JUMP","false","false"
"FUN_0125f1d0","0125f1d0","0125f31d","LAB_0125f321","0125f321","CONDITIONAL_JUMP","false","false"
"FUN_0125f1d0","0125f1d0","0125f32c","DAT_01bee890","01bee890","READ","false","true"
"FUN_0125f1d0","0125f1d0","0125f332","DAT_01bee88c","01bee88c","READ","false","true"
"FUN_0125f1d0","0125f1d0","0125f341","FUN_01231410","01231410","UNCONDITIONAL_CALL","true","false"
"FUN_0125f1d0","0125f1d0","0125f34e","LAB_0125f359","0125f359","CONDITIONAL_JUMP","false","false"
"FUN_0125f1d0","0125f1d0","0125f35b","FUN_016830c0","016830c0","UNCONDITIONAL_CALL","true","false"
"FUN_0125f1d0","0125f1d0","0125f365","","Stack[-0x2c]","WRITE","false","true"
"FUN_0125f1d0","0125f1d0","0125f36a","LAB_0125f429","0125f429","CONDITIONAL_JUMP","false","false"
"FUN_0125f1d0","0125f1d0","0125f370","","Stack[-0x28]","READ","false","true"
"FUN_0125f1d0","0125f1d0","0125f387","DAT_01ae673c","01ae673c","DATA","false","true"
"FUN_0125f1d0","0125f1d0","0125f3b5","FUN_0122b3e0","0122b3e0","UNCONDITIONAL_CALL","true","false"
"FUN_0125f1d0","0125f1d0","0125f3c2","","Stack[-0x28]","WRITE","false","true"
"FUN_0125f1d0","0125f1d0","0125f3cc","LAB_0125f3e3","0125f3e3","CONDITIONAL_JUMP","false","false"
"FUN_0125f1d0","0125f1d0","0125f3d3","LAB_0125f3de","0125f3de","CONDITIONAL_JUMP","false","false"
"FUN_0125f1d0","0125f1d0","0125f3da","LAB_0125f3d0","0125f3d0","CONDITIONAL_JUMP","false","false"
"FUN_0125f1d0","0125f1d0","0125f3dc","LAB_0125f3e3","0125f3e3","UNCONDITIONAL_JUMP","false","false"
"FUN_0125f1d0","0125f1d0","0125f3e1","LAB_0125f429","0125f429","CONDITIONAL_JUMP","false","false"
"FUN_0125f1d0","0125f1d0","0125f3eb","LAB_0125f411","0125f411","CONDITIONAL_JUMP","false","false"
"FUN_0125f1d0","0125f1d0","0125f3f7","LAB_0125f417","0125f417","CONDITIONAL_JUMP","false","false"
"FUN_0125f1d0","0125f1d0","0125f40d","LAB_0125f400","0125f400","CONDITIONAL_JUMP","false","false"
"FUN_0125f1d0","0125f1d0","0125f40f","LAB_0125f417","0125f417","UNCONDITIONAL_JUMP","false","false"
"FUN_0125f1d0","0125f1d0","0125f417","","Stack[-0x28]","DATA","false","true"
"FUN_0125f1d0","0125f1d0","0125f41d","FUN_00f55430","00f55430","UNCONDITIONAL_CALL","true","false"
"FUN_0125f1d0","0125f1d0","0125f424","FUN_0122c760","0122c760","UNCONDITIONAL_CALL","true","false"
"FUN_0125f1d0","0125f1d0","0125f429","","Stack[-0x1c]","READ","false","true"
"FUN_0125f1d0","0125f1d0","0125f42c","ExceptionList","ffdff000","WRITE","false","true"
"FUN_0125f1d0","0125f1d0","0125f436","","Stack[-0x24]","READ","false","true"
"FUN_0125f1d0","0125f1d0","0125f43b","__security_check_cookie","0179869b","UNCONDITIONAL_CALL","true","false"
"FUN_0125f1d0","0125f1d0","0125f445","","Stack[-0x4]","DATA","false","true"
"FUN_0125f450","0125f450","0125f45d","","Stack[0x0]","READ","false","true"
"FUN_0125f450","0125f450","0125f460","","Stack[-0xc]","WRITE","false","true"
"FUN_0125f450","0125f450","0125f468","LAB_0199b006","0199b006","DATA","false","true"
"FUN_0125f450","0125f450","0125f46d","ExceptionList","ffdff000","READ","false","true"
"FUN_0125f450","0125f450","0125f478","DAT_01bbb1c0","01bbb1c0","READ","false","true"
"FUN_0125f450","0125f450","0125f47f","","Stack[-0x24]","WRITE","false","true"
"FUN_0125f450","0125f450","0125f485","","Stack[-0x1c]","DATA","false","true"
"FUN_0125f450","0125f450","0125f488","ExceptionList","ffdff000","WRITE","false","true"
"FUN_0125f450","0125f450","0125f495","FUN_016830c0","016830c0","UNCONDITIONAL_CALL","true","false"
"FUN_0125f450","0125f450","0125f49f","","Stack[-0x28]","WRITE","false","true"
"FUN_0125f450","0125f450","0125f4a2","","Stack[-0x14]","WRITE","false","true"
"FUN_0125f450","0125f450","0125f4ab","LAB_0125f4c6","0125f4c6","CONDITIONAL_JUMP","false","false"
"FUN_0125f450","0125f450","0125f4b5","VCRUNTIME140.DLL::memset","01831f34","UNCONDITIONAL_CALL","true","false"
"FUN_0125f450","0125f450","0125f4bf","FUN_0122b460","0122b460","UNCONDITIONAL_CALL","true","false"
"FUN_0125f450","0125f450","0125f4c4","LAB_0125f4c8","0125f4c8","UNCONDITIONAL_JUMP","false","false"
"FUN_0125f450","0125f450","0125f4c8","","Stack[-0x14]","WRITE","false","true"
"FUN_0125f450","0125f450","0125f4d7","LAB_0125f6a9","0125f6a9","CONDITIONAL_JUMP","false","false"
"FUN_0125f450","0125f450","0125f4ed","FUN_0122b6f0","0122b6f0","UNCONDITIONAL_CALL","true","false"
"FUN_0125f450","0125f450","0125f4fa","LAB_012610a0","012610a0","DATA","false","true"
"FUN_0125f450","0125f450","0125f50f","FUN_012611d0","012611d0","UNCONDITIONAL_CALL","true","false"
"FUN_0125f450","0125f450","0125f51c","FUN_012472c0","012472c0","UNCONDITIONAL_CALL","true","false"
"FUN_0125f450","0125f450","0125f527","FUN_0122c320","0122c320","UNCONDITIONAL_CALL","true","false"
"FUN_0125f450","0125f450","0125f52e","FUN_016830c0","016830c0","UNCONDITIONAL_CALL","true","false"
"FUN_0125f450","0125f450","0125f538","","Stack[-0x28]","WRITE","false","true"
"FUN_0125f450","0125f450","0125f53b","","Stack[-0x14]","WRITE","false","true"
"FUN_0125f450","0125f450","0125f544","LAB_0125f561","0125f561","CONDITIONAL_JUMP","false","false"
"FUN_0125f450","0125f450","0125f54b","VCRUNTIME140.DLL::memset","01831f34","UNCONDITIONAL_CALL","true","false"
"FUN_0125f450","0125f450","0125f555","FUN_010baa10","010baa10","UNCONDITIONAL_CALL","true","false"
"FUN_0125f450","0125f450","0125f55c","","Stack[-0x28]","WRITE","false","true"
"FUN_0125f450","0125f450","0125f55f","LAB_0125f566","0125f566","UNCONDITIONAL_JUMP","false","false"
"FUN_0125f450","0125f450","0125f563","","Stack[-0x28]","WRITE","false","true"
"FUN_0125f450","0125f450","0125f566","","Stack[-0x14]","WRITE","false","true"
"FUN_0125f450","0125f450","0125f56f","LAB_0125f6a9","0125f6a9","CONDITIONAL_JUMP","false","false"
"FUN_0125f450","0125f450","0125f583","LAB_0125f590","0125f590","CONDITIONAL_JUMP","false","false"
"FUN_0125f450","0125f450","0125f58e","LAB_0125f59c","0125f59c","CONDITIONAL_JUMP","false","false"
"FUN_0125f450","0125f450","0125f59a","LAB_0125f59e","0125f59e","CONDITIONAL_JUMP","false","false"
"FUN_0125f450","0125f450","0125f5a9","DAT_01bee890","01bee890","READ","false","true"
"FUN_0125f450","0125f450","0125f5af","DAT_01bee88c","01bee88c","READ","false","true"
"FUN_0125f450","0125f450","0125f5be","FUN_01231410","01231410","UNCONDITIONAL_CALL","true","false"
"FUN_0125f450","0125f450","0125f5cb","LAB_0125f5d6","0125f5d6","CONDITIONAL_JUMP","false","false"
"FUN_0125f450","0125f450","0125f5d8","FUN_016830c0","016830c0","UNCONDITIONAL_CALL","true","false"
"FUN_0125f450","0125f450","0125f5e2","","Stack[-0x2c]","WRITE","false","true"
"FUN_0125f450","0125f450","0125f5e7","LAB_0125f6a9","0125f6a9","CONDITIONAL_JUMP","false","false"
"FUN_0125f450","0125f450","0125f5ed","","Stack[-0x28]","READ","false","true"
"FUN_0125f450","0125f450","0125f604","DAT_01ae673c","01ae673c","DATA","false","true"
"FUN_0125f450","0125f450","0125f632","FUN_0122b3e0","0122b3e0","UNCONDITIONAL_CALL","true","false"
"FUN_0125f450","0125f450","0125f63f","","Stack[-0x28]","WRITE","false","true"
"FUN_0125f450","0125f450","0125f649","LAB_0125f663","0125f663","CONDITIONAL_JUMP","false","false"
"FUN_0125f450","0125f450","0125f653","LAB_0125f65e","0125f65e","CONDITIONAL_JUMP","false","false"
"FUN_0125f450","0125f450","0125f65a","LAB_0125f650","0125f650","CONDITIONAL_JUMP","false","false"
"FUN_0125f450","0125f450","0125f65c","LAB_0125f663","0125f663","UNCONDITIONAL_JUMP","false","false"
"FUN_0125f450","0125f450","0125f661","LAB_0125f6a9","0125f6a9","CONDITIONAL_JUMP","false","false"
"FUN_0125f450","0125f450","0125f66b","LAB_0125f691","0125f691","CONDITIONAL_JUMP","false","false"
"FUN_0125f450","0125f450","0125f677","LAB_0125f697","0125f697","CONDITIONAL_JUMP","false","false"
"FUN_0125f450","0125f450","0125f68d","LAB_0125f680","0125f680","CONDITIONAL_JUMP","false","false"
"FUN_0125f450","0125f450","0125f68f","LAB_0125f697","0125f697","UNCONDITIONAL_JUMP","false","false"
"FUN_0125f450","0125f450","0125f697","","Stack[-0x28]","DATA","false","true"
"FUN_0125f450","0125f450","0125f69d","FUN_00f55430","00f55430","UNCONDITIONAL_CALL","true","false"
"FUN_0125f450","0125f450","0125f6a4","FUN_0122c760","0122c760","UNCONDITIONAL_CALL","true","false"
"FUN_0125f450","0125f450","0125f6a9","","Stack[-0x1c]","READ","false","true"
"FUN_0125f450","0125f450","0125f6ac","ExceptionList","ffdff000","WRITE","false","true"
"FUN_0125f450","0125f450","0125f6b6","","Stack[-0x24]","READ","false","true"
"FUN_0125f450","0125f450","0125f6bb","__security_check_cookie","0179869b","UNCONDITIONAL_CALL","true","false"
"FUN_0125f450","0125f450","0125f6c5","","Stack[-0x4]","DATA","false","true"
"FUN_0125f6e0","0125f6e0","0125f6ed","","Stack[0x0]","READ","false","true"
"FUN_0125f6e0","0125f6e0","0125f6f0","","Stack[-0xc]","WRITE","false","true"
"FUN_0125f6e0","0125f6e0","0125f6f8","LAB_0199b044","0199b044","DATA","false","true"
"FUN_0125f6e0","0125f6e0","0125f6fd","ExceptionList","ffdff000","READ","false","true"
"FUN_0125f6e0","0125f6e0","0125f70a","DAT_01bbb1c0","01bbb1c0","READ","false","true"
"FUN_0125f6e0","0125f6e0","0125f712","","Stack[-0x1c]","DATA","false","true"
"FUN_0125f6e0","0125f6e0","0125f715","ExceptionList","ffdff000","WRITE","false","true"
"FUN_0125f6e0","0125f6e0","0125f725","LAB_0125f72e","0125f72e","CONDITIONAL_JUMP","false","false"
"FUN_0125f6e0","0125f6e0","0125f736","LAB_0125f777","0125f777","CONDITIONAL_JUMP","false","false"
"FUN_0125f6e0","0125f6e0","0125f73a","FUN_016830c0","016830c0","UNCONDITIONAL_CALL","true","false"
"FUN_0125f6e0","0125f6e0","0125f744","","Stack[-0x24]","WRITE","false","true"
"FUN_0125f6e0","0125f6e0","0125f747","","Stack[-0x14]","WRITE","false","true"
"FUN_0125f6e0","0125f6e0","0125f750","LAB_0125f768","0125f768","CONDITIONAL_JUMP","false","false"
"FUN_0125f6e0","0125f6e0","0125f757","VCRUNTIME140.DLL::memset","01831f34","UNCONDITIONAL_CALL","true","false"
"FUN_0125f6e0","0125f6e0","0125f761","FUN_0125b110","0125b110","UNCONDITIONAL_CALL","true","false"
"FUN_0125f6e0","0125f6e0","0125f766","LAB_0125f76a","0125f76a","UNCONDITIONAL_JUMP","false","false"
"FUN_0125f6e0","0125f6e0","0125f76a","","Stack[-0x14]","WRITE","false","true"
"FUN_0125f6e0","0125f6e0","0125f785","FUN_0125b300","0125b300","UNCONDITIONAL_CALL","true","false"
"FUN_0125f6e0","0125f6e0","0125f78c","LAB_0125f7a8","0125f7a8","CONDITIONAL_JUMP","false","false"
"FUN_0125f6e0","0125f6e0","0125f796","LAB_0125f7a8","0125f7a8","CONDITIONAL_JUMP","false","false"
"FUN_0125f6e0","0125f6e0","0125f7b6","LAB_0125f7c7","0125f7c7","CONDITIONAL_JUMP","false","false"
"FUN_0125f6e0","0125f6e0","0125f7c1","LAB_0125f918","0125f918","CONDITIONAL_JUMP","false","false"
"FUN_0125f6e0","0125f6e0","0125f7d1","LAB_0125f918","0125f918","CONDITIONAL_JUMP","false","false"
"FUN_0125f6e0","0125f6e0","0125f7d7","","Stack[-0x24]","WRITE","false","true"
"FUN_0125f6e0","0125f6e0","0125f7e2","LAB_0125f918","0125f918","CONDITIONAL_JUMP","false","false"
"FUN_0125f6e0","0125f6e0","0125f7e8","","Stack[-0x24]","DATA","false","true"
"FUN_0125f6e0","0125f6e0","0125f7ec","FUN_015db910","015db910","UNCONDITIONAL_CALL","true","false"
"FUN_0125f6e0","0125f6e0","0125f7f3","LAB_0125f918","0125f918","CONDITIONAL_JUMP","false","false"
"FUN_0125f6e0","0125f6e0","0125f7f9","DAT_01bfb2a8","01bfb2a8","READ","false","true"
"FUN_0125f6e0","0125f6e0","0125f801","LAB_0125f918","0125f918","CONDITIONAL_JUMP","false","false"
"FUN_0125f6e0","0125f6e0","0125f80c","LAB_0125f918","0125f918","CONDITIONAL_JUMP","false","false"
"FUN_0125f6e0","0125f6e0","0125f81a","LAB_0125f918","0125f918","CONDITIONAL_JUMP","false","false"
"FUN_0125f6e0","0125f6e0","0125f82a","switchD_0125f837::caseD_1a","0125f907","CONDITIONAL_JUMP","false","false"
"FUN_0125f6e0","0125f6e0","0125f830","DAT_0125f9ab","0125f9ab","DATA","false","true"
"FUN_0125f6e0","0125f6e0","0125f837","switchD_0125f837::caseD_15","0125f83e","COMPUTED_JUMP","false","false"
"FUN_0125f6e0","0125f6e0","0125f837","switchD_0125f837::caseD_1a","0125f907","COMPUTED_JUMP","false","false"
"FUN_0125f6e0","0125f6e0","0125f837","switchD_0125f837::caseD_1c","0125f882","COMPUTED_JUMP","false","false"
"FUN_0125f6e0","0125f6e0","0125f837","switchD_0125f837::caseD_1d","0125f860","COMPUTED_JUMP","false","false"
"FUN_0125f6e0","0125f6e0","0125f837","switchD_0125f837::caseD_1e","0125f8a4","COMPUTED_JUMP","false","false"
"FUN_0125f6e0","0125f6e0","0125f837","switchD_0125f837::switchdataD_0125f9ac","0125f9ac","DATA","false","true"
"FUN_0125f6e0","0125f6e0","0125f851","DAT_3f800000","3f800000","DATA","false","true"
"FUN_0125f6e0","0125f6e0","0125f859","s_system\Accessory\Digivice.nif_01af3694","01af3694","DATA","false","true"
"FUN_0125f6e0","0125f6e0","0125f85e","LAB_0125f8c4","0125f8c4","UNCONDITIONAL_JUMP","false","false"
"FUN_0125f6e0","0125f6e0","0125f873","DAT_3f800000","3f800000","DATA","false","true"
"FUN_0125f6e0","0125f6e0","0125f87b","s_system\Accessory\Ring.nif_01af36b4","01af36b4","DATA","false","true"
"FUN_0125f6e0","0125f6e0","0125f880","LAB_0125f8c4","0125f8c4","UNCONDITIONAL_JUMP","false","false"
"FUN_0125f6e0","0125f6e0","0125f895","DAT_3f800000","3f800000","DATA","false","true"
"FUN_0125f6e0","0125f6e0","0125f89d","s_system\Accessory\Necklace.nif_01af3654","01af3654","DATA","false","true"
"FUN_0125f6e0","0125f6e0","0125f8a2","LAB_0125f8c4","0125f8c4","UNCONDITIONAL_JUMP","false","false"
"FUN_0125f6e0","0125f6e0","0125f8b7","DAT_3f800000","3f800000","DATA","false","true"
"FUN_0125f6e0","0125f6e0","0125f8bf","s_system\Accessory\Earring.nif_01af3674","01af3674","DATA","false","true"
"FUN_0125f6e0","0125f6e0","0125f8c4","","Stack[-0x30]","WRITE","false","true"
"FUN_0125f6e0","0125f6e0","0125f8cc","","Stack[-0x30]","READ","false","true"
"FUN_0125f6e0","0125f6e0","0125f8d1","","Stack[-0x2c]","READ","false","true"
"FUN_0125f6e0","0125f6e0","0125f8de","","Stack[-0x28]","WRITE","false","true"
"FUN_0125f6e0","0125f6e0","0125f8e1","","Stack[-0x28]","READ","false","true"
"FUN_0125f6e0","0125f6e0","0125f8e6","DAT_01b02a20","01b02a20","READ","false","true"
"FUN_0125f6e0","0125f6e0","0125f8f5","","Stack[-0x28]","WRITE","false","true"
"FUN_0125f6e0","0125f6e0","0125f8fa","","Stack[-0x28]","READ","false","true"
"FUN_0125f6e0","0125f6e0","0125f902","FUN_015b7090","015b7090","UNCONDITIONAL_CALL","true","false"
"FUN_0125f6e0","0125f6e0","0125f90e","LAB_0125f918","0125f918","CONDITIONAL_JUMP","false","false"
"FUN_0125f6e0","0125f6e0","0125f916","LAB_0125f91a","0125f91a","UNCONDITIONAL_JUMP","false","false"
"FUN_0125f6e0","0125f6e0","0125f928","LAB_0125f93b","0125f93b","CONDITIONAL_JUMP","false","false"
"FUN_0125f6e0","0125f6e0","0125f943","LAB_0125f94c","0125f94c","CONDITIONAL_JUMP","false","false"
"FUN_0125f6e0","0125f6e0","0125f954","LAB_0125f95d","0125f95d","CONDITIONAL_JUMP","false","false"
"FUN_0125f6e0","0125f6e0","0125f95d","DAT_01bfb32c","01bfb32c","READ","false","true"
"FUN_0125f6e0","0125f6e0","0125f965","LAB_0125f996","0125f996","CONDITIONAL_JUMP","false","false"
"FUN_0125f6e0","0125f6e0","0125f969","s_System\JewelSuccess.wav_01ae8424","01ae8424","DATA","false","true"
"FUN_0125f6e0","0125f6e0","0125f975","LAB_0125f987","0125f987","CONDITIONAL_JUMP","false","false"
"FUN_0125f6e0","0125f6e0","0125f977","DAT_01bfb32c","01bfb32c","READ","false","true"
"FUN_0125f6e0","0125f6e0","0125f97d","s_System\JewelSuccess.wav_01ae8424","01ae8424","DATA","false","true"
"FUN_0125f6e0","0125f6e0","0125f987","DAT_01bfb32c","01bfb32c","READ","false","true"
"FUN_0125f6e0","0125f6e0","0125f98d","s_System\JewelSuccess.wav_01ae8424","01ae8424","DATA","false","true"
"FUN_0125f6e0","0125f6e0","0125f996","","Stack[-0x1c]","READ","false","true"
"FUN_0125f6e0","0125f6e0","0125f999","ExceptionList","ffdff000","WRITE","false","true"
"FUN_0125f6e0","0125f6e0","0125f9a8","","Stack[-0x4]","DATA","false","true"
"FUN_0125f9f0","0125f9f0","0125f9fd","","Stack[0x0]","READ","false","true"
"FUN_0125f9f0","0125f9f0","0125fa00","","Stack[-0xc]","WRITE","false","true"
"FUN_0125f9f0","0125f9f0","0125fa08","LAB_0199b0b3","0199b0b3","DATA","false","true"
"FUN_0125f9f0","0125f9f0","0125fa0d","ExceptionList","ffdff000","READ","false","true"
"FUN_0125f9f0","0125f9f0","0125fa18","DAT_01bbb1c0","01bbb1c0","READ","false","true"
"FUN_0125f9f0","0125f9f0","0125fa1f","","Stack[-0x24]","WRITE","false","true"
"FUN_0125f9f0","0125f9f0","0125fa25","","Stack[-0x1c]","DATA","false","true"
"FUN_0125f9f0","0125f9f0","0125fa28","ExceptionList","ffdff000","WRITE","false","true"
"FUN_0125f9f0","0125f9f0","0125fa2e","","Stack[-0x4c]","WRITE","false","true"
"FUN_0125f9f0","0125f9f0","0125fa36","FUN_016830c0","016830c0","UNCONDITIONAL_CALL","true","false"
"FUN_0125f9f0","0125f9f0","0125fa40","","Stack[-0x44]","WRITE","false","true"
"FUN_0125f9f0","0125f9f0","0125fa43","","Stack[-0x14]","WRITE","false","true"
"FUN_0125f9f0","0125f9f0","0125fa4c","LAB_0125fa6c","0125fa6c","CONDITIONAL_JUMP","false","false"
"FUN_0125f9f0","0125f9f0","0125fa56","VCRUNTIME140.DLL::memset","01831f34","UNCONDITIONAL_CALL","true","false"
"FUN_0125f9f0","0125f9f0","0125fa60","FUN_012276b0","012276b0","UNCONDITIONAL_CALL","true","false"
"FUN_0125f9f0","0125f9f0","0125fa67","","Stack[-0x48]","WRITE","false","true"
"FUN_0125f9f0","0125f9f0","0125fa6a","LAB_0125fa71","0125fa71","UNCONDITIONAL_JUMP","false","false"
"FUN_0125f9f0","0125f9f0","0125fa6e","","Stack[-0x48]","WRITE","false","true"
"FUN_0125f9f0","0125f9f0","0125fa71","","Stack[-0x4c]","READ","false","true"
"FUN_0125f9f0","0125f9f0","0125fa74","","Stack[-0x14]","WRITE","false","true"
"FUN_0125f9f0","0125f9f0","0125fa83","LAB_0125fd7c","0125fd7c","CONDITIONAL_JUMP","false","false"
"FUN_0125f9f0","0125f9f0","0125fa90","s_Control_G\ComboBox\Combo2.tga_01ae65dc","01ae65dc","DATA","false","true"
"FUN_0125f9f0","0125f9f0","0125faa4","","Stack[-0x40]","WRITE","false","true"
"FUN_0125f9f0","0125f9f0","0125faa7","","Stack[-0x5c]","WRITE","false","true"
"FUN_0125f9f0","0125f9f0","0125faae","FUN_012228b0","012228b0","UNCONDITIONAL_CALL","true","false"
"FUN_0125f9f0","0125f9f0","0125fab9","FUN_01223e30","01223e30","UNCONDITIONAL_CALL","true","false"
"FUN_0125f9f0","0125f9f0","0125fad7","FUN_016830c0","016830c0","UNCONDITIONAL_CALL","true","false"
"FUN_0125f9f0","0125f9f0","0125fae1","","Stack[-0x44]","WRITE","false","true"
"FUN_0125f9f0","0125f9f0","0125fae4","","Stack[-0x14]","WRITE","false","true"
"FUN_0125f9f0","0125f9f0","0125faed","LAB_0125fb53","0125fb53","CONDITIONAL_JUMP","false","false"
"FUN_0125f9f0","0125f9f0","0125faf7","VCRUNTIME140.DLL::memset","01831f34","UNCONDITIONAL_CALL","true","false"
"FUN_0125f9f0","0125f9f0","0125fb01","FUN_0145eca0","0145eca0","UNCONDITIONAL_CALL","true","false"
"FUN_0125f9f0","0125f9f0","0125fb06","DAT_01ad5210","01ad5210","DATA","false","true"
"FUN_0125f9f0","0125f9f0","0125fb51","LAB_0125fb55","0125fb55","UNCONDITIONAL_JUMP","false","false"
"FUN_0125f9f0","0125f9f0","0125fb5b","","Stack[-0x14]","WRITE","false","true"
"FUN_0125f9f0","0125f9f0","0125fb88","DAT_01ac8f80","01ac8f80","DATA","false","true"
"FUN_0125f9f0","0125f9f0","0125fb8d","s_Control_G\Popup\ON2Dlg_01ae661c","01ae661c","DATA","false","true"
"FUN_0125f9f0","0125f9f0","0125fb92","","Stack[-0x40]","READ","false","true"
"FUN_0125f9f0","0125f9f0","0125fb95","FUN_01259fa0","01259fa0","UNCONDITIONAL_CALL","true","false"
"FUN_0125f9f0","0125f9f0","0125fb9f","FUN_016830c0","016830c0","UNCONDITIONAL_CALL","true","false"
"FUN_0125f9f0","0125f9f0","0125fba9","","Stack[-0x44]","WRITE","false","true"
"FUN_0125f9f0","0125f9f0","0125fbac","","Stack[-0x14]","WRITE","false","true"
"FUN_0125f9f0","0125f9f0","0125fbb5","LAB_0125fbd5","0125fbd5","CONDITIONAL_JUMP","false","false"
"FUN_0125f9f0","0125f9f0","0125fbbf","VCRUNTIME140.DLL::memset","01831f34","UNCONDITIONAL_CALL","true","false"
"FUN_0125f9f0","0125f9f0","0125fbc9","FUN_0123de10","0123de10","UNCONDITIONAL_CALL","true","false"
"FUN_0125f9f0","0125f9f0","0125fbd0","","Stack[-0x40]","WRITE","false","true"
"FUN_0125f9f0","0125f9f0","0125fbd3","LAB_0125fbda","0125fbda","UNCONDITIONAL_JUMP","false","false"
"FUN_0125f9f0","0125f9f0","0125fbd7","","Stack[-0x40]","WRITE","false","true"
"FUN_0125f9f0","0125f9f0","0125fbda","","Stack[-0x14]","WRITE","false","true"
"FUN_0125f9f0","0125f9f0","0125fbe1","DAT_01bfe468","01bfe468","READ","false","true"
"FUN_0125f9f0","0125f9f0","0125fbef","FUN_01446f10","01446f10","UNCONDITIONAL_CALL","true","false"
"FUN_0125f9f0","0125f9f0","0125fbf4","DAT_01bb9b2c","01bb9b2c","READ","false","true"
"FUN_0125f9f0","0125f9f0","0125fbfc","DAT_01bee890","01bee890","READ","false","true"
"FUN_0125f9f0","0125f9f0","0125fc02","DAT_01bb9b34","01bb9b34","READ","false","true"
"FUN_0125f9f0","0125f9f0","0125fc08","","Stack[-0x44]","WRITE","false","true"
"FUN_0125f9f0","0125f9f0","0125fc15","","Stack[-0x60]","WRITE","false","true"
"FUN_0125f9f0","0125f9f0","0125fc1c","","Stack[-0x50]","WRITE","false","true"
"FUN_0125f9f0","0125f9f0","0125fc1f","DAT_01bee88c","01bee88c","READ","false","true"
"FUN_0125f9f0","0125f9f0","0125fc24","s_Talk\Common_Seletbar.tga_01ad36a8","01ad36a8","DATA","false","true"
"FUN_0125f9f0","0125f9f0","0125fc29","","Stack[-0x58]","WRITE","false","true"
"FUN_0125f9f0","0125f9f0","0125fc2c","FUN_00f19f10","00f19f10","UNCONDITIONAL_CALL","true","false"
"FUN_0125f9f0","0125f9f0","0125fc34","","Stack[-0x2c]","WRITE","false","true"
"FUN_0125f9f0","0125f9f0","0125fc3b","","Stack[-0x3c]","WRITE","false","true"
"FUN_0125f9f0","0125f9f0","0125fc3f","","Stack[-0x28]","WRITE","false","true"
"FUN_0125f9f0","0125f9f0","0125fc46","","Stack[-0x3c]","WRITE","false","true"
"FUN_0125f9f0","0125f9f0","0125fc4a","s_Talk\Common_Seletbar.tga_01ad36a8","01ad36a8","DATA","false","true"
"FUN_0125f9f0","0125f9f0","0125fc4f","DAT_01bfbd40","01bfbd40","DATA","false","true"
"FUN_0125f9f0","0125f9f0","0125fc54","","Stack[-0x3c]","DATA","false","true"
"FUN_0125f9f0","0125f9f0","0125fc57","","Stack[-0x14]","WRITE","false","true"
"FUN_0125f9f0","0125f9f0","0125fc5e","DAT_01ae7290","01ae7290","DATA","false","true"
"FUN_0125f9f0","0125f9f0","0125fc64","FUN_015010a0","015010a0","UNCONDITIONAL_CALL","true","false"
"FUN_0125f9f0","0125f9f0","0125fc69","","Stack[-0x40]","READ","false","true"
"FUN_0125f9f0","0125f9f0","0125fc6c","","Stack[-0x3c]","DATA","false","true"
"FUN_0125f9f0","0125f9f0","0125fc73","FUN_0124ef30","0124ef30","UNCONDITIONAL_CALL","true","false"
"FUN_0125f9f0","0125f9f0","0125fc78","","Stack[-0x60]","READ","false","true"
"FUN_0125f9f0","0125f9f0","0125fc80","","Stack[-0x40]","READ","false","true"
"FUN_0125f9f0","0125f9f0","0125fc87","","Stack[-0x78]","DATA","false","true"
"FUN_0125f9f0","0125f9f0","0125fc8b","DAT_3f800000","3f800000","DATA","false","true"
"FUN_0125f9f0","0125f9f0","0125fc8b","","Stack[-0x70]","WRITE","false","true"
"FUN_0125f9f0","0125f9f0","0125fc8e","FUN_0124f150","0124f150","UNCONDITIONAL_CALL","true","false"
"FUN_0125f9f0","0125f9f0","0125fc93","","Stack[-0x40]","READ","false","true"
"FUN_0125f9f0","0125f9f0","0125fc97","","Stack[-0x50]","READ","false","true"
"FUN_0125f9f0","0125f9f0","0125fca0","","Stack[-0x58]","READ","false","true"
"FUN_0125f9f0","0125f9f0","0125fca5","FUN_0123e330","0123e330","UNCONDITIONAL_CALL","true","false"
"FUN_0125f9f0","0125f9f0","0125fcaa","","Stack[-0x3c]","DATA","false","true"
"FUN_0125f9f0","0125f9f0","0125fcad","","Stack[-0x14]","WRITE","false","true"
"FUN_0125f9f0","0125f9f0","0125fcb4","FUN_00f1a420","00f1a420","UNCONDITIONAL_CALL","true","false"
"FUN_0125f9f0","0125f9f0","0125fcb9","","Stack[-0x48]","READ","false","true"
"FUN_0125f9f0","0125f9f0","0125fcc1","DAT_01bfe468","01bfe468","READ","false","true"
"FUN_0125f9f0","0125f9f0","0125fcc7","","Stack[-0x44]","READ","false","true"
"FUN_0125f9f0","0125f9f0","0125fd15","","Stack[-0x4c]","READ","false","true"
"FUN_0125f9f0","0125f9f0","0125fd18","LAB_01260fc0","01260fc0","DATA","false","true"
"FUN_0125f9f0","0125f9f0","0125fd26","FUN_012611d0","012611d0","UNCONDITIONAL_CALL","true","false"
"FUN_0125f9f0","0125f9f0","0125fd31","s_SealMaster\dropdown_list_0_01ad7b14","01ad7b14","DATA","false","true"
"FUN_0125f9f0","0125f9f0","0125fd36","FUN_01227a10","01227a10","UNCONDITIONAL_CALL","true","false"
"FUN_0125f9f0","0125f9f0","0125fd4b","","Stack[-0x5c]","WRITE","false","true"
"FUN_0125f9f0","0125f9f0","0125fd77","FUN_012472c0","012472c0","UNCONDITIONAL_CALL","true","false"
"FUN_0125f9f0","0125f9f0","0125fd7c","","Stack[-0x1c]","READ","false","true"
"FUN_0125f9f0","0125f9f0","0125fd7f","ExceptionList","ffdff000","WRITE","false","true"
"FUN_0125f9f0","0125f9f0","0125fd89","","Stack[-0x24]","READ","false","true"
"FUN_0125f9f0","0125f9f0","0125fd8e","__security_check_cookie","0179869b","UNCONDITIONAL_CALL","true","false"
"FUN_0125f9f0","0125f9f0","0125fd98","","Stack[-0x4]","DATA","false","true"
"FUN_0125fda0","0125fda0","0125fdad","","Stack[0x0]","READ","false","true"
"FUN_0125fda0","0125fda0","0125fdb0","","Stack[-0xc]","WRITE","false","true"
"FUN_0125fda0","0125fda0","0125fdb8","LAB_0197b59d","0197b59d","DATA","false","true"
"FUN_0125fda0","0125fda0","0125fdbd","ExceptionList","ffdff000","READ","false","true"
"FUN_0125fda0","0125fda0","0125fdc8","DAT_01bbb1c0","01bbb1c0","READ","false","true"
"FUN_0125fda0","0125fda0","0125fdcf","","Stack[-0x24]","WRITE","false","true"
"FUN_0125fda0","0125fda0","0125fdd5","","Stack[-0x1c]","DATA","false","true"
"FUN_0125fda0","0125fda0","0125fdd8","ExceptionList","ffdff000","WRITE","false","true"
"FUN_0125fda0","0125fda0","0125fde0","","Stack[-0x44]","WRITE","false","true"
"FUN_0125fda0","0125fda0","0125fdeb","LAB_0125ffb9","0125ffb9","CONDITIONAL_JUMP","false","false"
"FUN_0125fda0","0125fda0","0125fdf9","FUN_01232880","01232880","UNCONDITIONAL_CALL","true","false"
"FUN_0125fda0","0125fda0","0125fe32","LAB_0125fe40","0125fe40","CONDITIONAL_JUMP","false","false"
"FUN_0125fda0","0125fda0","0125fe3a","LAB_0125ffb9","0125ffb9","CONDITIONAL_JUMP","false","false"
"FUN_0125fda0","0125fda0","0125fe4a","LAB_0125ffb9","0125ffb9","CONDITIONAL_JUMP","false","false"
"FUN_0125fda0","0125fda0","0125fe52","LAB_0125ffb9","0125ffb9","CONDITIONAL_JUMP","false","false"
"FUN_0125fda0","0125fda0","0125fe5d","","Stack[-0x40]","WRITE","false","true"
"FUN_0125fda0","0125fda0","0125fe67","LAB_0125fee2","0125fee2","CONDITIONAL_JUMP","false","false"
"FUN_0125fda0","0125fda0","0125fe73","LAB_0125fee2","0125fee2","CONDITIONAL_JUMP","false","false"
"FUN_0125fda0","0125fda0","0125fe79","","Stack[-0x3c]","DATA","false","true"
"FUN_0125fda0","0125fda0","0125fe83","FUN_0125ffe0","0125ffe0","UNCONDITIONAL_CALL","true","false"
"FUN_0125fda0","0125fda0","0125fe88","","Stack[-0x14]","WRITE","false","true"
"FUN_0125fda0","0125fda0","0125fe8f","","Stack[-0x3c]","DATA","false","true"
"FUN_0125fda0","0125fda0","0125fe92","","Stack[-0x28]","READ","false","true"
"FUN_0125fda0","0125fda0","0125fe96","DAT_01b02744","01b02744","READ","false","true"
"FUN_0125fda0","0125fda0","0125fe9e","","Stack[-0x3c]","DATA","false","true"
"FUN_0125fda0","0125fda0","0125fead","DAT_3f7ae148","3f7ae148","DATA","false","true"
"FUN_0125fda0","0125fda0","0125fead","","Stack[-0x48]","WRITE","false","true"
"FUN_0125fda0","0125fda0","0125feb4","","Stack[-0x48]","READ","false","true"
"FUN_0125fda0","0125fda0","0125feb7","","Stack[-0x40]","READ","false","true"
"FUN_0125fda0","0125fda0","0125febf","","Stack[-0x44]","READ","false","true"
"FUN_0125fda0","0125fda0","0125fec2","DAT_3f7ae148","3f7ae148","DATA","false","true"
"FUN_0125fda0","0125fda0","0125fecb","FUN_012281c0","012281c0","UNCONDITIONAL_CALL","true","false"
"FUN_0125fda0","0125fda0","0125fed0","","Stack[-0x3c]","DATA","false","true"
"FUN_0125fda0","0125fda0","0125fed3","","Stack[-0x14]","WRITE","false","true"
"FUN_0125fda0","0125fda0","0125feda","FUN_00f1a330","00f1a330","UNCONDITIONAL_CALL","true","false"
"FUN_0125fda0","0125fda0","0125fedf","","Stack[-0x40]","READ","false","true"
"FUN_0125fda0","0125fda0","0125fee6","","Stack[-0x40]","WRITE","false","true"
"FUN_0125fda0","0125fda0","0125feec","LAB_0125fe60","0125fe60","CONDITIONAL_JUMP","false","false"
"FUN_0125fda0","0125fda0","0125feff","LAB_0125ff6e","0125ff6e","CONDITIONAL_JUMP","false","false"
"FUN_0125fda0","0125fda0","0125ff0e","LAB_0125ff6e","0125ff6e","CONDITIONAL_JUMP","false","false"
"FUN_0125fda0","0125fda0","0125ff20","LAB_0125ff26","0125ff26","CONDITIONAL_JUMP","false","false"
"FUN_0125fda0","0125fda0","0125ff24","LAB_0125ff29","0125ff29","UNCONDITIONAL_JUMP","false","false"
"FUN_0125fda0","0125fda0","0125ff29","","Stack[-0x44]","DATA","false","true"
"FUN_0125fda0","0125fda0","0125ff36","","Stack[-0x44]","WRITE","false","true"
"FUN_0125fda0","0125fda0","0125ff3d","","Stack[-0x50]","DATA","false","true"
"FUN_0125fda0","0125fda0","0125ff40","","Stack[-0x40]","WRITE","false","true"
"FUN_0125fda0","0125fda0","0125ff46","FUN_00f1b390","00f1b390","UNCONDITIONAL_CALL","true","false"
"FUN_0125fda0","0125fda0","0125ff4b","","Stack[-0x48]","READ","false","true"
"FUN_0125fda0","0125fda0","0125ff4e","DAT_3f7ae155","3f7ae155","READ","false","true"
"FUN_0125fda0","0125fda0","0125ff52","LAB_0125ff6e","0125ff6e","CONDITIONAL_JUMP","false","false"
"FUN_0125fda0","0125fda0","0125ff54","DAT_3f7ae158","3f7ae158","READ","false","true"
"FUN_0125fda0","0125fda0","0125ff58","LAB_0125ff6e","0125ff6e","CONDITIONAL_JUMP","false","false"
"FUN_0125fda0","0125fda0","0125ff5a","","Stack[-0x40]","READ","false","true"
"FUN_0125fda0","0125fda0","0125ff5f","LAB_0125ff6e","0125ff6e","CONDITIONAL_JUMP","false","false"
"FUN_0125fda0","0125fda0","0125ff61","DAT_3f7ae15c","3f7ae15c","READ","false","true"
"FUN_0125fda0","0125fda0","0125ff66","LAB_0125ff6e","0125ff6e","CONDITIONAL_JUMP","false","false"
"FUN_0125fda0","0125fda0","0125ff76","FUN_01228800","01228800","UNCONDITIONAL_CALL","true","false"
"FUN_0125fda0","0125fda0","0125ff8a","LAB_0125ff97","0125ff97","CONDITIONAL_JUMP","false","false"
"FUN_0125fda0","0125fda0","0125ff95","LAB_0125ffb9","0125ffb9","CONDITIONAL_JUMP","false","false"
"FUN_0125fda0","0125fda0","0125ffa1","LAB_0125ffb9","0125ffb9","CONDITIONAL_JUMP","false","false"
"FUN_0125fda0","0125fda0","0125ffac","LAB_0125ffb3","0125ffb3","CONDITIONAL_JUMP","false","false"
"FUN_0125fda0","0125fda0","0125ffb1","LAB_0125ffb9","0125ffb9","CONDITIONAL_JUMP","false","false"
"FUN_0125fda0","0125fda0","0125ffb9","","Stack[-0x1c]","READ","false","true"
"FUN_0125fda0","0125fda0","0125ffbc","ExceptionList","ffdff000","WRITE","false","true"
"FUN_0125fda0","0125fda0","0125ffc6","","Stack[-0x24]","READ","false","true"
"FUN_0125fda0","0125fda0","0125ffcb","__security_check_cookie","0179869b","UNCONDITIONAL_CALL","true","false"
"FUN_0125fda0","0125fda0","0125ffd5","","Stack[-0x4]","DATA","false","true"
"FUN_0125ffe0","0125ffe0","0125ffed","","Stack[0x0]","READ","false","true"
"FUN_0125ffe0","0125ffe0","0125fff0","","Stack[-0xc]","WRITE","false","true"
"FUN_0125ffe0","0125ffe0","0125fff8","LAB_0199b201","0199b201","DATA","false","true"
"FUN_0125ffe0","0125ffe0","0125fffd","ExceptionList","ffdff000","READ","false","true"
"FUN_0125ffe0","0125ffe0","0126000a","DAT_01bbb1c0","01bbb1c0","READ","false","true"
"FUN_0125ffe0","0125ffe0","01260012","","Stack[-0x1c]","DATA","false","true"
"FUN_0125ffe0","0125ffe0","01260015","ExceptionList","ffdff000","WRITE","false","true"
"FUN_0125ffe0","0125ffe0","0126001b","","Stack[-0x24]","WRITE","false","true"
"FUN_0125ffe0","0125ffe0","01260025","","Stack[0x4]","READ","false","true"
"FUN_0125ffe0","0125ffe0","0126004c","","Stack[-0x14]","WRITE","false","true"
"FUN_0125ffe0","0125ffe0","0126004f","","Stack[0x8]","READ","false","true"
"FUN_0125ffe0","0125ffe0","01260053","","Stack[-0x24]","WRITE","false","true"
"FUN_0125ffe0","0125ffe0","0126005f","LAB_0126007b","0126007b","CONDITIONAL_JUMP","false","false"
"FUN_0125ffe0","0125ffe0","01260061","switchD_01260074::caseD_1","012600c5","CONDITIONAL_JUMP","false","false"
"FUN_0125ffe0","0125ffe0","01260067","switchD_01260074::caseD_13","01260b65","CONDITIONAL_JUMP","false","false"
"FUN_0125ffe0","0125ffe0","0126006d","PTR_caseD_13_01260c00+3","01260c03","DATA","false","true"
"FUN_0125ffe0","0125ffe0","01260074","switchD_01260074::caseD_1","012600c5","COMPUTED_JUMP","false","false"
"FUN_0125ffe0","0125ffe0","01260074","switchD_01260074::caseD_2","0126013c","COMPUTED_JUMP","false","false"
"FUN_0125ffe0","0125ffe0","01260074","switchD_01260074::caseD_3","0126017d","COMPUTED_JUMP","false","false"
"FUN_0125ffe0","0125ffe0","01260074","switchD_01260074::caseD_4","012601c1","COMPUTED_JUMP","false","false"
"FUN_0125ffe0","0125ffe0","01260074","switchD_01260074::caseD_5","01260205","COMPUTED_JUMP","false","false"
"FUN_0125ffe0","0125ffe0","01260074","switchD_01260074::caseD_6","01260249","COMPUTED_JUMP","false","false"
"FUN_0125ffe0","0125ffe0","01260074","switchD_01260074::caseD_7","012602a6","COMPUTED_JUMP","false","false"
"FUN_0125ffe0","0125ffe0","01260074","switchD_01260074::caseD_8","012602f2","COMPUTED_JUMP","false","false"
"FUN_0125ffe0","0125ffe0","01260074","switchD_01260074::caseD_9","01260349","COMPUTED_JUMP","false","false"
"FUN_0125ffe0","0125ffe0","01260074","switchD_01260074::caseD_a","012603a0","COMPUTED_JUMP","false","false"
"FUN_0125ffe0","0125ffe0","01260074","switchD_01260074::caseD_b","012603ef","COMPUTED_JUMP","false","false"
"FUN_0125ffe0","0125ffe0","01260074","switchD_01260074::caseD_c","0126043e","COMPUTED_JUMP","false","false"
"FUN_0125ffe0","0125ffe0","01260074","switchD_01260074::caseD_d","01260482","COMPUTED_JUMP","false","false"
"FUN_0125ffe0","0125ffe0","01260074","switchD_01260074::caseD_e","012604d9","COMPUTED_JUMP","false","false"
"FUN_0125ffe0","0125ffe0","01260074","switchD_01260074::caseD_f","01260530","COMPUTED_JUMP","false","false"
"FUN_0125ffe0","0125ffe0","01260074","switchD_01260074::caseD_10","01260587","COMPUTED_JUMP","false","false"
"FUN_0125ffe0","0125ffe0","01260074","switchD_01260074::caseD_11","012605de","COMPUTED_JUMP","false","false"
"FUN_0125ffe0","0125ffe0","01260074","switchD_01260074::caseD_12","01260635","COMPUTED_JUMP","false","false"
"FUN_0125ffe0","0125ffe0","01260074","switchD_01260074::caseD_13","01260b65","COMPUTED_JUMP","false","false"
"FUN_0125ffe0","0125ffe0","01260074","switchD_01260074::caseD_65","0126068c","COMPUTED_JUMP","false","false"
"FUN_0125ffe0","0125ffe0","01260074","switchD_01260074::caseD_66","012606e3","COMPUTED_JUMP","false","false"
"FUN_0125ffe0","0125ffe0","01260074","switchD_01260074::caseD_67","0126073a","COMPUTED_JUMP","false","false"
"FUN_0125ffe0","0125ffe0","01260074","switchD_01260074::caseD_68","01260791","COMPUTED_JUMP","false","false"
"FUN_0125ffe0","0125ffe0","01260074","switchD_01260074::caseD_69","012607e8","COMPUTED_JUMP","false","false"
"FUN_0125ffe0","0125ffe0","01260074","switchD_01260074::caseD_6a","0126083f","COMPUTED_JUMP","false","false"
"FUN_0125ffe0","0125ffe0","01260074","switchD_01260074::caseD_6b","01260896","COMPUTED_JUMP","false","false"
"FUN_0125ffe0","0125ffe0","01260074","switchD_01260074::caseD_6c","012608ed","COMPUTED_JUMP","false","false"
"FUN_0125ffe0","0125ffe0","01260074","switchD_01260074::caseD_6d","01260944","COMPUTED_JUMP","false","false"
"FUN_0125ffe0","0125ffe0","01260074","switchD_01260074::caseD_6e","0126099b","COMPUTED_JUMP","false","false"
"FUN_0125ffe0","0125ffe0","01260074","switchD_01260074::caseD_6f","012609f2","COMPUTED_JUMP","false","false"
"FUN_0125ffe0","0125ffe0","01260074","switchD_01260074::caseD_70","01260a49","COMPUTED_JUMP","false","false"
"FUN_0125ffe0","0125ffe0","01260074","switchD_01260074::caseD_71","01260aa0","COMPUTED_JUMP","false","false"
"FUN_0125ffe0","0125ffe0","01260074","switchD_01260074::caseD_72","01260af4","COMPUTED_JUMP","false","false"
"FUN_0125ffe0","0125ffe0","01260074","switchD_01260074::switchdataD_01260b80","01260b80","DATA","false","true"
"FUN_0125ffe0","0125ffe0","01260080","LAB_012600a0","012600a0","CONDITIONAL_JUMP","false","false"
"FUN_0125ffe0","0125ffe0","01260082","switchD_01260074::caseD_1","012600c5","CONDITIONAL_JUMP","false","false"
"FUN_0125ffe0","0125ffe0","0126008c","switchD_01260074::caseD_13","01260b65","CONDITIONAL_JUMP","false","false"
"FUN_0125ffe0","0125ffe0","01260092","switchD_01260099::switchdataD_01260cf8","01260cf8","DATA","false","true"
"FUN_0125ffe0","0125ffe0","01260099","switchD_01260074::caseD_2","0126013c","COMPUTED_JUMP","false","false"
"FUN_0125ffe0","0125ffe0","01260099","switchD_01260074::caseD_3","0126017d","COMPUTED_JUMP","false","false"
"FUN_0125ffe0","0125ffe0","01260099","switchD_01260074::caseD_4","012601c1","COMPUTED_JUMP","false","false"
"FUN_0125ffe0","0125ffe0","01260099","switchD_01260074::caseD_5","01260205","COMPUTED_JUMP","false","false"
"FUN_0125ffe0","0125ffe0","01260099","switchD_01260074::caseD_6","01260249","COMPUTED_JUMP","false","false"
"FUN_0125ffe0","0125ffe0","01260099","switchD_01260074::caseD_7","012602a6","COMPUTED_JUMP","false","false"
"FUN_0125ffe0","0125ffe0","01260099","switchD_01260074::caseD_8","012602f2","COMPUTED_JUMP","false","false"
"FUN_0125ffe0","0125ffe0","01260099","switchD_01260074::caseD_9","01260349","COMPUTED_JUMP","false","false"
"FUN_0125ffe0","0125ffe0","01260099","switchD_01260074::caseD_a","012603a0","COMPUTED_JUMP","false","false"
"FUN_0125ffe0","0125ffe0","01260099","switchD_01260074::caseD_b","012603ef","COMPUTED_JUMP","false","false"
"FUN_0125ffe0","0125ffe0","01260099","switchD_01260074::caseD_c","0126043e","COMPUTED_JUMP","false","false"
"FUN_0125ffe0","0125ffe0","01260099","switchD_01260074::caseD_d","01260482","COMPUTED_JUMP","false","false"
"FUN_0125ffe0","0125ffe0","01260099","switchD_01260074::caseD_e","012604d9","COMPUTED_JUMP","false","false"
"FUN_0125ffe0","0125ffe0","01260099","switchD_01260074::caseD_f","01260530","COMPUTED_JUMP","false","false"
"FUN_0125ffe0","0125ffe0","01260099","switchD_01260074::caseD_10","01260587","COMPUTED_JUMP","false","false"
"FUN_0125ffe0","0125ffe0","01260099","switchD_01260074::caseD_11","012605de","COMPUTED_JUMP","false","false"
"FUN_0125ffe0","0125ffe0","01260099","switchD_01260074::caseD_12","01260635","COMPUTED_JUMP","false","false"
"FUN_0125ffe0","0125ffe0","01260099","switchD_01260074::caseD_13","01260b65","COMPUTED_JUMP","false","false"
"FUN_0125ffe0","0125ffe0","01260099","switchD_01260074::caseD_65","0126068c","COMPUTED_JUMP","false","false"
"FUN_0125ffe0","0125ffe0","01260099","switchD_01260074::caseD_66","012606e3","COMPUTED_JUMP","false","false"
"FUN_0125ffe0","0125ffe0","01260099","switchD_01260074::caseD_67","0126073a","COMPUTED_JUMP","false","false"
"FUN_0125ffe0","0125ffe0","01260099","switchD_01260074::caseD_68","01260791","COMPUTED_JUMP","false","false"
"FUN_0125ffe0","0125ffe0","01260099","switchD_01260074::caseD_69","012607e8","COMPUTED_JUMP","false","false"
"FUN_0125ffe0","0125ffe0","01260099","switchD_01260074::caseD_6a","0126083f","COMPUTED_JUMP","false","false"
"FUN_0125ffe0","0125ffe0","01260099","switchD_01260074::caseD_6b","01260896","COMPUTED_JUMP","false","false"
"FUN_0125ffe0","0125ffe0","01260099","switchD_01260074::caseD_6c","012608ed","COMPUTED_JUMP","false","false"
"FUN_0125ffe0","0125ffe0","01260099","switchD_01260074::caseD_6d","01260944","COMPUTED_JUMP","false","false"
"FUN_0125ffe0","0125ffe0","01260099","switchD_01260074::caseD_6e","0126099b","COMPUTED_JUMP","false","false"
"FUN_0125ffe0","0125ffe0","01260099","switchD_01260074::caseD_6f","012609f2","COMPUTED_JUMP","false","false"
"FUN_0125ffe0","0125ffe0","01260099","switchD_01260074::caseD_70","01260a49","COMPUTED_JUMP","false","false"
"FUN_0125ffe0","0125ffe0","01260099","switchD_01260074::caseD_71","01260aa0","COMPUTED_JUMP","false","false"
"FUN_0125ffe0","0125ffe0","01260099","switchD_01260074::caseD_72","01260af4","COMPUTED_JUMP","false","false"
"FUN_0125ffe0","0125ffe0","01260099","switchD_01260099::switchdataD_01260c78","01260c78","DATA","false","true"
"FUN_0125ffe0","0125ffe0","012600a5","LAB_01260120","01260120","CONDITIONAL_JUMP","false","false"
"FUN_0125ffe0","0125ffe0","012600a7","switchD_01260074::caseD_1","012600c5","CONDITIONAL_JUMP","false","false"
"FUN_0125ffe0","0125ffe0","012600b1","switchD_01260074::caseD_13","01260b65","CONDITIONAL_JUMP","false","false"
"FUN_0125ffe0","0125ffe0","012600b7","switchD_012600be::switchdataD_01260dec","01260dec","DATA","false","true"
"FUN_0125ffe0","0125ffe0","012600be","switchD_01260074::caseD_2","0126013c","COMPUTED_JUMP","false","false"
"FUN_0125ffe0","0125ffe0","012600be","switchD_01260074::caseD_3","0126017d","COMPUTED_JUMP","false","false"
"FUN_0125ffe0","0125ffe0","012600be","switchD_01260074::caseD_4","012601c1","COMPUTED_JUMP","false","false"
"FUN_0125ffe0","0125ffe0","012600be","switchD_01260074::caseD_5","01260205","COMPUTED_JUMP","false","false"
"FUN_0125ffe0","0125ffe0","012600be","switchD_01260074::caseD_6","01260249","COMPUTED_JUMP","false","false"
"FUN_0125ffe0","0125ffe0","012600be","switchD_01260074::caseD_7","012602a6","COMPUTED_JUMP","false","false"
"FUN_0125ffe0","0125ffe0","012600be","switchD_01260074::caseD_8","012602f2","COMPUTED_JUMP","false","false"
"FUN_0125ffe0","0125ffe0","012600be","switchD_01260074::caseD_9","01260349","COMPUTED_JUMP","false","false"
"FUN_0125ffe0","0125ffe0","012600be","switchD_01260074::caseD_a","012603a0","COMPUTED_JUMP","false","false"
"FUN_0125ffe0","0125ffe0","012600be","switchD_01260074::caseD_b","012603ef","COMPUTED_JUMP","false","false"
"FUN_0125ffe0","0125ffe0","012600be","switchD_01260074::caseD_c","0126043e","COMPUTED_JUMP","false","false"
"FUN_0125ffe0","0125ffe0","012600be","switchD_01260074::caseD_d","01260482","COMPUTED_JUMP","false","false"
"FUN_0125ffe0","0125ffe0","012600be","switchD_01260074::caseD_e","012604d9","COMPUTED_JUMP","false","false"
"FUN_0125ffe0","0125ffe0","012600be","switchD_01260074::caseD_f","01260530","COMPUTED_JUMP","false","false"
"FUN_0125ffe0","0125ffe0","012600be","switchD_01260074::caseD_10","01260587","COMPUTED_JUMP","false","false"
"FUN_0125ffe0","0125ffe0","012600be","switchD_01260074::caseD_11","012605de","COMPUTED_JUMP","false","false"
"FUN_0125ffe0","0125ffe0","012600be","switchD_01260074::caseD_12","01260635","COMPUTED_JUMP","false","false"
"FUN_0125ffe0","0125ffe0","012600be","switchD_01260074::caseD_13","01260b65","COMPUTED_JUMP","false","false"
"FUN_0125ffe0","0125ffe0","012600be","switchD_01260074::caseD_65","0126068c","COMPUTED_JUMP","false","false"
"FUN_0125ffe0","0125ffe0","012600be","switchD_01260074::caseD_66","012606e3","COMPUTED_JUMP","false","false"
"FUN_0125ffe0","0125ffe0","012600be","switchD_01260074::caseD_67","0126073a","COMPUTED_JUMP","false","false"
"FUN_0125ffe0","0125ffe0","012600be","switchD_01260074::caseD_68","01260791","COMPUTED_JUMP","false","false"
"FUN_0125ffe0","0125ffe0","012600be","switchD_01260074::caseD_69","012607e8","COMPUTED_JUMP","false","false"
"FUN_0125ffe0","0125ffe0","012600be","switchD_01260074::caseD_6a","0126083f","COMPUTED_JUMP","false","false"
"FUN_0125ffe0","0125ffe0","012600be","switchD_01260074::caseD_6b","01260896","COMPUTED_JUMP","false","false"
"FUN_0125ffe0","0125ffe0","012600be","switchD_01260074::caseD_6c","012608ed","COMPUTED_JUMP","false","false"
"FUN_0125ffe0","0125ffe0","012600be","switchD_01260074::caseD_6d","01260944","COMPUTED_JUMP","false","false"
"FUN_0125ffe0","0125ffe0","012600be","switchD_01260074::caseD_6e","0126099b","COMPUTED_JUMP","false","false"
"FUN_0125ffe0","0125ffe0","012600be","switchD_01260074::caseD_6f","012609f2","COMPUTED_JUMP","false","false"
"FUN_0125ffe0","0125ffe0","012600be","switchD_01260074::caseD_70","01260a49","COMPUTED_JUMP","false","false"
"FUN_0125ffe0","0125ffe0","012600be","switchD_01260074::caseD_71","01260aa0","COMPUTED_JUMP","false","false"
"FUN_0125ffe0","0125ffe0","012600be","switchD_01260074::caseD_72","01260af4","COMPUTED_JUMP","false","false"
"FUN_0125ffe0","0125ffe0","012600be","switchD_012600be::switchdataD_01260d6c","01260d6c","DATA","false","true"
"FUN_0125ffe0","0125ffe0","012600c5","DAT_01bfb258","01bfb258","READ","false","true"
"FUN_0125ffe0","0125ffe0","012600d7","","Stack[-0x68]","DATA","false","true"
"FUN_0125ffe0","0125ffe0","012600da","s_COMMON_TXT_ATTACK_01ae7ccc","01ae7ccc","DATA","false","true"
"FUN_0125ffe0","0125ffe0","012600df","","Stack[-0x58]","WRITE","false","true"
"FUN_0125ffe0","0125ffe0","012600e6","","Stack[-0x54]","WRITE","false","true"
"FUN_0125ffe0","0125ffe0","012600ed","FUN_00f19cc0","00f19cc0","UNCONDITIONAL_CALL","true","false"
"FUN_0125ffe0","0125ffe0","012600f2","","Stack[-0x40]","DATA","false","true"
"FUN_0125ffe0","0125ffe0","012600f8","FUN_015ce480","015ce480","UNCONDITIONAL_CALL","true","false"
"FUN_0125ffe0","0125ffe0","012600fd","","Stack[-0x14]","WRITE","false","true"
"FUN_0125ffe0","0125ffe0","01260108","LAB_0126010c","0126010c","CONDITIONAL_JUMP","false","false"
"FUN_0125ffe0","0125ffe0","0126010d","u_[_%s_+_%d_]_01ae840c","01ae840c","DATA","false","true"
"FUN_0125ffe0","0125ffe0","01260113","FUN_01500f80","01500f80","UNCONDITIONAL_CALL","true","false"
"FUN_0125ffe0","0125ffe0","0126011b","LAB_01260b5d","01260b5d","UNCONDITIONAL_JUMP","false","false"
"FUN_0125ffe0","0125ffe0","01260128","switchD_01260074::caseD_13","01260b65","CONDITIONAL_JUMP","false","false"
"FUN_0125ffe0","0125ffe0","0126012e","switchD_01260135::switchdataD_01260ee0","01260ee0","DATA","false","true"
"FUN_0125ffe0","0125ffe0","01260135","switchD_01260074::caseD_2","0126013c","COMPUTED_JUMP","false","false"
"FUN_0125ffe0","0125ffe0","01260135","switchD_01260074::caseD_3","0126017d","COMPUTED_JUMP","false","false"
"FUN_0125ffe0","0125ffe0","01260135","switchD_01260074::caseD_4","012601c1","COMPUTED_JUMP","false","false"
"FUN_0125ffe0","0125ffe0","01260135","switchD_01260074::caseD_5","01260205","COMPUTED_JUMP","false","false"
"FUN_0125ffe0","0125ffe0","01260135","switchD_01260074::caseD_6","01260249","COMPUTED_JUMP","false","false"
"FUN_0125ffe0","0125ffe0","01260135","switchD_01260074::caseD_7","012602a6","COMPUTED_JUMP","false","false"
"FUN_0125ffe0","0125ffe0","01260135","switchD_01260074::caseD_8","012602f2","COMPUTED_JUMP","false","false"
"FUN_0125ffe0","0125ffe0","01260135","switchD_01260074::caseD_9","01260349","COMPUTED_JUMP","false","false"
"FUN_0125ffe0","0125ffe0","01260135","switchD_01260074::caseD_a","012603a0","COMPUTED_JUMP","false","false"
"FUN_0125ffe0","0125ffe0","01260135","switchD_01260074::caseD_b","012603ef","COMPUTED_JUMP","false","false"
"FUN_0125ffe0","0125ffe0","01260135","switchD_01260074::caseD_c","0126043e","COMPUTED_JUMP","false","false"
"FUN_0125ffe0","0125ffe0","01260135","switchD_01260074::caseD_d","01260482","COMPUTED_JUMP","false","false"
"FUN_0125ffe0","0125ffe0","01260135","switchD_01260074::caseD_e","012604d9","COMPUTED_JUMP","false","false"
"FUN_0125ffe0","0125ffe0","01260135","switchD_01260074::caseD_f","01260530","COMPUTED_JUMP","false","false"
"FUN_0125ffe0","0125ffe0","01260135","switchD_01260074::caseD_10","01260587","COMPUTED_JUMP","false","false"
"FUN_0125ffe0","0125ffe0","01260135","switchD_01260074::caseD_11","012605de","COMPUTED_JUMP","false","false"
"FUN_0125ffe0","0125ffe0","01260135","switchD_01260074::caseD_12","01260635","COMPUTED_JUMP","false","false"
"FUN_0125ffe0","0125ffe0","01260135","switchD_01260074::caseD_13","01260b65","COMPUTED_JUMP","false","false"
"FUN_0125ffe0","0125ffe0","01260135","switchD_01260074::caseD_65","0126068c","COMPUTED_JUMP","false","false"
"FUN_0125ffe0","0125ffe0","01260135","switchD_01260074::caseD_66","012606e3","COMPUTED_JUMP","false","false"
"FUN_0125ffe0","0125ffe0","01260135","switchD_01260074::caseD_67","0126073a","COMPUTED_JUMP","false","false"
"FUN_0125ffe0","0125ffe0","01260135","switchD_01260074::caseD_68","01260791","COMPUTED_JUMP","false","false"
"FUN_0125ffe0","0125ffe0","01260135","switchD_01260074::caseD_69","012607e8","COMPUTED_JUMP","false","false"
"FUN_0125ffe0","0125ffe0","01260135","switchD_01260074::caseD_6a","0126083f","COMPUTED_JUMP","false","false"
"FUN_0125ffe0","0125ffe0","01260135","switchD_01260074::caseD_6b","01260896","COMPUTED_JUMP","false","false"
"FUN_0125ffe0","0125ffe0","01260135","switchD_01260074::caseD_6c","012608ed","COMPUTED_JUMP","false","false"
"FUN_0125ffe0","0125ffe0","01260135","switchD_01260074::caseD_6d","01260944","COMPUTED_JUMP","false","false"
"FUN_0125ffe0","0125ffe0","01260135","switchD_01260074::caseD_6e","0126099b","COMPUTED_JUMP","false","false"
"FUN_0125ffe0","0125ffe0","01260135","switchD_01260074::caseD_6f","012609f2","COMPUTED_JUMP","false","false"
"FUN_0125ffe0","0125ffe0","01260135","switchD_01260074::caseD_70","01260a49","COMPUTED_JUMP","false","false"
"FUN_0125ffe0","0125ffe0","01260135","switchD_01260074::caseD_71","01260aa0","COMPUTED_JUMP","false","false"
"FUN_0125ffe0","0125ffe0","01260135","switchD_01260074::caseD_72","01260af4","COMPUTED_JUMP","false","false"
"FUN_0125ffe0","0125ffe0","01260135","switchD_01260135::switchdataD_01260e60","01260e60","DATA","false","true"
"FUN_0125ffe0","0125ffe0","0126013c","DAT_01bfb258","01bfb258","READ","false","true"
"FUN_0125ffe0","0125ffe0","0126014e","","Stack[-0x68]","DATA","false","true"
"FUN_0125ffe0","0125ffe0","01260151","s_COMMON_TXT_DEFENSE_01ae7d20","01ae7d20","DATA","false","true"
"FUN_0125ffe0","0125ffe0","01260156","","Stack[-0x58]","WRITE","false","true"
"FUN_0125ffe0","0125ffe0","0126015d","","Stack[-0x54]","WRITE","false","true"
"FUN_0125ffe0","0125ffe0","01260164","FUN_00f19cc0","00f19cc0","UNCONDITIONAL_CALL","true","false"
"FUN_0125ffe0","0125ffe0","01260169","","Stack[-0x40]","DATA","false","true"
"FUN_0125ffe0","0125ffe0","0126016f","FUN_015ce480","015ce480","UNCONDITIONAL_CALL","true","false"
"FUN_0125ffe0","0125ffe0","01260174","","Stack[-0x14]","WRITE","false","true"
"FUN_0125ffe0","0125ffe0","0126017b","LAB_01260104","01260104","UNCONDITIONAL_JUMP","false","false"
"FUN_0125ffe0","0125ffe0","0126017d","DAT_01bfb258","01bfb258","READ","false","true"
"FUN_0125ffe0","0125ffe0","0126018f","","Stack[-0x68]","DATA","false","true"
"FUN_0125ffe0","0125ffe0","01260192","s_COMMON_TXT_MAX_HP_01ae7d0c","01ae7d0c","DATA","false","true"
"FUN_0125ffe0","0125ffe0","01260197","","Stack[-0x58]","WRITE","false","true"
"FUN_0125ffe0","0125ffe0","0126019e","","Stack[-0x54]","WRITE","false","true"
"FUN_0125ffe0","0125ffe0","012601a5","FUN_00f19cc0","00f19cc0","UNCONDITIONAL_CALL","true","false"
"FUN_0125ffe0","0125ffe0","012601aa","","Stack[-0x40]","DATA","false","true"
"FUN_0125ffe0","0125ffe0","012601b0","FUN_015ce480","015ce480","UNCONDITIONAL_CALL","true","false"
"FUN_0125ffe0","0125ffe0","012601b5","","Stack[-0x14]","WRITE","false","true"
"FUN_0125ffe0","0125ffe0","012601bc","LAB_01260104","01260104","UNCONDITIONAL_JUMP","false","false"
"FUN_0125ffe0","0125ffe0","012601c1","DAT_01bfb258","01bfb258","READ","false","true"
"FUN_0125ffe0","0125ffe0","012601d3","","Stack[-0x68]","DATA","false","true"
"FUN_0125ffe0","0125ffe0","012601d6","s_COMMON_TXT_MAX_DS_01ae7d48","01ae7d48","DATA","false","true"
"FUN_0125ffe0","0125ffe0","012601db","","Stack[-0x58]","WRITE","false","true"
"FUN_0125ffe0","0125ffe0","012601e2","","Stack[-0x54]","WRITE","false","true"
"FUN_0125ffe0","0125ffe0","012601e9","FUN_00f19cc0","00f19cc0","UNCONDITIONAL_CALL","true","false"
"FUN_0125ffe0","0125ffe0","012601ee","","Stack[-0x40]","DATA","false","true"
"FUN_0125ffe0","0125ffe0","012601f4","FUN_015ce480","015ce480","UNCONDITIONAL_CALL","true","false"
"FUN_0125ffe0","0125ffe0","012601f9","","Stack[-0x14]","WRITE","false","true"
"FUN_0125ffe0","0125ffe0","01260200","LAB_01260104","01260104","UNCONDITIONAL_JUMP","false","false"
"FUN_0125ffe0","0125ffe0","01260205","DAT_01bfb258","01bfb258","READ","false","true"
"FUN_0125ffe0","0125ffe0","01260217","","Stack[-0x68]","DATA","false","true"
"FUN_0125ffe0","0125ffe0","0126021a","s_COMMON_TXT_SKILLAP_01ae7d34","01ae7d34","DATA","false","true"
"FUN_0125ffe0","0125ffe0","0126021f","","Stack[-0x58]","WRITE","false","true"
"FUN_0125ffe0","0125ffe0","01260226","","Stack[-0x54]","WRITE","false","true"
"FUN_0125ffe0","0125ffe0","0126022d","FUN_00f19cc0","00f19cc0","UNCONDITIONAL_CALL","true","false"
"FUN_0125ffe0","0125ffe0","01260232","","Stack[-0x40]","DATA","false","true"
"FUN_0125ffe0","0125ffe0","01260238","FUN_015ce480","015ce480","UNCONDITIONAL_CALL","true","false"
"FUN_0125ffe0","0125ffe0","0126023d","","Stack[-0x14]","WRITE","false","true"
"FUN_0125ffe0","0125ffe0","01260244","LAB_01260104","01260104","UNCONDITIONAL_JUMP","false","false"
"FUN_0125ffe0","0125ffe0","01260249","DAT_01bfb258","01bfb258","READ","false","true"
"FUN_0125ffe0","0125ffe0","0126025b","","Stack[-0x54]","WRITE","false","true"
"FUN_0125ffe0","0125ffe0","01260266","","Stack[-0x6c]","DATA","false","true"
"FUN_0125ffe0","0125ffe0","01260269","s_COMMON_TXT_ATTRIBUTEAP_01ae7d78","01ae7d78","DATA","false","true"
"FUN_0125ffe0","0125ffe0","0126026e","","Stack[-0x5c]","WRITE","false","true"
"FUN_0125ffe0","0125ffe0","01260275","","Stack[-0x58]","WRITE","false","true"
"FUN_0125ffe0","0125ffe0","0126027c","FUN_00f19cc0","00f19cc0","UNCONDITIONAL_CALL","true","false"
"FUN_0125ffe0","0125ffe0","01260281","","Stack[-0x40]","DATA","false","true"
"FUN_0125ffe0","0125ffe0","01260287","FUN_015ce480","015ce480","UNCONDITIONAL_CALL","true","false"
"FUN_0125ffe0","0125ffe0","0126028c","","Stack[-0x14]","WRITE","false","true"
"FUN_0125ffe0","0125ffe0","01260297","LAB_0126029b","0126029b","CONDITIONAL_JUMP","false","false"
"FUN_0125ffe0","0125ffe0","0126029c","u_[_%s_+_%.2f_]_01ae845c","01ae845c","DATA","false","true"
"FUN_0125ffe0","0125ffe0","012602a1","LAB_01260b54","01260b54","UNCONDITIONAL_JUMP","false","false"
"FUN_0125ffe0","0125ffe0","012602a6","DAT_01bfb258","01bfb258","READ","false","true"
"FUN_0125ffe0","0125ffe0","012602b8","","Stack[-0x54]","WRITE","false","true"
"FUN_0125ffe0","0125ffe0","012602c3","","Stack[-0x6c]","DATA","false","true"
"FUN_0125ffe0","0125ffe0","012602c6","s_COMMON_TXT_CRITICAL_01ae7d90","01ae7d90","DATA","false","true"
"FUN_0125ffe0","0125ffe0","012602cb","","Stack[-0x5c]","WRITE","false","true"
"FUN_0125ffe0","0125ffe0","012602d2","","Stack[-0x58]","WRITE","false","true"
"FUN_0125ffe0","0125ffe0","012602d9","FUN_00f19cc0","00f19cc0","UNCONDITIONAL_CALL","true","false"
"FUN_0125ffe0","0125ffe0","012602de","","Stack[-0x40]","DATA","false","true"
"FUN_0125ffe0","0125ffe0","012602e4","FUN_015ce480","015ce480","UNCONDITIONAL_CALL","true","false"
"FUN_0125ffe0","0125ffe0","012602e9","","Stack[-0x14]","WRITE","false","true"
"FUN_0125ffe0","0125ffe0","012602f0","LAB_01260293","01260293","UNCONDITIONAL_JUMP","false","false"
"FUN_0125ffe0","0125ffe0","012602f2","DAT_01b02970","01b02970","READ","false","true"
"FUN_0125ffe0","0125ffe0","012602fa","DAT_01bfb258","01bfb258","READ","false","true"
"FUN_0125ffe0","0125ffe0","0126030c","","Stack[-0x54]","WRITE","false","true"
"FUN_0125ffe0","0125ffe0","01260317","","Stack[-0x6c]","DATA","false","true"
"FUN_0125ffe0","0125ffe0","0126031a","s_COMMON_TXT_CRITICAL_DAMAGE_01ae7de0","01ae7de0","DATA","false","true"
"FUN_0125ffe0","0125ffe0","0126031f","","Stack[-0x5c]","WRITE","false","true"
"FUN_0125ffe0","0125ffe0","01260326","","Stack[-0x58]","WRITE","false","true"
"FUN_0125ffe0","0125ffe0","0126032d","FUN_00f19cc0","00f19cc0","UNCONDITIONAL_CALL","true","false"
"FUN_0125ffe0","0125ffe0","01260332","","Stack[-0x40]","DATA","false","true"
"FUN_0125ffe0","0125ffe0","01260338","FUN_015ce480","015ce480","UNCONDITIONAL_CALL","true","false"
"FUN_0125ffe0","0125ffe0","0126033d","","Stack[-0x14]","WRITE","false","true"
"FUN_0125ffe0","0125ffe0","01260344","LAB_01260b46","01260b46","UNCONDITIONAL_JUMP","false","false"
"FUN_0125ffe0","0125ffe0","01260349","DAT_01b02970","01b02970","READ","false","true"
"FUN_0125ffe0","0125ffe0","01260351","DAT_01bfb258","01bfb258","READ","false","true"
"FUN_0125ffe0","0125ffe0","01260363","","Stack[-0x54]","WRITE","false","true"
"FUN_0125ffe0","0125ffe0","0126036e","","Stack[-0x6c]","DATA","false","true"
"FUN_0125ffe0","0125ffe0","01260371","s_COMMON_TXT_ATTACK_SPEED_01ac5194","01ac5194","DATA","false","true"
"FUN_0125ffe0","0125ffe0","01260376","","Stack[-0x5c]","WRITE","false","true"
"FUN_0125ffe0","0125ffe0","0126037d","","Stack[-0x58]","WRITE","false","true"
"FUN_0125ffe0","0125ffe0","01260384","FUN_00f19cc0","00f19cc0","UNCONDITIONAL_CALL","true","false"
"FUN_0125ffe0","0125ffe0","01260389","","Stack[-0x40]","DATA","false","true"
"FUN_0125ffe0","0125ffe0","0126038f","FUN_015ce480","015ce480","UNCONDITIONAL_CALL","true","false"
"FUN_0125ffe0","0125ffe0","01260394","","Stack[-0x14]","WRITE","false","true"
"FUN_0125ffe0","0125ffe0","0126039b","LAB_01260b46","01260b46","UNCONDITIONAL_JUMP","false","false"
"FUN_0125ffe0","0125ffe0","012603a0","DAT_01bfb258","01bfb258","READ","false","true"
"FUN_0125ffe0","0125ffe0","012603b2","","Stack[-0x54]","WRITE","false","true"
"FUN_0125ffe0","0125ffe0","012603bd","","Stack[-0x6c]","DATA","false","true"
"FUN_0125ffe0","0125ffe0","012603c0","s_COMMON_TXT_AVOID_01ae7dfc","01ae7dfc","DATA","false","true"
"FUN_0125ffe0","0125ffe0","012603c5","","Stack[-0x5c]","WRITE","false","true"
"FUN_0125ffe0","0125ffe0","012603cc","","Stack[-0x58]","WRITE","false","true"
"FUN_0125ffe0","0125ffe0","012603d3","FUN_00f19cc0","00f19cc0","UNCONDITIONAL_CALL","true","false"
"FUN_0125ffe0","0125ffe0","012603d8","","Stack[-0x40]","DATA","false","true"
"FUN_0125ffe0","0125ffe0","012603de","FUN_015ce480","015ce480","UNCONDITIONAL_CALL","true","false"
"FUN_0125ffe0","0125ffe0","012603e3","","Stack[-0x14]","WRITE","false","true"
"FUN_0125ffe0","0125ffe0","012603ea","LAB_01260293","01260293","UNCONDITIONAL_JUMP","false","false"
"FUN_0125ffe0","0125ffe0","012603ef","DAT_01bfb258","01bfb258","READ","false","true"
"FUN_0125ffe0","0125ffe0","01260401","","Stack[-0x54]","WRITE","false","true"
"FUN_0125ffe0","0125ffe0","0126040c","","Stack[-0x6c]","DATA","false","true"
"FUN_0125ffe0","0125ffe0","0126040f","s_COMMON_TXT_BLOCK_01ac523c","01ac523c","DATA","false","true"
"FUN_0125ffe0","0125ffe0","01260414","","Stack[-0x5c]","WRITE","false","true"
"FUN_0125ffe0","0125ffe0","0126041b","","Stack[-0x58]","WRITE","false","true"
"FUN_0125ffe0","0125ffe0","01260422","FUN_00f19cc0","00f19cc0","UNCONDITIONAL_CALL","true","false"
"FUN_0125ffe0","0125ffe0","01260427","","Stack[-0x40]","DATA","false","true"
"FUN_0125ffe0","0125ffe0","0126042d","FUN_015ce480","015ce480","UNCONDITIONAL_CALL","true","false"
"FUN_0125ffe0","0125ffe0","01260432","","Stack[-0x14]","WRITE","false","true"
"FUN_0125ffe0","0125ffe0","01260439","LAB_01260293","01260293","UNCONDITIONAL_JUMP","false","false"
"FUN_0125ffe0","0125ffe0","0126043e","DAT_01bfb258","01bfb258","READ","false","true"
"FUN_0125ffe0","0125ffe0","01260450","","Stack[-0x68]","DATA","false","true"
"FUN_0125ffe0","0125ffe0","01260453","s_COMMON_TXT_HIT_RATE_01ae7e48","01ae7e48","DATA","false","true"
"FUN_0125ffe0","0125ffe0","01260458","","Stack[-0x58]","WRITE","false","true"
"FUN_0125ffe0","0125ffe0","0126045f","","Stack[-0x54]","WRITE","false","true"
"FUN_0125ffe0","0125ffe0","01260466","FUN_00f19cc0","00f19cc0","UNCONDITIONAL_CALL","true","false"
"FUN_0125ffe0","0125ffe0","0126046b","","Stack[-0x40]","DATA","false","true"
"FUN_0125ffe0","0125ffe0","01260471","FUN_015ce480","015ce480","UNCONDITIONAL_CALL","true","false"
"FUN_0125ffe0","0125ffe0","01260476","","Stack[-0x14]","WRITE","false","true"
"FUN_0125ffe0","0125ffe0","0126047d","LAB_01260104","01260104","UNCONDITIONAL_JUMP","false","false"
"FUN_0125ffe0","0125ffe0","01260482","DAT_01b02970","01b02970","READ","false","true"
"FUN_0125ffe0","0125ffe0","0126048a","DAT_01bfb258","01bfb258","READ","false","true"
"FUN_0125ffe0","0125ffe0","0126049c","","Stack[-0x54]","WRITE","false","true"
"FUN_0125ffe0","0125ffe0","012604a7","","Stack[-0x6c]","DATA","false","true"
"FUN_0125ffe0","0125ffe0","012604aa","s_COMMON_TXT_AP_RATIO_01ae7e34","01ae7e34","DATA","false","true"
"FUN_0125ffe0","0125ffe0","012604af","","Stack[-0x5c]","WRITE","false","true"
"FUN_0125ffe0","0125ffe0","012604b6","","Stack[-0x58]","WRITE","false","true"
"FUN_0125ffe0","0125ffe0","012604bd","FUN_00f19cc0","00f19cc0","UNCONDITIONAL_CALL","true","false"
"FUN_0125ffe0","0125ffe0","012604c2","","Stack[-0x40]","DATA","false","true"
"FUN_0125ffe0","0125ffe0","012604c8","FUN_015ce480","015ce480","UNCONDITIONAL_CALL","true","false"
"FUN_0125ffe0","0125ffe0","012604cd","","Stack[-0x14]","WRITE","false","true"
"FUN_0125ffe0","0125ffe0","012604d4","LAB_01260b46","01260b46","UNCONDITIONAL_JUMP","false","false"
"FUN_0125ffe0","0125ffe0","012604d9","DAT_01b02970","01b02970","READ","false","true"
"FUN_0125ffe0","0125ffe0","012604e1","DAT_01bfb258","01bfb258","READ","false","true"
"FUN_0125ffe0","0125ffe0","012604f3","","Stack[-0x54]","WRITE","false","true"
"FUN_0125ffe0","0125ffe0","012604fe","","Stack[-0x6c]","DATA","false","true"
"FUN_0125ffe0","0125ffe0","01260501","s_COMMON_TXT_DP_RATIO_01ae7e5c","01ae7e5c","DATA","false","true"
"FUN_0125ffe0","0125ffe0","01260506","","Stack[-0x5c]","WRITE","false","true"
"FUN_0125ffe0","0125ffe0","0126050d","","Stack[-0x58]","WRITE","false","true"
"FUN_0125ffe0","0125ffe0","01260514","FUN_00f19cc0","00f19cc0","UNCONDITIONAL_CALL","true","false"
"FUN_0125ffe0","0125ffe0","01260519","","Stack[-0x40]","DATA","false","true"
"FUN_0125ffe0","0125ffe0","0126051f","FUN_015ce480","015ce480","UNCONDITIONAL_CALL","true","false"
"FUN_0125ffe0","0125ffe0","01260524","","Stack[-0x14]","WRITE","false","true"
"FUN_0125ffe0","0125ffe0","0126052b","LAB_01260b46","01260b46","UNCONDITIONAL_JUMP","false","false"
"FUN_0125ffe0","0125ffe0","01260530","DAT_01b02970","01b02970","READ","false","true"
"FUN_0125ffe0","0125ffe0","01260538","DAT_01bfb258","01bfb258","READ","false","true"
"FUN_0125ffe0","0125ffe0","0126054a","","Stack[-0x54]","WRITE","false","true"
"FUN_0125ffe0","0125ffe0","01260555","","Stack[-0x6c]","DATA","false","true"
"FUN_0125ffe0","0125ffe0","01260558","s_COMMON_TXT_MAX_HP_RATIO_01ae7ea8","01ae7ea8","DATA","false","true"
"FUN_0125ffe0","0125ffe0","0126055d","","Stack[-0x5c]","WRITE","false","true"
"FUN_0125ffe0","0125ffe0","01260564","","Stack[-0x58]","WRITE","false","true"
"FUN_0125ffe0","0125ffe0","0126056b","FUN_00f19cc0","00f19cc0","UNCONDITIONAL_CALL","true","false"
"FUN_0125ffe0","0125ffe0","01260570","","Stack[-0x40]","DATA","false","true"
"FUN_0125ffe0","0125ffe0","01260576","FUN_015ce480","015ce480","UNCONDITIONAL_CALL","true","false"
"FUN_0125ffe0","0125ffe0","0126057b","","Stack[-0x14]","WRITE","false","true"
"FUN_0125ffe0","0125ffe0","01260582","LAB_01260b46","01260b46","UNCONDITIONAL_JUMP","false","false"
"FUN_0125ffe0","0125ffe0","01260587","DAT_01b02970","01b02970","READ","false","true"
"FUN_0125ffe0","0125ffe0","0126058f","DAT_01bfb258","01bfb258","READ","false","true"
"FUN_0125ffe0","0125ffe0","012605a1","","Stack[-0x54]","WRITE","false","true"
"FUN_0125ffe0","0125ffe0","012605ac","","Stack[-0x6c]","DATA","false","true"
"FUN_0125ffe0","0125ffe0","012605af","s_COMMON_TXT_MAX_DS_RATIO_01ae7e90","01ae7e90","DATA","false","true"
"FUN_0125ffe0","0125ffe0","012605b4","","Stack[-0x5c]","WRITE","false","true"
"FUN_0125ffe0","0125ffe0","012605bb","","Stack[-0x58]","WRITE","false","true"
"FUN_0125ffe0","0125ffe0","012605c2","FUN_00f19cc0","00f19cc0","UNCONDITIONAL_CALL","true","false"
"FUN_0125ffe0","0125ffe0","012605c7","","Stack[-0x40]","DATA","false","true"
"FUN_0125ffe0","0125ffe0","012605cd","FUN_015ce480","015ce480","UNCONDITIONAL_CALL","true","false"
"FUN_0125ffe0","0125ffe0","012605d2","","Stack[-0x14]","WRITE","false","true"
"FUN_0125ffe0","0125ffe0","012605d9","LAB_01260b46","01260b46","UNCONDITIONAL_JUMP","false","false"
"FUN_0125ffe0","0125ffe0","012605de","DAT_01b02970","01b02970","READ","false","true"
"FUN_0125ffe0","0125ffe0","012605e6","DAT_01bfb258","01bfb258","READ","false","true"
"FUN_0125ffe0","0125ffe0","012605f8","","Stack[-0x54]","WRITE","false","true"
"FUN_0125ffe0","0125ffe0","01260603","","Stack[-0x6c]","DATA","false","true"
"FUN_0125ffe0","0125ffe0","01260606","s_COMMON_TXT_SKILL_AP_RATIO_01ae7edc","01ae7edc","DATA","false","true"
"FUN_0125ffe0","0125ffe0","0126060b","","Stack[-0x5c]","WRITE","false","true"
"FUN_0125ffe0","0125ffe0","01260612","","Stack[-0x58]","WRITE","false","true"
"FUN_0125ffe0","0125ffe0","01260619","FUN_00f19cc0","00f19cc0","UNCONDITIONAL_CALL","true","false"
"FUN_0125ffe0","0125ffe0","0126061e","","Stack[-0x40]","DATA","false","true"
"FUN_0125ffe0","0125ffe0","01260624","FUN_015ce480","015ce480","UNCONDITIONAL_CALL","true","false"
"FUN_0125ffe0","0125ffe0","01260629","","Stack[-0x14]","WRITE","false","true"
"FUN_0125ffe0","0125ffe0","01260630","LAB_01260b46","01260b46","UNCONDITIONAL_JUMP","false","false"
"FUN_0125ffe0","0125ffe0","01260635","DAT_01b02970","01b02970","READ","false","true"
"FUN_0125ffe0","0125ffe0","0126063d","DAT_01bfb258","01bfb258","READ","false","true"
"FUN_0125ffe0","0125ffe0","0126064f","","Stack[-0x54]","WRITE","false","true"
"FUN_0125ffe0","0125ffe0","0126065a","","Stack[-0x6c]","DATA","false","true"
"FUN_0125ffe0","0125ffe0","0126065d","s_COMMON_TXT_FINAL_AP_RATIO_01ae7ec0","01ae7ec0","DATA","false","true"
"FUN_0125ffe0","0125ffe0","01260662","","Stack[-0x5c]","WRITE","false","true"
"FUN_0125ffe0","0125ffe0","01260669","","Stack[-0x58]","WRITE","false","true"
"FUN_0125ffe0","0125ffe0","01260670","FUN_00f19cc0","00f19cc0","UNCONDITIONAL_CALL","true","false"
"FUN_0125ffe0","0125ffe0","01260675","","Stack[-0x40]","DATA","false","true"
"FUN_0125ffe0","0125ffe0","0126067b","FUN_015ce480","015ce480","UNCONDITIONAL_CALL","true","false"
"FUN_0125ffe0","0125ffe0","01260680","","Stack[-0x14]","WRITE","false","true"
"FUN_0125ffe0","0125ffe0","01260687","LAB_01260b46","01260b46","UNCONDITIONAL_JUMP","false","false"
"FUN_0125ffe0","0125ffe0","0126068c","DAT_01b02970","01b02970","READ","false","true"
"FUN_0125ffe0","0125ffe0","01260694","DAT_01bfb258","01bfb258","READ","false","true"
"FUN_0125ffe0","0125ffe0","012606a6","","Stack[-0x54]","WRITE","false","true"
"FUN_0125ffe0","0125ffe0","012606b1","","Stack[-0x6c]","DATA","false","true"
"FUN_0125ffe0","0125ffe0","012606b4","s_COMMON_TXT_DATA_ATTRIBUTE_DAMAGE_01ac5900","01ac5900","DATA","false","true"
"FUN_0125ffe0","0125ffe0","012606b9","","Stack[-0x5c]","WRITE","false","true"
"FUN_0125ffe0","0125ffe0","012606c0","","Stack[-0x58]","WRITE","false","true"
"FUN_0125ffe0","0125ffe0","012606c7","FUN_00f19cc0","00f19cc0","UNCONDITIONAL_CALL","true","false"
"FUN_0125ffe0","0125ffe0","012606cc","","Stack[-0x40]","DATA","false","true"
"FUN_0125ffe0","0125ffe0","012606d2","FUN_015ce480","015ce480","UNCONDITIONAL_CALL","true","false"
"FUN_0125ffe0","0125ffe0","012606d7","","Stack[-0x14]","WRITE","false","true"
"FUN_0125ffe0","0125ffe0","012606de","LAB_01260b46","01260b46","UNCONDITIONAL_JUMP","false","false"
"FUN_0125ffe0","0125ffe0","012606e3","DAT_01b02970","01b02970","READ","false","true"
"FUN_0125ffe0","0125ffe0","012606eb","DAT_01bfb258","01bfb258","READ","false","true"
"FUN_0125ffe0","0125ffe0","012606fd","","Stack[-0x54]","WRITE","false","true"
"FUN_0125ffe0","0125ffe0","01260708","","Stack[-0x6c]","DATA","false","true"
"FUN_0125ffe0","0125ffe0","0126070b","s_COMMON_TXT_VACCINE_ATTRIBUTE_DAM_01ac5924","01ac5924","DATA","false","true"
"FUN_0125ffe0","0125ffe0","01260710","","Stack[-0x5c]","WRITE","false","true"
"FUN_0125ffe0","0125ffe0","01260717","","Stack[-0x58]","WRITE","false","true"
"FUN_0125ffe0","0125ffe0","0126071e","FUN_00f19cc0","00f19cc0","UNCONDITIONAL_CALL","true","false"
"FUN_0125ffe0","0125ffe0","01260723","","Stack[-0x40]","DATA","false","true"
"FUN_0125ffe0","0125ffe0","01260729","FUN_015ce480","015ce480","UNCONDITIONAL_CALL","true","false"
"FUN_0125ffe0","0125ffe0","0126072e","","Stack[-0x14]","WRITE","false","true"
"FUN_0125ffe0","0125ffe0","01260735","LAB_01260b46","01260b46","UNCONDITIONAL_JUMP","false","false"
"FUN_0125ffe0","0125ffe0","0126073a","DAT_01b02970","01b02970","READ","false","true"
"FUN_0125ffe0","0125ffe0","01260742","DAT_01bfb258","01bfb258","READ","false","true"
"FUN_0125ffe0","0125ffe0","01260754","","Stack[-0x54]","WRITE","false","true"
"FUN_0125ffe0","0125ffe0","0126075f","","Stack[-0x6c]","DATA","false","true"
"FUN_0125ffe0","0125ffe0","01260762","s_COMMON_TXT_VIRUS_ATTRIBUTE_DAMAG_01ac5948","01ac5948","DATA","false","true"
"FUN_0125ffe0","0125ffe0","01260767","","Stack[-0x5c]","WRITE","false","true"
"FUN_0125ffe0","0125ffe0","0126076e","","Stack[-0x58]","WRITE","false","true"
"FUN_0125ffe0","0125ffe0","01260775","FUN_00f19cc0","00f19cc0","UNCONDITIONAL_CALL","true","false"
"FUN_0125ffe0","0125ffe0","0126077a","","Stack[-0x40]","DATA","false","true"
"FUN_0125ffe0","0125ffe0","01260780","FUN_015ce480","015ce480","UNCONDITIONAL_CALL","true","false"
"FUN_0125ffe0","0125ffe0","01260785","","Stack[-0x14]","WRITE","false","true"
"FUN_0125ffe0","0125ffe0","0126078c","LAB_01260b46","01260b46","UNCONDITIONAL_JUMP","false","false"
"FUN_0125ffe0","0125ffe0","01260791","DAT_01b02970","01b02970","READ","false","true"
"FUN_0125ffe0","0125ffe0","01260799","DAT_01bfb258","01bfb258","READ","false","true"
"FUN_0125ffe0","0125ffe0","012607ab","","Stack[-0x54]","WRITE","false","true"
"FUN_0125ffe0","0125ffe0","012607b6","","Stack[-0x6c]","DATA","false","true"
"FUN_0125ffe0","0125ffe0","012607b9","s_COMMON_TXT_UNKNOWN_ATTRIBUTE_DAM_01ac596c","01ac596c","DATA","false","true"
"FUN_0125ffe0","0125ffe0","012607be","","Stack[-0x5c]","WRITE","false","true"
"FUN_0125ffe0","0125ffe0","012607c5","","Stack[-0x58]","WRITE","false","true"
"FUN_0125ffe0","0125ffe0","012607cc","FUN_00f19cc0","00f19cc0","UNCONDITIONAL_CALL","true","false"
"FUN_0125ffe0","0125ffe0","012607d1","","Stack[-0x40]","DATA","false","true"
"FUN_0125ffe0","0125ffe0","012607d7","FUN_015ce480","015ce480","UNCONDITIONAL_CALL","true","false"
"FUN_0125ffe0","0125ffe0","012607dc","","Stack[-0x14]","WRITE","false","true"
"FUN_0125ffe0","0125ffe0","012607e3","LAB_01260b46","01260b46","UNCONDITIONAL_JUMP","false","false"
"FUN_0125ffe0","0125ffe0","012607e8","DAT_01b02970","01b02970","READ","false","true"
"FUN_0125ffe0","0125ffe0","012607f0","DAT_01bfb258","01bfb258","READ","false","true"
"FUN_0125ffe0","0125ffe0","01260802","","Stack[-0x54]","WRITE","false","true"
"FUN_0125ffe0","0125ffe0","0126080d","","Stack[-0x6c]","DATA","false","true"
"FUN_0125ffe0","0125ffe0","01260810","s_COMMON_TXT_ICE_ATTRIBUTE_DAMAGE_01ac577c","01ac577c","DATA","false","true"
"FUN_0125ffe0","0125ffe0","01260815","","Stack[-0x5c]","WRITE","false","true"
"FUN_0125ffe0","0125ffe0","0126081c","","Stack[-0x58]","WRITE","false","true"
"FUN_0125ffe0","0125ffe0","01260823","FUN_00f19cc0","00f19cc0","UNCONDITIONAL_CALL","true","false"
"FUN_0125ffe0","0125ffe0","01260828","","Stack[-0x40]","DATA","false","true"
"FUN_0125ffe0","0125ffe0","0126082e","FUN_015ce480","015ce480","UNCONDITIONAL_CALL","true","false"
"FUN_0125ffe0","0125ffe0","01260833","","Stack[-0x14]","WRITE","false","true"
"FUN_0125ffe0","0125ffe0","0126083a","LAB_01260b46","01260b46","UNCONDITIONAL_JUMP","false","false"
"FUN_0125ffe0","0125ffe0","0126083f","DAT_01b02970","01b02970","READ","false","true"
"FUN_0125ffe0","0125ffe0","01260847","DAT_01bfb258","01bfb258","READ","false","true"
"FUN_0125ffe0","0125ffe0","01260859","","Stack[-0x54]","WRITE","false","true"
"FUN_0125ffe0","0125ffe0","01260864","","Stack[-0x6c]","DATA","false","true"
"FUN_0125ffe0","0125ffe0","01260867","s_COMMON_TXT_WATER_ATTRIBUTE_DAMAG_01ac579c","01ac579c","DATA","false","true"
"FUN_0125ffe0","0125ffe0","0126086c","","Stack[-0x5c]","WRITE","false","true"
"FUN_0125ffe0","0125ffe0","01260873","","Stack[-0x58]","WRITE","false","true"
"FUN_0125ffe0","0125ffe0","0126087a","FUN_00f19cc0","00f19cc0","UNCONDITIONAL_CALL","true","false"
"FUN_0125ffe0","0125ffe0","0126087f","","Stack[-0x40]","DATA","false","true"
"FUN_0125ffe0","0125ffe0","01260885","FUN_015ce480","015ce480","UNCONDITIONAL_CALL","true","false"
"FUN_0125ffe0","0125ffe0","0126088a","","Stack[-0x14]","WRITE","false","true"
"FUN_0125ffe0","0125ffe0","01260891","LAB_01260b46","01260b46","UNCONDITIONAL_JUMP","false","false"
"FUN_0125ffe0","0125ffe0","01260896","DAT_01b02970","01b02970","READ","false","true"
"FUN_0125ffe0","0125ffe0","0126089e","DAT_01bfb258","01bfb258","READ","false","true"
"FUN_0125ffe0","0125ffe0","012608b0","","Stack[-0x54]","WRITE","false","true"
"FUN_0125ffe0","0125ffe0","012608bb","","Stack[-0x6c]","DATA","false","true"
"FUN_0125ffe0","0125ffe0","012608be","s_COMMON_TXT_FIRE_ATTRIBUTE_DAMAGE_01ac57c0","01ac57c0","DATA","false","true"
"FUN_0125ffe0","0125ffe0","012608c3","","Stack[-0x5c]","WRITE","false","true"
"FUN_0125ffe0","0125ffe0","012608ca","","Stack[-0x58]","WRITE","false","true"
"FUN_0125ffe0","0125ffe0","012608d1","FUN_00f19cc0","00f19cc0","UNCONDITIONAL_CALL","true","false"
"FUN_0125ffe0","0125ffe0","012608d6","","Stack[-0x40]","DATA","false","true"
"FUN_0125ffe0","0125ffe0","012608dc","FUN_015ce480","015ce480","UNCONDITIONAL_CALL","true","false"
"FUN_0125ffe0","0125ffe0","012608e1","","Stack[-0x14]","WRITE","false","true"
"FUN_0125ffe0","0125ffe0","012608e8","LAB_01260b46","01260b46","UNCONDITIONAL_JUMP","false","false"
"FUN_0125ffe0","0125ffe0","012608ed","DAT_01b02970","01b02970","READ","false","true"
"FUN_0125ffe0","0125ffe0","012608f5","DAT_01bfb258","01bfb258","READ","false","true"
"FUN_0125ffe0","0125ffe0","01260907","","Stack[-0x54]","WRITE","false","true"
"FUN_0125ffe0","0125ffe0","01260912","","Stack[-0x6c]","DATA","false","true"
"FUN_0125ffe0","0125ffe0","01260915","s_COMMON_TXT_EARTH_ATTRIBUTE_DAMAG_01ac57e4","01ac57e4","DATA","false","true"
"FUN_0125ffe0","0125ffe0","0126091a","","Stack[-0x5c]","WRITE","false","true"
"FUN_0125ffe0","0125ffe0","01260921","","Stack[-0x58]","WRITE","false","true"
"FUN_0125ffe0","0125ffe0","01260928","FUN_00f19cc0","00f19cc0","UNCONDITIONAL_CALL","true","false"
"FUN_0125ffe0","0125ffe0","0126092d","","Stack[-0x40]","DATA","false","true"
"FUN_0125ffe0","0125ffe0","01260933","FUN_015ce480","015ce480","UNCONDITIONAL_CALL","true","false"
"FUN_0125ffe0","0125ffe0","01260938","","Stack[-0x14]","WRITE","false","true"
"FUN_0125ffe0","0125ffe0","0126093f","LAB_01260b46","01260b46","UNCONDITIONAL_JUMP","false","false"
"FUN_0125ffe0","0125ffe0","01260944","DAT_01b02970","01b02970","READ","false","true"
"FUN_0125ffe0","0125ffe0","0126094c","DAT_01bfb258","01bfb258","READ","false","true"
"FUN_0125ffe0","0125ffe0","0126095e","","Stack[-0x54]","WRITE","false","true"
"FUN_0125ffe0","0125ffe0","01260969","","Stack[-0x6c]","DATA","false","true"
"FUN_0125ffe0","0125ffe0","0126096c","s_COMMON_TXT_WIND_ATTRIBUTE_DAMAGE_01ac5808","01ac5808","DATA","false","true"
"FUN_0125ffe0","0125ffe0","01260971","","Stack[-0x5c]","WRITE","false","true"
"FUN_0125ffe0","0125ffe0","01260978","","Stack[-0x58]","WRITE","false","true"
"FUN_0125ffe0","0125ffe0","0126097f","FUN_00f19cc0","00f19cc0","UNCONDITIONAL_CALL","true","false"
"FUN_0125ffe0","0125ffe0","01260984","","Stack[-0x40]","DATA","false","true"
"FUN_0125ffe0","0125ffe0","0126098a","FUN_015ce480","015ce480","UNCONDITIONAL_CALL","true","false"
"FUN_0125ffe0","0125ffe0","0126098f","","Stack[-0x14]","WRITE","false","true"
"FUN_0125ffe0","0125ffe0","01260996","LAB_01260b46","01260b46","UNCONDITIONAL_JUMP","false","false"
"FUN_0125ffe0","0125ffe0","0126099b","DAT_01b02970","01b02970","READ","false","true"
"FUN_0125ffe0","0125ffe0","012609a3","DAT_01bfb258","01bfb258","READ","false","true"
"FUN_0125ffe0","0125ffe0","012609b5","","Stack[-0x54]","WRITE","false","true"
"FUN_0125ffe0","0125ffe0","012609c0","","Stack[-0x6c]","DATA","false","true"
"FUN_0125ffe0","0125ffe0","012609c3","s_COMMON_TXT_WOOD_ATTRIBUTE_DAMAGE_01ac582c","01ac582c","DATA","false","true"
"FUN_0125ffe0","0125ffe0","012609c8","","Stack[-0x5c]","WRITE","false","true"
"FUN_0125ffe0","0125ffe0","012609cf","","Stack[-0x58]","WRITE","false","true"
"FUN_0125ffe0","0125ffe0","012609d6","FUN_00f19cc0","00f19cc0","UNCONDITIONAL_CALL","true","false"
"FUN_0125ffe0","0125ffe0","012609db","","Stack[-0x40]","DATA","false","true"
"FUN_0125ffe0","0125ffe0","012609e1","FUN_015ce480","015ce480","UNCONDITIONAL_CALL","true","false"
"FUN_0125ffe0","0125ffe0","012609e6","","Stack[-0x14]","WRITE","false","true"
"FUN_0125ffe0","0125ffe0","012609ed","LAB_01260b46","01260b46","UNCONDITIONAL_JUMP","false","false"
"FUN_0125ffe0","0125ffe0","012609f2","DAT_01b02970","01b02970","READ","false","true"
"FUN_0125ffe0","0125ffe0","012609fa","DAT_01bfb258","01bfb258","READ","false","true"
"FUN_0125ffe0","0125ffe0","01260a0c","","Stack[-0x54]","WRITE","false","true"
"FUN_0125ffe0","0125ffe0","01260a17","","Stack[-0x6c]","DATA","false","true"
"FUN_0125ffe0","0125ffe0","01260a1a","s_COMMON_TXT_LIGHT_ATTRIBUTE_DAMAG_01ac5850","01ac5850","DATA","false","true"
"FUN_0125ffe0","0125ffe0","01260a1f","","Stack[-0x5c]","WRITE","false","true"
"FUN_0125ffe0","0125ffe0","01260a26","","Stack[-0x58]","WRITE","false","true"
"FUN_0125ffe0","0125ffe0","01260a2d","FUN_00f19cc0","00f19cc0","UNCONDITIONAL_CALL","true","false"
"FUN_0125ffe0","0125ffe0","01260a32","","Stack[-0x40]","DATA","false","true"
"FUN_0125ffe0","0125ffe0","01260a38","FUN_015ce480","015ce480","UNCONDITIONAL_CALL","true","false"
"FUN_0125ffe0","0125ffe0","01260a3d","","Stack[-0x14]","WRITE","false","true"
"FUN_0125ffe0","0125ffe0","01260a44","LAB_01260b46","01260b46","UNCONDITIONAL_JUMP","false","false"
"FUN_0125ffe0","0125ffe0","01260a49","DAT_01b02970","01b02970","READ","false","true"
"FUN_0125ffe0","0125ffe0","01260a51","DAT_01bfb258","01bfb258","READ","false","true"
"FUN_0125ffe0","0125ffe0","01260a63","","Stack[-0x54]","WRITE","false","true"
"FUN_0125ffe0","0125ffe0","01260a6e","","Stack[-0x6c]","DATA","false","true"
"FUN_0125ffe0","0125ffe0","01260a71","s_COMMON_TXT_DARKNESS_ATTRIBUTE_DA_01ac5874","01ac5874","DATA","false","true"
"FUN_0125ffe0","0125ffe0","01260a76","","Stack[-0x5c]","WRITE","false","true"
"FUN_0125ffe0","0125ffe0","01260a7d","","Stack[-0x58]","WRITE","false","true"
"FUN_0125ffe0","0125ffe0","01260a84","FUN_00f19cc0","00f19cc0","UNCONDITIONAL_CALL","true","false"
"FUN_0125ffe0","0125ffe0","01260a89","","Stack[-0x40]","DATA","false","true"
"FUN_0125ffe0","0125ffe0","01260a8f","FUN_015ce480","015ce480","UNCONDITIONAL_CALL","true","false"
"FUN_0125ffe0","0125ffe0","01260a94","","Stack[-0x14]","WRITE","false","true"
"FUN_0125ffe0","0125ffe0","01260a9b","LAB_01260b46","01260b46","UNCONDITIONAL_JUMP","false","false"
"FUN_0125ffe0","0125ffe0","01260aa0","DAT_01b02970","01b02970","READ","false","true"
"FUN_0125ffe0","0125ffe0","01260aa8","DAT_01bfb258","01bfb258","READ","false","true"
"FUN_0125ffe0","0125ffe0","01260aba","","Stack[-0x54]","WRITE","false","true"
"FUN_0125ffe0","0125ffe0","01260ac5","","Stack[-0x6c]","DATA","false","true"
"FUN_0125ffe0","0125ffe0","01260ac8","s_COMMON_TXT_THUNDER_ATTRIBUTE_DAM_01ac589c","01ac589c","DATA","false","true"
"FUN_0125ffe0","0125ffe0","01260acd","","Stack[-0x5c]","WRITE","false","true"
"FUN_0125ffe0","0125ffe0","01260ad4","","Stack[-0x58]","WRITE","false","true"
"FUN_0125ffe0","0125ffe0","01260adb","FUN_00f19cc0","00f19cc0","UNCONDITIONAL_CALL","true","false"
"FUN_0125ffe0","0125ffe0","01260ae0","","Stack[-0x40]","DATA","false","true"
"FUN_0125ffe0","0125ffe0","01260ae6","FUN_015ce480","015ce480","UNCONDITIONAL_CALL","true","false"
"FUN_0125ffe0","0125ffe0","01260aeb","","Stack[-0x14]","WRITE","false","true"
"FUN_0125ffe0","0125ffe0","01260af2","LAB_01260b46","01260b46","UNCONDITIONAL_JUMP","false","false"
"FUN_0125ffe0","0125ffe0","01260af4","DAT_01b02970","01b02970","READ","false","true"
"FUN_0125ffe0","0125ffe0","01260afc","DAT_01bfb258","01bfb258","READ","false","true"
"FUN_0125ffe0","0125ffe0","01260b0e","","Stack[-0x54]","WRITE","false","true"
"FUN_0125ffe0","0125ffe0","01260b19","","Stack[-0x6c]","DATA","false","true"
"FUN_0125ffe0","0125ffe0","01260b1c","s_COMMON_TXT_STEEL_ATTRIBUTE_DAMAG_01ac58c0","01ac58c0","DATA","false","true"
"FUN_0125ffe0","0125ffe0","01260b21","","Stack[-0x5c]","WRITE","false","true"
"FUN_0125ffe0","0125ffe0","01260b28","","Stack[-0x58]","WRITE","false","true"
"FUN_0125ffe0","0125ffe0","01260b2f","FUN_00f19cc0","00f19cc0","UNCONDITIONAL_CALL","true","false"
"FUN_0125ffe0","0125ffe0","01260b34","","Stack[-0x40]","DATA","false","true"
"FUN_0125ffe0","0125ffe0","01260b3a","FUN_015ce480","015ce480","UNCONDITIONAL_CALL","true","false"
"FUN_0125ffe0","0125ffe0","01260b3f","","Stack[-0x14]","WRITE","false","true"
"FUN_0125ffe0","0125ffe0","01260b4a","LAB_01260b4e","01260b4e","CONDITIONAL_JUMP","false","false"
"FUN_0125ffe0","0125ffe0","01260b4f","u_[_%s_+_%5.2f_]_01ae843c","01ae843c","DATA","false","true"
"FUN_0125ffe0","0125ffe0","01260b55","FUN_01500f80","01500f80","UNCONDITIONAL_CALL","true","false"
"FUN_0125ffe0","0125ffe0","01260b5d","","Stack[-0x40]","DATA","false","true"
"FUN_0125ffe0","0125ffe0","01260b60","FUN_00f1a330","00f1a330","UNCONDITIONAL_CALL","true","false"
"FUN_0125ffe0","0125ffe0","01260b67","","Stack[-0x1c]","READ","false","true"
"FUN_0125ffe0","0125ffe0","01260b6a","ExceptionList","ffdff000","WRITE","false","true"
"FUN_0125ffe0","0125ffe0","01260b79","","Stack[-0x4]","DATA","false","true"
"FUN_01267070","01267070","01267073","DAT_01bbb1c0","01bbb1c0","READ","false","true"
"FUN_01267070","01267070","0126707a","","Stack[-0x4]","WRITE","false","true"
"FUN_01267070","01267070","01267089","LAB_0126714d","0126714d","CONDITIONAL_JUMP","false","false"
"FUN_01267070","01267070","01267091","DAT_01bc69f4","01bc69f4","DATA","false","true"
"FUN_01267070","01267070","01267096","DAT_01bc4a94","01bc4a94","DATA","false","true"
"FUN_01267070","01267070","012670a0","VCRUNTIME140.DLL::__RTDynamicCast","01831f4c","UNCONDITIONAL_CALL","true","false"
"FUN_01267070","01267070","012670aa","LAB_0126714d","0126714d","CONDITIONAL_JUMP","false","false"
"FUN_01267070","01267070","012670b6","LAB_01267142","01267142","CONDITIONAL_JUMP","false","false"
"FUN_01267070","01267070","012670bf","LAB_012670f7","012670f7","CONDITIONAL_JUMP","false","false"
"FUN_01267070","01267070","012670c4","LAB_0126714d","0126714d","CONDITIONAL_JUMP","false","false"
"FUN_01267070","01267070","012670e0","FUN_010328b0","010328b0","UNCONDITIONAL_CALL","true","false"
"FUN_01267070","01267070","012670ec","__security_check_cookie","0179869b","UNCONDITIONAL_CALL","true","false"
"FUN_01267070","01267070","012670f7","DAT_01bfe464","01bfe464","READ","false","true"
"FUN_01267070","01267070","01267112","FUN_014414a0","014414a0","UNCONDITIONAL_CALL","true","false"
"FUN_01267070","01267070","01267117","DAT_01bfe760","01bfe760","DATA","false","true"
"FUN_01267070","01267070","0126712b","FUN_00ffcb30","00ffcb30","UNCONDITIONAL_CALL","true","false"
"FUN_01267070","01267070","01267137","__security_check_cookie","0179869b","UNCONDITIONAL_CALL","true","false"
"FUN_01267070","01267070","01267148","FUN_01033ec0","01033ec0","UNCONDITIONAL_CALL","true","false"
"FUN_01267070","01267070","0126714d","","Stack[-0x4]","READ","false","true"
"FUN_01267070","01267070","01267154","__security_check_cookie","0179869b","UNCONDITIONAL_CALL","true","false"
"FUN_01267280","01267280","0126728e","","Stack[-0xc]","WRITE","false","true"
"FUN_01267280","01267280","01267298","FUN_010324e0","010324e0","UNCONDITIONAL_CALL","true","false"
"FUN_01267280","01267280","012672a8","FUN_01266c80","01266c80","UNCONDITIONAL_CALL","true","false"
"FUN_01267280","01267280","012672b3","","Stack[-0x10]","WRITE","false","true"
"FUN_01267280","01267280","012672b9","LAB_0126738d","0126738d","CONDITIONAL_JUMP","false","false"
"FUN_01267280","01267280","012672c8","","Stack[-0x20]","WRITE","false","true"
"FUN_01267280","01267280","012672d3","","Stack[-0x1c]","READ","false","true"
"FUN_01267280","01267280","012672d7","","Stack[-0x20]","READ","false","true"
"FUN_01267280","01267280","012672db","","Stack[-0x14]","WRITE","false","true"
"FUN_01267280","01267280","012672e2","","Stack[-0x24]","WRITE","false","true"
"FUN_01267280","01267280","012672e6","","Stack[-0x28]","WRITE","false","true"
"FUN_01267280","01267280","012672f4","LAB_01267354","01267354","CONDITIONAL_JUMP","false","false"
"FUN_01267280","01267280","012672ff","LAB_01267314","01267314","CONDITIONAL_JUMP","false","false"
"FUN_01267280","01267280","01267304","","Stack[-0x20]","WRITE","false","true"
"FUN_01267280","01267280","0126730a","","Stack[-0x1c]","READ","false","true"
"FUN_01267280","01267280","0126730e","","Stack[-0x20]","READ","false","true"
"FUN_01267280","01267280","01267312","LAB_01267342","01267342","UNCONDITIONAL_JUMP","false","false"
"FUN_01267280","01267280","01267316","","Stack[-0x20]","WRITE","false","true"
"FUN_01267280","01267280","0126731a","","Stack[-0x20]","DATA","false","true"
"FUN_01267280","01267280","0126731f","FUN_015db910","015db910","UNCONDITIONAL_CALL","true","false"
"FUN_01267280","01267280","01267328","LAB_0126733d","0126733d","CONDITIONAL_JUMP","false","false"
"FUN_01267280","01267280","0126732d","","Stack[-0x20]","WRITE","false","true"
"FUN_01267280","01267280","01267333","","Stack[-0x1c]","READ","false","true"
"FUN_01267280","01267280","01267337","","Stack[-0x20]","READ","false","true"
"FUN_01267280","01267280","0126733b","LAB_01267342","01267342","UNCONDITIONAL_JUMP","false","false"
"FUN_01267280","01267280","01267342","","Stack[-0x28]","READ_WRITE","false","true"
"FUN_01267280","01267280","01267346","","Stack[-0x24]","READ","false","true"
"FUN_01267280","01267280","0126734a","","Stack[-0x14]","READ","false","true"
"FUN_01267280","01267280","01267350","","Stack[-0x24]","WRITE","false","true"
"FUN_01267280","01267280","0126735a","LAB_012672f0","012672f0","CONDITIONAL_JUMP","false","false"
"FUN_01267280","01267280","0126735c","","Stack[-0x28]","READ","false","true"
"FUN_01267280","01267280","01267367","","Stack[-0x54]","DATA","false","true"
"FUN_01267280","01267280","01267369","","Stack[-0x50]","WRITE","false","true"
"FUN_01267280","01267280","0126736c","","Stack[-0x4c]","WRITE","false","true"
"FUN_01267280","01267280","0126736f","","Stack[-0x48]","WRITE","false","true"
"FUN_01267280","01267280","01267372","","Stack[-0x44]","WRITE","false","true"
"FUN_01267280","01267280","01267375","","Stack[-0x40]","WRITE","false","true"
"FUN_01267280","01267280","01267378","","Stack[-0x3c]","WRITE","false","true"
"FUN_01267280","01267280","0126737b","FUN_00f65090","00f65090","UNCONDITIONAL_CALL","true","false"
"FUN_01267280","01267280","01267380","","Stack[-0x10]","READ","false","true"
"FUN_01267280","01267280","01267384","FUN_013f3620","013f3620","UNCONDITIONAL_CALL","true","false"
"FUN_01267280","01267280","01267389","","Stack[-0xc]","READ","false","true"
"FUN_01267280","01267280","0126738d","","Stack[0x4]","READ","false","true"
"FUN_01267280","01267280","01267390","","Stack[0x10]","READ","false","true"
"FUN_01267280","01267280","012673a2","LAB_012673c8","012673c8","CONDITIONAL_JUMP","false","false"
"FUN_01267280","01267280","012673a4","","Stack[0xc]","READ","false","true"
"FUN_01267280","01267280","012673d0","LAB_012673f8","012673f8","CONDITIONAL_JUMP","false","false"
"FUN_01267280","01267280","012673d4","DAT_01bc69c8","01bc69c8","DATA","false","true"
"FUN_01267280","01267280","012673d9","DAT_01bc4a94","01bc4a94","DATA","false","true"
"FUN_01267280","01267280","012673e3","VCRUNTIME140.DLL::__RTDynamicCast","01831f4c","UNCONDITIONAL_CALL","true","false"
"FUN_01267280","01267280","012673ed","LAB_012673f8","012673f8","CONDITIONAL_JUMP","false","false"
"FUN_01267280","01267280","012673ef","","Stack[0x8]","READ","false","true"
"FUN_01267280","01267280","012673f8","DAT_01bfb32c","01bfb32c","READ","false","true"
"FUN_01267280","01267280","01267400","LAB_01267431","01267431","CONDITIONAL_JUMP","false","false"
"FUN_01267280","01267280","01267404","s_System\interface_person_01.wav_01ae83c0","01ae83c0","DATA","false","true"
"FUN_01267280","01267280","01267410","LAB_01267422","01267422","CONDITIONAL_JUMP","false","false"
"FUN_01267280","01267280","01267412","DAT_01bfb32c","01bfb32c","READ","false","true"
"FUN_01267280","01267280","01267418","s_System\interface_person_01.wav_01ae83c0","01ae83c0","DATA","false","true"
"FUN_01267280","01267280","01267422","DAT_01bfb32c","01bfb32c","READ","false","true"
"FUN_01267280","01267280","01267428","s_System\interface_person_01.wav_01ae83c0","01ae83c0","DATA","false","true"
"FUN_01267440","01267440","01267451","LAB_012674ad","012674ad","CONDITIONAL_JUMP","false","false"
"FUN_01267440","01267440","0126746a","","Stack[-0x10]","WRITE","false","true"
"FUN_01267440","01267440","01267472","","Stack[-0x14]","DATA","false","true"
"FUN_01267440","01267440","01267479","PTR_fmaxf_019ec8ec","019ec8ec","READ","false","true"
"FUN_01267440","01267440","01267479","UCRTBASE.DLL::fmaxf","EXTERNAL:00000215","COMPUTED_CALL","true","false"
"FUN_01267440","01267440","0126748a","FUN_01243010","01243010","UNCONDITIONAL_CALL","true","false"
"FUN_01267440","01267440","0126749b","FUN_01242bf0","01242bf0","UNCONDITIONAL_CALL","true","false"
"FUN_01267440","01267440","012674b5","LAB_012674be","012674be","CONDITIONAL_JUMP","false","false"
"FUN_01267440","01267440","012674c6","LAB_012674cf","012674cf","CONDITIONAL_JUMP","false","false"
"FUN_01267440","01267440","012674d5","FUN_010324e0","010324e0","UNCONDITIONAL_CALL","true","false"
"FUN_01267440","01267440","012674e5","FUN_01266c80","01266c80","UNCONDITIONAL_CALL","true","false"
"FUN_012676e0","012676e0","012676e9","DAT_01ae89a4","01ae89a4","DATA","false","true"
"FUN_012676e0","012676e0","012676ef","DAT_01ae8a64","01ae8a64","DATA","false","true"
"FUN_012676e0","012676e0","012676f9","FUN_012327f0","012327f0","UNCONDITIONAL_CALL","true","false"
"FUN_012676e0","012676e0","01267704","FUN_012327f0","012327f0","UNCONDITIONAL_CALL","true","false"
"FUN_012676e0","012676e0","0126770f","DAT_01ae8554","01ae8554","DATA","false","true"
"FUN_012676e0","012676e0","01267719","DAT_01ad324c","01ad324c","DATA","false","true"
"FUN_012676e0","012676e0","0126771f","FUN_00f1a420","00f1a420","UNCONDITIONAL_CALL","true","false"
"FUN_012676e0","012676e0","01267726","FUN_012456d0","012456d0","UNCONDITIONAL_CALL","true","false"
"FUN_012676e0","012676e0","0126772b","","Stack[0x4]","READ","false","true"
"FUN_012676e0","012676e0","01267731","LAB_01267753","01267753","CONDITIONAL_JUMP","false","false"
"FUN_012676e0","012676e0","0126773b","LAB_0126774b","0126774b","CONDITIONAL_JUMP","false","false"
"FUN_012676e0","012676e0","0126773d","FUN_01683120","01683120","UNCONDITIONAL_CALL","true","false"
"FUN_012676e0","012676e0","0126774b","FUN_00f199b0","00f199b0","UNCONDITIONAL_CALL","true","false"
"FUN_01267760","01267760","01267760","DAT_01bfe470","01bfe470","READ","false","true"
"FUN_01267760","01267760","0126776e","LAB_012677fc","012677fc","CONDITIONAL_JUMP","false","false"
"FUN_01267760","01267760","01267778","","Stack[-0x10]","WRITE","false","true"
"FUN_01267760","01267760","01267780","","Stack[-0x10]","DATA","false","true"
"FUN_01267760","01267760","01267787","","Stack[-0xc]","DATA","false","true"
"FUN_01267760","01267760","01267792","FUN_00f1d720","00f1d720","UNCONDITIONAL_CALL","true","false"
"FUN_01267760","01267760","01267797","","Stack[-0x4]","READ","false","true"
"FUN_01267760","01267760","0126779f","LAB_012677b0","012677b0","CONDITIONAL_JUMP","false","false"
"FUN_01267760","01267760","012677a5","LAB_012677b0","012677b0","CONDITIONAL_JUMP","false","false"
"FUN_01267760","01267760","012677a9","LAB_012677b0","012677b0","CONDITIONAL_JUMP","false","false"
"FUN_01267760","01267760","012677ae","LAB_012677b2","012677b2","UNCONDITIONAL_JUMP","false","false"
"FUN_01267760","01267760","012677b4","DAT_01bc6948","01bc6948","DATA","false","true"
"FUN_01267760","01267760","012677b9","DAT_01bc3cf8","01bc3cf8","DATA","false","true"
"FUN_01267760","01267760","012677c1","VCRUNTIME140.DLL::__RTDynamicCast","01831f4c","UNCONDITIONAL_CALL","true","false"
"FUN_01267760","01267760","012677d5","LAB_012677fc","012677fc","CONDITIONAL_JUMP","false","false"
"FUN_01267760","01267760","012677ef","FUN_00ff8bc0","00ff8bc0","UNCONDITIONAL_CALL","true","false"
"FUN_01267810","01267810","01267813","DAT_01bbb1c0","01bbb1c0","READ","false","true"
"FUN_01267810","01267810","0126781a","","Stack[-0x4]","WRITE","false","true"
"FUN_01267810","01267810","0126781e","","Stack[0x4]","READ","false","true"
"FUN_01267810","01267810","01267823","","Stack[0x8]","READ","false","true"
"FUN_01267810","01267810","0126782d","LAB_012678a6","012678a6","CONDITIONAL_JUMP","false","false"
"FUN_01267810","01267810","01267831","","Stack[-0x4c]","DATA","false","true"
"FUN_01267810","01267810","01267838","VCRUNTIME140.DLL::memset","01831f34","UNCONDITIONAL_CALL","true","false"
"FUN_01267810","01267810","01267849","LAB_0126785f","0126785f","CONDITIONAL_JUMP","false","false"
"FUN_01267810","01267810","01267850","LAB_0126785f","0126785f","CONDITIONAL_JUMP","false","false"
"FUN_01267810","01267810","01267853","","Stack[-0x4c]","DATA","false","true"
"FUN_01267810","01267810","01267857","FUN_012684b0","012684b0","UNCONDITIONAL_CALL","true","false"
"FUN_01267810","01267810","0126785f","","Stack[-0x4c]","READ","false","true"
"FUN_01267810","01267810","01267864","","Stack[-0xc]","READ","false","true"
"FUN_01267810","01267810","0126786d","","Stack[-0x9c]","DATA","false","true"
"FUN_01267810","01267810","01267870","","Stack[-0x3c]","READ","false","true"
"FUN_01267810","01267810","01267875","","Stack[-0x8c]","WRITE","false","true"
"FUN_01267810","01267810","01267879","","Stack[-0x2c]","READ","false","true"
"FUN_01267810","01267810","0126787e","","Stack[-0x7c]","WRITE","false","true"
"FUN_01267810","01267810","01267882","","Stack[-0x1c]","READ","false","true"
"FUN_01267810","01267810","0126788a","","Stack[-0x6c]","WRITE","false","true"
"FUN_01267810","01267810","0126788e","","Stack[-0x5c]","WRITE","false","true"
"FUN_01267810","01267810","01267891","","Stack[-0x8]","READ","false","true"
"FUN_01267810","01267810","01267898","","Stack[-0x58]","WRITE","false","true"
"FUN_01267810","01267810","012678a1","FUN_01267ef0","01267ef0","UNCONDITIONAL_CALL","true","false"
"FUN_01267810","01267810","012678a6","","Stack[-0x4]","READ","false","true"
"FUN_01267810","01267810","012678ae","__security_check_cookie","0179869b","UNCONDITIONAL_CALL","true","false"
"FUN_012678d0","012678d0","012678d7","LAB_012678de","012678de","CONDITIONAL_JUMP","false","false"
"FUN_012678d0","012678d0","012678de","DAT_01bee88c","01bee88c","READ","false","true"
"FUN_012678d0","012678d0","012678ec","DAT_01bee890","01bee890","READ","false","true"
"FUN_012678d0","012678d0","012678fc","FUN_01232880","01232880","UNCONDITIONAL_CALL","true","false"
"FUN_012678d0","012678d0","01267909","FUN_01232880","01232880","UNCONDITIONAL_CALL","true","false"
"FUN_01267910","01267910","0126791e","LAB_01267929","01267929","CONDITIONAL_JUMP","false","false"
"FUN_01267910","01267910","01267920","FUN_01267bd0","01267bd0","UNCONDITIONAL_CALL","true","false"
"FUN_01267930","01267930","0126793a","LAB_0126795e","0126795e","CONDITIONAL_JUMP","false","false"
"FUN_01267930","01267930","0126793c","","Stack[0x4]","READ","false","true"
"FUN_01267930","01267930","01267947","","Stack[-0x10]","DATA","false","true"
"FUN_01267970","01267970","01267979","DAT_01bbb1c0","01bbb1c0","READ","false","true"
"FUN_01267970","01267970","01267980","","Stack[-0x14]","WRITE","false","true"
"FUN_01267970","01267970","01267988","FUN_01287d50","01287d50","UNCONDITIONAL_CALL","true","false"
"FUN_01267970","01267970","01267991","LAB_01267a40","01267a40","CONDITIONAL_JUMP","false","false"
"FUN_01267970","01267970","0126799b","LAB_01267a40","01267a40","CONDITIONAL_JUMP","false","false"
"FUN_01267970","01267970","012679a9","LAB_012679b7","012679b7","CONDITIONAL_JUMP","false","false"
"FUN_01267970","01267970","012679b5","LAB_01267a2d","01267a2d","CONDITIONAL_JUMP","false","false"
"FUN_01267970","01267970","012679bd","DAT_01bfe474","01bfe474","READ","false","true"
"FUN_01267970","01267970","012679c3","","Stack[-0x30]","WRITE","false","true"
"FUN_01267970","01267970","012679cc","","Stack[-0x28]","WRITE","false","true"
"FUN_01267970","01267970","012679d3","","Stack[-0x24]","WRITE","false","true"
"FUN_01267970","01267970","012679d7","","Stack[-0x2c]","WRITE","false","true"
"FUN_01267970","01267970","012679de","","Stack[-0x30]","READ","false","true"
"FUN_01267970","01267970","012679e3","","Stack[-0x30]","DATA","false","true"
"FUN_01267970","01267970","012679e8","","Stack[-0x34]","WRITE","false","true"
"FUN_01267970","01267970","012679ec","","Stack[-0x30]","WRITE","false","true"
"FUN_01267970","01267970","012679f1","FUN_00f83b00","00f83b00","UNCONDITIONAL_CALL","true","false"
"FUN_01267970","01267970","012679f9","LAB_01267a2d","01267a2d","CONDITIONAL_JUMP","false","false"
"FUN_01267970","01267970","01267a03","LAB_01267a2d","01267a2d","CONDITIONAL_JUMP","false","false"
"FUN_01267970","01267970","01267a09","LAB_01267a2d","01267a2d","CONDITIONAL_JUMP","false","false"
"FUN_01267970","01267970","01267a0b","DAT_01bfe474","01bfe474","READ","false","true"
"FUN_01267970","01267970","01267a15","LAB_01267a2d","01267a2d","CONDITIONAL_JUMP","false","false"
"FUN_01267970","01267970","01267a37","__security_check_cookie","0179869b","UNCONDITIONAL_CALL","true","false"
"FUN_01267970","01267970","01267a40","","Stack[-0x14]","READ","false","true"
"FUN_01267970","01267970","01267a4a","__security_check_cookie","0179869b","UNCONDITIONAL_CALL","true","false"
"FUN_01267a60","01267a60","01267a6e","LAB_01267b18","01267b18","CONDITIONAL_JUMP","false","false"
"FUN_01267a60","01267a60","01267a81","LAB_01267a88","01267a88","CONDITIONAL_JUMP","false","false"
"FUN_01267a60","01267a60","01267a90","LAB_01267a97","01267a97","CONDITIONAL_JUMP","false","false"
"FUN_01267a60","01267a60","01267a9f","LAB_01267ac1","01267ac1","CONDITIONAL_JUMP","false","false"
"FUN_01267a60","01267a60","01267aa8","LAB_01267ac1","01267ac1","CONDITIONAL_JUMP","false","false"
"FUN_01267a60","01267a60","01267aaa","DAT_01bee890","01bee890","READ","false","true"
"FUN_01267a60","01267a60","01267ab0","DAT_01bee88c","01bee88c","READ","false","true"
"FUN_01267a60","01267a60","01267abc","FUN_01250630","01250630","UNCONDITIONAL_CALL","true","false"
"FUN_01267a60","01267a60","01267ac9","LAB_01267ad0","01267ad0","CONDITIONAL_JUMP","false","false"
"FUN_01267a60","01267a60","01267ad7","LAB_01267af4","01267af4","CONDITIONAL_JUMP","false","false"
"FUN_01267a60","01267a60","01267aef","FUN_012334d0","012334d0","UNCONDITIONAL_CALL","true","false"
"FUN_01267a60","01267a60","01267afb","LAB_01267b18","01267b18","CONDITIONAL_JUMP","false","false"
"FUN_01267a60","01267a60","01267b13","FUN_012334d0","012334d0","UNCONDITIONAL_CALL","true","false"
"FUN_01267b20","01267b20","01267b2f","LAB_01267b3c","01267b3c","CONDITIONAL_JUMP","false","false"
"FUN_01267b20","01267b20","01267b37","FUN_01232920","01232920","UNCONDITIONAL_CALL","true","false"
"FUN_01267b20","01267b20","01267b43","LAB_01267b51","01267b51","CONDITIONAL_JUMP","false","false"
"FUN_01267b20","01267b20","01267b4c","FUN_01232920","01232920","UNCONDITIONAL_CALL","true","false"
"FUN_01267bd0","01267bd0","01267bd5","LAB_0199b632","0199b632","DATA","false","true"
"FUN_01267bd0","01267bd0","01267bda","ExceptionList","ffdff000","READ","false","true"
"FUN_01267bd0","01267bd0","01267be7","DAT_01bbb1c0","01bbb1c0","READ","false","true"
"FUN_01267bd0","01267bd0","01267bee","","Stack[-0x14]","WRITE","false","true"
"FUN_01267bd0","01267bd0","01267bf4","","Stack[-0x10]","DATA","false","true"
"FUN_01267bd0","01267bd0","01267bf7","ExceptionList","ffdff000","WRITE","false","true"
"FUN_01267bd0","01267bd0","01267bff","DAT_01bc07f0","01bc07f0","READ","false","true"
"FUN_01267bd0","01267bd0","01267c0e","DAT_01bc07ec","01bc07ec","READ","false","true"
"FUN_01267bd0","01267bd0","01267c36","FUN_012457d0","012457d0","UNCONDITIONAL_CALL","true","false"
"FUN_01267bd0","01267bd0","01267c3b","DAT_01bee88c","01bee88c","READ","false","true"
"FUN_01267bd0","01267bd0","01267c40","","Stack[-0x54]","WRITE","false","true"
"FUN_01267bd0","01267bd0","01267c43","DAT_01bee890","01bee890","READ","false","true"
"FUN_01267bd0","01267bd0","01267c4d","","Stack[-0x5c]","WRITE","false","true"
"FUN_01267bd0","01267bd0","01267c50","FUN_016830c0","016830c0","UNCONDITIONAL_CALL","true","false"
"FUN_01267bd0","01267bd0","01267c5a","","Stack[-0x58]","WRITE","false","true"
"FUN_01267bd0","01267bd0","01267c5d","","Stack[-0x8]","WRITE","false","true"
"FUN_01267bd0","01267bd0","01267c66","LAB_01267c83","01267c83","CONDITIONAL_JUMP","false","false"
"FUN_01267bd0","01267bd0","01267c70","VCRUNTIME140.DLL::memset","01831f34","UNCONDITIONAL_CALL","true","false"
"FUN_01267bd0","01267bd0","01267c7a","FUN_0123de10","0123de10","UNCONDITIONAL_CALL","true","false"
"FUN_01267bd0","01267bd0","01267c81","LAB_01267c85","01267c85","UNCONDITIONAL_JUMP","false","false"
"FUN_01267bd0","01267bd0","01267c8f","","Stack[-0x5c]","READ","false","true"
"FUN_01267bd0","01267bd0","01267c92","","Stack[-0x8]","WRITE","false","true"
"FUN_01267bd0","01267bd0","01267c99","","Stack[-0x54]","READ","false","true"
"FUN_01267bd0","01267bd0","01267c9c","DAT_01bb9b2c","01bb9b2c","READ","false","true"
"FUN_01267bd0","01267bd0","01267ca4","DAT_01bb9b34","01bb9b34","READ","false","true"
"FUN_01267bd0","01267bd0","01267cb2","","Stack[-0xc4]","DATA","false","true"
"FUN_01267bd0","01267bd0","01267cb6","s_SeasonPass\Pass_ExpPopup_bg.png_01ad7e6c","01ad7e6c","DATA","false","true"
"FUN_01267bd0","01267bd0","01267cbe","","Stack[-0xbc]","WRITE","false","true"
"FUN_01267bd0","01267bd0","01267cbe","DAT_3f800000","3f800000","DATA","false","true"
"FUN_01267bd0","01267bd0","01267cc3","FUN_0123e0d0","0123e0d0","UNCONDITIONAL_CALL","true","false"
"FUN_01267bd0","01267bd0","01267cc8","","Stack[-0x54]","DATA","false","true"
"FUN_01267bd0","01267bd0","01267ccb","","Stack[-0x54]","WRITE","false","true"
"FUN_01267bd0","01267bd0","01267cd2","FUN_00f55430","00f55430","UNCONDITIONAL_CALL","true","false"
"FUN_01267bd0","01267bd0","01267ce0","DAT_01bfb258","01bfb258","READ","false","true"
"FUN_01267bd0","01267bd0","01267ceb","","Stack[-0x68]","WRITE","false","true"
"FUN_01267bd0","01267bd0","01267ceb","DAT_3f7ae148","3f7ae148","DATA","false","true"
"FUN_01267bd0","01267bd0","01267cf2","","Stack[-0x64]","WRITE","false","true"
"FUN_01267bd0","01267bd0","01267cf2","DAT_3f7ae148","3f7ae148","DATA","false","true"
"FUN_01267bd0","01267bd0","01267cfb","","Stack[-0xbc]","DATA","false","true"
"FUN_01267bd0","01267bd0","01267cfe","s_ACCESSORY_ENCHANT_RESULT_01ae8958","01ae8958","DATA","false","true"
"FUN_01267bd0","01267bd0","01267d03","","Stack[-0x60]","WRITE","false","true"
"FUN_01267bd0","01267bd0","01267d03","DAT_3f7ae148","3f7ae148","DATA","false","true"
"FUN_01267bd0","01267bd0","01267d0a","","Stack[-0xac]","WRITE","false","true"
"FUN_01267bd0","01267bd0","01267d11","","Stack[-0xa8]","WRITE","false","true"
"FUN_01267bd0","01267bd0","01267d18","FUN_00f19cc0","00f19cc0","UNCONDITIONAL_CALL","true","false"
"FUN_01267bd0","01267bd0","01267d1d","","Stack[-0x80]","DATA","false","true"
"FUN_01267bd0","01267bd0","01267d23","FUN_015ce480","015ce480","UNCONDITIONAL_CALL","true","false"
"FUN_01267bd0","01267bd0","01267d2a","","Stack[-0x8]","WRITE","false","true"
"FUN_01267bd0","01267bd0","01267d35","LAB_01267d39","01267d39","CONDITIONAL_JUMP","false","false"
"FUN_01267bd0","01267bd0","01267d39","","Stack[-0x68]","READ","false","true"
"FUN_01267bd0","01267bd0","01267d3e","","Stack[-0x60]","READ","false","true"
"FUN_01267bd0","01267bd0","01267d4c","","Stack[-0xb8]","DATA","false","true"
"FUN_01267bd0","01267bd0","01267d50","","Stack[-0xb0]","WRITE","false","true"
"FUN_01267bd0","01267bd0","01267d50","DAT_3f7ae148","3f7ae148","DATA","false","true"
"FUN_01267bd0","01267bd0","01267d56","FUN_012461a0","012461a0","UNCONDITIONAL_CALL","true","false"
"FUN_01267bd0","01267bd0","01267d5b","","Stack[-0x80]","DATA","false","true"
"FUN_01267bd0","01267bd0","01267d64","","Stack[-0x8]","WRITE","false","true"
"FUN_01267bd0","01267bd0","01267d6b","FUN_00f1a330","00f1a330","UNCONDITIONAL_CALL","true","false"
"FUN_01267bd0","01267bd0","01267d7d","s_Random_box\bar_arrow.png_01ae893c","01ae893c","DATA","false","true"
"FUN_01267bd0","01267bd0","01267d84","FUN_01246720","01246720","UNCONDITIONAL_CALL","true","false"
"FUN_01267bd0","01267bd0","01267d9f","s_Accessory\Enchant\Enchant_Enchan_01ae83e0","01ae83e0","DATA","false","true"
"FUN_01267bd0","01267bd0","01267dac","FUN_012462c0","012462c0","UNCONDITIONAL_CALL","true","false"
"FUN_01267bd0","01267bd0","01267db9","LAB_01267eca","01267eca","CONDITIONAL_JUMP","false","false"
"FUN_01267bd0","01267bd0","01267dc2","","Stack[-0x34]","WRITE","false","true"
"FUN_01267bd0","01267bd0","01267dcb","","Stack[-0x30]","WRITE","false","true"
"FUN_01267bd0","01267bd0","01267dd2","","Stack[-0x44]","WRITE","false","true"
"FUN_01267bd0","01267bd0","01267dd6","","Stack[-0x44]","WRITE","false","true"
"FUN_01267bd0","01267bd0","01267dda","","Stack[-0x18]","WRITE","false","true"
"FUN_01267bd0","01267bd0","01267ddd","","Stack[-0x8]","WRITE","false","true"
"FUN_01267bd0","01267bd0","01267de7","DAT_01bb9b2c","01bb9b2c","READ","false","true"
"FUN_01267bd0","01267bd0","01267df1","DAT_01bfe468","01bfe468","READ","false","true"
"FUN_01267bd0","01267bd0","01267df6","DAT_01bfb258","01bfb258","READ","false","true"
"FUN_01267bd0","01267bd0","01267dff","","Stack[-0x24]","WRITE","false","true"
"FUN_01267bd0","01267bd0","01267e02","DAT_01bb9b34","01bb9b34","READ","false","true"
"FUN_01267bd0","01267bd0","01267e07","","Stack[-0x50]","WRITE","false","true"
"FUN_01267bd0","01267bd0","01267e0f","","Stack[-0x20]","WRITE","false","true"
"FUN_01267bd0","01267bd0","01267e16","","Stack[-0x48]","WRITE","false","true"
"FUN_01267bd0","01267bd0","01267e16","DAT_3f800000","3f800000","DATA","false","true"
"FUN_01267bd0","01267bd0","01267e19","","Stack[-0x2c]","WRITE","false","true"
"FUN_01267bd0","01267bd0","01267e1d","","Stack[-0x1c]","WRITE","false","true"
"FUN_01267bd0","01267bd0","01267e24","","Stack[-0x28]","WRITE","false","true"
"FUN_01267bd0","01267bd0","01267e2d","","Stack[-0xbc]","DATA","false","true"
"FUN_01267bd0","01267bd0","01267e30","s_SECONDPASSWORD_STRING_CONFIRM_01ae8974","01ae8974","DATA","false","true"
"FUN_01267bd0","01267bd0","01267e35","","Stack[-0xac]","WRITE","false","true"
"FUN_01267bd0","01267bd0","01267e3c","","Stack[-0xa8]","WRITE","false","true"
"FUN_01267bd0","01267bd0","01267e43","FUN_00f19cc0","00f19cc0","UNCONDITIONAL_CALL","true","false"
"FUN_01267bd0","01267bd0","01267e48","","Stack[-0x98]","DATA","false","true"
"FUN_01267bd0","01267bd0","01267e51","FUN_015ce480","015ce480","UNCONDITIONAL_CALL","true","false"
"FUN_01267bd0","01267bd0","01267e58","","Stack[-0x8]","WRITE","false","true"
"FUN_01267bd0","01267bd0","01267e60","LAB_01267e64","01267e64","CONDITIONAL_JUMP","false","false"
"FUN_01267bd0","01267bd0","01267e79","LAB_01267e70","01267e70","CONDITIONAL_JUMP","false","false"
"FUN_01267bd0","01267bd0","01267e81","","Stack[-0x44]","DATA","false","true"
"FUN_01267bd0","01267bd0","01267e84","FUN_00f1a040","00f1a040","UNCONDITIONAL_CALL","true","false"
"FUN_01267bd0","01267bd0","01267e89","","Stack[-0x98]","DATA","false","true"
"FUN_01267bd0","01267bd0","01267e8f","","Stack[-0x8]","WRITE","false","true"
"FUN_01267bd0","01267bd0","01267e93","FUN_00f1a330","00f1a330","UNCONDITIONAL_CALL","true","false"
"FUN_01267bd0","01267bd0","01267e9e","","Stack[-0x50]","DATA","false","true"
"FUN_01267bd0","01267bd0","01267ea2","FUN_01224f40","01224f40","UNCONDITIONAL_CALL","true","false"
"FUN_01267bd0","01267bd0","01267ea9","LAB_01268300","01268300","DATA","false","true"
"FUN_01267bd0","01267bd0","01267eb6","FUN_01268320","01268320","UNCONDITIONAL_CALL","true","false"
"FUN_01267bd0","01267bd0","01267ebb","","Stack[-0x44]","DATA","false","true"
"FUN_01267bd0","01267bd0","01267ebe","","Stack[-0x24]","WRITE","false","true"
"FUN_01267bd0","01267bd0","01267ec5","FUN_00f1a330","00f1a330","UNCONDITIONAL_CALL","true","false"
"FUN_01267bd0","01267bd0","01267eca","","Stack[-0x10]","READ","false","true"
"FUN_01267bd0","01267bd0","01267ecd","ExceptionList","ffdff000","WRITE","false","true"
"FUN_01267bd0","01267bd0","01267ed7","","Stack[-0x14]","READ","false","true"
"FUN_01267bd0","01267bd0","01267edc","__security_check_cookie","0179869b","UNCONDITIONAL_CALL","true","false"
"FUN_01267ef0","01267ef0","01267ef5","LAB_0199b6a4","0199b6a4","DATA","false","true"
"FUN_01267ef0","01267ef0","01267efa","ExceptionList","ffdff000","READ","false","true"
"FUN_01267ef0","01267ef0","01267f07","DAT_01bbb1c0","01bbb1c0","READ","false","true"
"FUN_01267ef0","01267ef0","01267f0e","","Stack[-0x14]","WRITE","false","true"
"FUN_01267ef0","01267ef0","01267f14","","Stack[-0x10]","DATA","false","true"
"FUN_01267ef0","01267ef0","01267f17","ExceptionList","ffdff000","WRITE","false","true"
"FUN_01267ef0","01267ef0","01267f1f","","Stack[-0xb0]","WRITE","false","true"
"FUN_01267ef0","01267ef0","01267f30","LAB_01267f3f","01267f3f","CONDITIONAL_JUMP","false","false"
"FUN_01267ef0","01267ef0","01267f3a","FUN_01232880","01232880","UNCONDITIONAL_CALL","true","false"
"FUN_01267ef0","01267ef0","01267f46","LAB_01267f55","01267f55","CONDITIONAL_JUMP","false","false"
"FUN_01267ef0","01267ef0","01267f50","FUN_01232880","01232880","UNCONDITIONAL_CALL","true","false"
"FUN_01267ef0","01267ef0","01267f68","LAB_01267f76","01267f76","CONDITIONAL_JUMP","false","false"
"FUN_01267ef0","01267ef0","01267f70","LAB_012682dd","012682dd","CONDITIONAL_JUMP","false","false"
"FUN_01267ef0","01267ef0","01267f80","LAB_012682dd","012682dd","CONDITIONAL_JUMP","false","false"
"FUN_01267ef0","01267ef0","01267f88","LAB_012682dd","012682dd","CONDITIONAL_JUMP","false","false"
"FUN_01267ef0","01267ef0","01267f8e","","Stack[0x4]","DATA","false","true"
"FUN_01267ef0","01267ef0","01267f98","","Stack[-0xac]","WRITE","false","true"
"FUN_01267ef0","01267ef0","01267f9e","","Stack[0x19]","DATA","false","true"
"FUN_01267ef0","01267ef0","01267fa1","","Stack[-0xb8]","WRITE","false","true"
"FUN_01267ef0","01267ef0","01267fa7","","Stack[-0xb0]","READ","false","true"
"FUN_01267ef0","01267ef0","01267fb0","","Stack[-0xb4]","WRITE","false","true"
"FUN_01267ef0","01267ef0","01267fc7","LAB_012682af","012682af","CONDITIONAL_JUMP","false","false"
"FUN_01267ef0","01267ef0","01267fcd","","Stack[0x19]","DATA","false","true"
"FUN_01267ef0","01267ef0","01267fd1","LAB_012682af","012682af","CONDITIONAL_JUMP","false","false"
"FUN_01267ef0","01267ef0","01267fe5","","Stack[-0x2c]","DATA","false","true"
"FUN_01267ef0","01267ef0","01267fec","FUN_0125ffe0","0125ffe0","UNCONDITIONAL_CALL","true","false"
"FUN_01267ef0","01267ef0","01267ff3","","Stack[-0x8]","WRITE","false","true"
"FUN_01267ef0","01267ef0","01267ffa","FUN_016830c0","016830c0","UNCONDITIONAL_CALL","true","false"
"FUN_01267ef0","01267ef0","01268004","","Stack[-0xbc]","WRITE","false","true"
"FUN_01267ef0","01267ef0","0126800a","","Stack[-0x8]","WRITE","false","true"
"FUN_01267ef0","01267ef0","01268010","LAB_0126802a","0126802a","CONDITIONAL_JUMP","false","false"
"FUN_01267ef0","01267ef0","01268017","VCRUNTIME140.DLL::memset","01831f34","UNCONDITIONAL_CALL","true","false"
"FUN_01267ef0","01267ef0","01268021","FUN_010baa10","010baa10","UNCONDITIONAL_CALL","true","false"
"FUN_01267ef0","01267ef0","01268028","LAB_0126802c","0126802c","UNCONDITIONAL_JUMP","false","false"
"FUN_01267ef0","01267ef0","0126802f","","Stack[-0x88]","WRITE","false","true"
"FUN_01267ef0","01267ef0","0126803b","","Stack[-0x84]","WRITE","false","true"
"FUN_01267ef0","01267ef0","01268042","","Stack[-0x98]","WRITE","false","true"
"FUN_01267ef0","01267ef0","01268049","","Stack[-0x98]","WRITE","false","true"
"FUN_01267ef0","01267ef0","01268050","","Stack[-0x6c]","WRITE","false","true"
"FUN_01267ef0","01267ef0","01268053","","Stack[-0x8]","WRITE","false","true"
"FUN_01267ef0","01267ef0","01268057","","Stack[-0x2c]","DATA","false","true"
"FUN_01267ef0","01267ef0","0126805a","DAT_01bfe468","01bfe468","READ","false","true"
"FUN_01267ef0","01267ef0","0126805f","DAT_01bb9b2c","01bb9b2c","READ","false","true"
"FUN_01267ef0","01267ef0","0126806a","","Stack[-0x18]","READ","false","true"
"FUN_01267ef0","01267ef0","0126806e","","Stack[-0x78]","WRITE","false","true"
"FUN_01267ef0","01267ef0","01268071","","Stack[-0x2c]","DATA","false","true"
"FUN_01267ef0","01267ef0","01268075","DAT_01bb9b34","01bb9b34","READ","false","true"
"FUN_01267ef0","01267ef0","0126807c","","Stack[-0x9c]","WRITE","false","true"
"FUN_01267ef0","01267ef0","0126807c","DAT_3f800000","3f800000","DATA","false","true"
"FUN_01267ef0","01267ef0","01268082","","Stack[-0x74]","WRITE","false","true"
"FUN_01267ef0","01267ef0","01268089","","Stack[-0xa4]","WRITE","false","true"
"FUN_01267ef0","01267ef0","01268091","","Stack[-0x2a]","DATA","false","true"
"FUN_01267ef0","01267ef0","01268094","","Stack[-0x80]","WRITE","false","true"
"FUN_01267ef0","01267ef0","01268098","","Stack[-0x70]","WRITE","false","true"
"FUN_01267ef0","01267ef0","0126809f","","Stack[-0x7c]","WRITE","false","true"
"FUN_01267ef0","01267ef0","012680a6","","Stack[-0xa8]","WRITE","false","true"
"FUN_01267ef0","01267ef0","012680b0","","Stack[-0x2c]","DATA","false","true"
"FUN_01267ef0","01267ef0","012680b9","LAB_012680b0","012680b0","CONDITIONAL_JUMP","false","false"
"FUN_01267ef0","01267ef0","012680bb","","Stack[-0xa8]","READ","false","true"
"FUN_01267ef0","01267ef0","012680c5","","Stack[-0x98]","DATA","false","true"
"FUN_01267ef0","01267ef0","012680cb","FUN_00f1a040","00f1a040","UNCONDITIONAL_CALL","true","false"
"FUN_01267ef0","01267ef0","012680d0","","Stack[-0xac]","READ","false","true"
"FUN_01267ef0","01267ef0","012680d6","","Stack[-0xa4]","DATA","false","true"
"FUN_01267ef0","01267ef0","012680e4","FUN_01230c40","01230c40","UNCONDITIONAL_CALL","true","false"
"FUN_01267ef0","01267ef0","012680e9","","Stack[-0xa8]","WRITE","false","true"
"FUN_01267ef0","01267ef0","012680ef","","Stack[-0xa8]","DATA","false","true"
"FUN_01267ef0","01267ef0","012680f5","","Stack[-0xb0]","READ","false","true"
"FUN_01267ef0","01267ef0","01268104","FUN_00f58160","00f58160","UNCONDITIONAL_CALL","true","false"
"FUN_01267ef0","01267ef0","01268109","","Stack[-0xb8]","READ","false","true"
"FUN_01267ef0","01267ef0","0126811d","","Stack[-0xb4]","READ","false","true"
"FUN_01267ef0","01267ef0","01268126","","Stack[0x19]","DATA","false","true"
"FUN_01267ef0","01267ef0","0126812a","","Stack[-0xd8]","DATA","false","true"
"FUN_01267ef0","01267ef0","01268131","FUN_0125ffe0","0125ffe0","UNCONDITIONAL_CALL","true","false"
"FUN_01267ef0","01267ef0","01268138","","Stack[-0x2c]","DATA","false","true"
"FUN_01267ef0","01267ef0","0126813d","LAB_0126816a","0126816a","CONDITIONAL_JUMP","false","false"
"FUN_01267ef0","01267ef0","01268141","FUN_00f1a330","00f1a330","UNCONDITIONAL_CALL","true","false"
"FUN_01267ef0","01267ef0","0126814b","","Stack[-0x2c]","WRITE","false","true"
"FUN_01267ef0","01267ef0","01268154","","Stack[-0x1c]","WRITE","false","true"
"FUN_01267ef0","01267ef0","0126816a","","Stack[-0xd8]","DATA","false","true"
"FUN_01267ef0","01267ef0","01268170","FUN_00f1a330","00f1a330","UNCONDITIONAL_CALL","true","false"
"FUN_01267ef0","01267ef0","01268177","FUN_016830c0","016830c0","UNCONDITIONAL_CALL","true","false"
"FUN_01267ef0","01267ef0","01268181","","Stack[-0xc0]","WRITE","false","true"
"FUN_01267ef0","01267ef0","01268187","","Stack[-0x8]","WRITE","false","true"
"FUN_01267ef0","01267ef0","0126818d","LAB_012681a7","012681a7","CONDITIONAL_JUMP","false","false"
"FUN_01267ef0","01267ef0","01268194","VCRUNTIME140.DLL::memset","01831f34","UNCONDITIONAL_CALL","true","false"
"FUN_01267ef0","01267ef0","0126819e","FUN_010baa10","010baa10","UNCONDITIONAL_CALL","true","false"
"FUN_01267ef0","01267ef0","012681a5","LAB_012681a9","012681a9","UNCONDITIONAL_JUMP","false","false"
"FUN_01267ef0","01267ef0","012681ac","","Stack[-0x4c]","WRITE","false","true"
"FUN_01267ef0","01267ef0","012681b5","","Stack[-0x48]","WRITE","false","true"
"FUN_01267ef0","01267ef0","012681bc","","Stack[-0x5c]","WRITE","false","true"
"FUN_01267ef0","01267ef0","012681c0","","Stack[-0x5c]","WRITE","false","true"
"FUN_01267ef0","01267ef0","012681c4","","Stack[-0x30]","WRITE","false","true"
"FUN_01267ef0","01267ef0","012681c7","","Stack[-0x8]","WRITE","false","true"
"FUN_01267ef0","01267ef0","012681cb","","Stack[-0x2c]","DATA","false","true"
"FUN_01267ef0","01267ef0","012681ce","DAT_01bfe468","01bfe468","READ","false","true"
"FUN_01267ef0","01267ef0","012681d3","DAT_01bb9b2c","01bb9b2c","READ","false","true"
"FUN_01267ef0","01267ef0","012681de","","Stack[-0x18]","READ","false","true"
"FUN_01267ef0","01267ef0","012681e2","","Stack[-0x3c]","WRITE","false","true"
"FUN_01267ef0","01267ef0","012681e5","","Stack[-0x2c]","DATA","false","true"
"FUN_01267ef0","01267ef0","012681e9","DAT_01bb9b34","01bb9b34","READ","false","true"
"FUN_01267ef0","01267ef0","012681f0","","Stack[-0x60]","WRITE","false","true"
"FUN_01267ef0","01267ef0","012681f0","DAT_3f800000","3f800000","DATA","false","true"
"FUN_01267ef0","01267ef0","012681f3","","Stack[-0x38]","WRITE","false","true"
"FUN_01267ef0","01267ef0","012681fa","","Stack[-0x68]","WRITE","false","true"
"FUN_01267ef0","01267ef0","012681ff","","Stack[-0x2a]","DATA","false","true"
"FUN_01267ef0","01267ef0","01268202","","Stack[-0x44]","WRITE","false","true"
"FUN_01267ef0","01267ef0","01268206","","Stack[-0x34]","WRITE","false","true"
"FUN_01267ef0","01267ef0","0126820d","","Stack[-0x40]","WRITE","false","true"
"FUN_01267ef0","01267ef0","01268214","","Stack[-0xa8]","WRITE","false","true"
"FUN_01267ef0","01267ef0","01268220","","Stack[-0x2c]","DATA","false","true"
"FUN_01267ef0","01267ef0","01268229","LAB_01268220","01268220","CONDITIONAL_JUMP","false","false"
"FUN_01267ef0","01267ef0","0126822b","","Stack[-0xa8]","READ","false","true"
"FUN_01267ef0","01267ef0","01268235","","Stack[-0x5c]","DATA","false","true"
"FUN_01267ef0","01267ef0","01268238","FUN_00f1a040","00f1a040","UNCONDITIONAL_CALL","true","false"
"FUN_01267ef0","01267ef0","0126823d","","Stack[-0xac]","READ","false","true"
"FUN_01267ef0","01267ef0","01268243","","Stack[-0x68]","DATA","false","true"
"FUN_01267ef0","01267ef0","0126824e","FUN_01230c40","01230c40","UNCONDITIONAL_CALL","true","false"
"FUN_01267ef0","01267ef0","01268253","","Stack[-0xa8]","WRITE","false","true"
"FUN_01267ef0","01267ef0","01268259","","Stack[-0xa8]","DATA","false","true"
"FUN_01267ef0","01267ef0","0126825f","","Stack[-0xb0]","READ","false","true"
"FUN_01267ef0","01267ef0","0126826e","FUN_00f58160","00f58160","UNCONDITIONAL_CALL","true","false"
"FUN_01267ef0","01267ef0","01268273","","Stack[-0x5c]","DATA","false","true"
"FUN_01267ef0","01267ef0","01268276","","Stack[-0x3c]","WRITE","false","true"
"FUN_01267ef0","01267ef0","0126827d","FUN_00f1a330","00f1a330","UNCONDITIONAL_CALL","true","false"
"FUN_01267ef0","01267ef0","01268282","","Stack[-0x98]","DATA","false","true"
"FUN_01267ef0","01267ef0","01268288","","Stack[-0x78]","WRITE","false","true"
"FUN_01267ef0","01267ef0","0126828f","FUN_00f1a330","00f1a330","UNCONDITIONAL_CALL","true","false"
"FUN_01267ef0","01267ef0","01268294","","Stack[-0x2c]","DATA","false","true"
"FUN_01267ef0","01267ef0","01268297","","Stack[-0x8]","WRITE","false","true"
"FUN_01267ef0","01267ef0","0126829e","FUN_00f1a330","00f1a330","UNCONDITIONAL_CALL","true","false"
"FUN_01267ef0","01267ef0","012682a3","","Stack[-0xac]","READ","false","true"
"FUN_01267ef0","01267ef0","012682a9","","Stack[-0xb4]","READ","false","true"
"FUN_01267ef0","01267ef0","012682b8","","Stack[-0xb4]","WRITE","false","true"
"FUN_01267ef0","01267ef0","012682be","","Stack[-0xac]","WRITE","false","true"
"FUN_01267ef0","01267ef0","012682c9","LAB_01267fc0","01267fc0","CONDITIONAL_JUMP","false","false"
"FUN_01267ef0","01267ef0","012682cf","DAT_01bfb8cc","01bfb8cc","READ","false","true"
"FUN_01267ef0","01267ef0","012682d8","FUN_012944f0","012944f0","UNCONDITIONAL_CALL","true","false"
"FUN_01267ef0","01267ef0","012682dd","","Stack[-0x10]","READ","false","true"
"FUN_01267ef0","01267ef0","012682e0","ExceptionList","ffdff000","WRITE","false","true"
"FUN_01267ef0","01267ef0","012682ea","","Stack[-0x14]","READ","false","true"
"FUN_01267ef0","01267ef0","012682ef","__security_check_cookie","0179869b","UNCONDITIONAL_CALL","true","false"
"FUN_01283910","01283910","0128391d","","Stack[0x0]","READ","false","true"
"FUN_01283910","01283910","01283920","","Stack[-0xc]","WRITE","false","true"
"FUN_01283910","01283910","01283928","LAB_0199d41f","0199d41f","DATA","false","true"
"FUN_01283910","01283910","0128392d","ExceptionList","ffdff000","READ","false","true"
"FUN_01283910","01283910","0128393a","DAT_01bbb1c0","01bbb1c0","READ","false","true"
"FUN_01283910","01283910","01283942","","Stack[-0x1c]","DATA","false","true"
"FUN_01283910","01283910","01283945","ExceptionList","ffdff000","WRITE","false","true"
"FUN_01283910","01283910","0128394d","","Stack[-0x24]","WRITE","false","true"
"FUN_01283910","01283910","01283957","switchD_01283964::caseD_11","01287943","CONDITIONAL_JUMP","false","false"
"FUN_01283910","01283910","0128395d","PTR_caseD_11_01287be4+3","01287be7","DATA","false","true"
"FUN_01283910","01283910","01283964","switchD_01283964::caseD_1","0128406d","COMPUTED_JUMP","false","false"
"FUN_01283910","01283910","01283964","switchD_01283964::caseD_2","01284192","COMPUTED_JUMP","false","false"
"FUN_01283910","01283910","01283964","switchD_01283964::caseD_3","012842c8","COMPUTED_JUMP","false","false"
"FUN_01283910","01283910","01283964","switchD_01283964::caseD_4","0128441e","COMPUTED_JUMP","false","false"
"FUN_01283910","01283910","01283964","switchD_01283964::caseD_5","012844ff","COMPUTED_JUMP","false","false"
"FUN_01283910","01283910","01283964","switchD_01283964::caseD_6","012845d1","COMPUTED_JUMP","false","false"
"FUN_01283910","01283910","01283964","switchD_01283964::caseD_7","012846ba","COMPUTED_JUMP","false","false"
"FUN_01283910","01283910","01283964","switchD_01283964::caseD_8","01286e1b","COMPUTED_JUMP","false","false"
"FUN_01283910","01283910","01283964","switchD_01283964::caseD_9","012847f1","COMPUTED_JUMP","false","false"
"FUN_01283910","01283910","01283964","switchD_01283964::caseD_a","0128488c","COMPUTED_JUMP","false","false"
"FUN_01283910","01283910","01283964","switchD_01283964::caseD_b","0128594f","COMPUTED_JUMP","false","false"
"FUN_01283910","01283910","01283964","switchD_01283964::caseD_c","012848a8","COMPUTED_JUMP","false","false"
"FUN_01283910","01283910","01283964","switchD_01283964::caseD_d","0128493b","COMPUTED_JUMP","false","false"
"FUN_01283910","01283910","01283964","switchD_01283964::caseD_e","01284a11","COMPUTED_JUMP","false","false"
"FUN_01283910","01283910","01283964","switchD_01283964::caseD_f","01286dc7","COMPUTED_JUMP","false","false"
"FUN_01283910","01283910","01283964","switchD_01283964::caseD_10","01286de3","COMPUTED_JUMP","false","false"
"FUN_01283910","01283910","01283964","switchD_01283964::caseD_11","01287943","COMPUTED_JUMP","false","false"
"FUN_01283910","01283910","01283964","switchD_01283964::caseD_32","01284b48","COMPUTED_JUMP","false","false"
"FUN_01283910","01283910","01283964","switchD_01283964::caseD_34","01284c99","COMPUTED_JUMP","false","false"
"FUN_01283910","01283910","01283964","switchD_01283964::caseD_35","01284de8","COMPUTED_JUMP","false","false"
"FUN_01283910","01283910","01283964","switchD_01283964::caseD_37","01284eb5","COMPUTED_JUMP","false","false"
"FUN_01283910","01283910","01283964","switchD_01283964::caseD_38","01284fb5","COMPUTED_JUMP","false","false"
"FUN_01283910","01283910","01283964","switchD_01283964::caseD_39","0128512f","COMPUTED_JUMP","false","false"
"FUN_01283910","01283910","01283964","switchD_01283964::caseD_3a","012852c0","COMPUTED_JUMP","false","false"
"FUN_01283910","01283910","01283964","switchD_01283964::caseD_3b","01285456","COMPUTED_JUMP","false","false"
"FUN_01283910","01283910","01283964","switchD_01283964::caseD_3c","012854b5","COMPUTED_JUMP","false","false"
"FUN_01283910","01283910","01283964","switchD_01283964::caseD_3d","01285663","COMPUTED_JUMP","false","false"
"FUN_01283910","01283910","01283964","switchD_01283964::caseD_3e","0128574e","COMPUTED_JUMP","false","false"
"FUN_01283910","01283910","01283964","switchD_01283964::caseD_40","0128579e","COMPUTED_JUMP","false","false"
"FUN_01283910","01283910","01283964","switchD_01283964::caseD_42","01283ccc","COMPUTED_JUMP","false","false"
"FUN_01283910","01283910","01283964","switchD_01283964::caseD_43","01283d56","COMPUTED_JUMP","false","false"
"FUN_01283910","01283910","01283964","switchD_01283964::caseD_44","01283e3b","COMPUTED_JUMP","false","false"
"FUN_01283910","01283910","01283964","switchD_01283964::caseD_45","01283ea3","COMPUTED_JUMP","false","false"
"FUN_01283910","01283910","01283964","switchD_01283964::caseD_46","01283fb1","COMPUTED_JUMP","false","false"
"FUN_01283910","01283910","01283964","switchD_01283964::caseD_47","0128599f","COMPUTED_JUMP","false","false"
"FUN_01283910","01283910","01283964","switchD_01283964::caseD_49","01285b47","COMPUTED_JUMP","false","false"
"FUN_01283910","01283910","01283964","switchD_01283964::caseD_4a","01285c7c","COMPUTED_JUMP","false","false"
"FUN_01283910","01283910","01283964","switchD_01283964::caseD_4b","01285d2b","COMPUTED_JUMP","false","false"
"FUN_01283910","01283910","01283964","switchD_01283964::caseD_4c","01285d47","COMPUTED_JUMP","false","false"
"FUN_01283910","01283910","01283964","switchD_01283964::caseD_4d","01285e00","COMPUTED_JUMP","false","false"
"FUN_01283910","01283910","01283964","switchD_01283964::caseD_4e","01285e9b","COMPUTED_JUMP","false","false"
"FUN_01283910","01283910","01283964","switchD_01283964::caseD_4f","0128603f","COMPUTED_JUMP","false","false"
"FUN_01283910","01283910","01283964","switchD_01283964::caseD_50","012861f1","COMPUTED_JUMP","false","false"
"FUN_01283910","01283910","01283964","switchD_01283964::caseD_51","0128620d","COMPUTED_JUMP","false","false"
"FUN_01283910","01283910","01283964","switchD_01283964::caseD_52","012862d0","COMPUTED_JUMP","false","false"
"FUN_01283910","01283910","01283964","switchD_01283964::caseD_53","012863ab","COMPUTED_JUMP","false","false"
"FUN_01283910","01283910","01283964","switchD_01283964::caseD_58","0128657c","COMPUTED_JUMP","false","false"
"FUN_01283910","01283910","01283964","switchD_01283964::caseD_59","0128669d","COMPUTED_JUMP","false","false"
"FUN_01283910","01283910","01283964","switchD_01283964::caseD_5a","01286742","COMPUTED_JUMP","false","false"
"FUN_01283910","01283910","01283964","switchD_01283964::caseD_5b","012868d3","COMPUTED_JUMP","false","false"
"FUN_01283910","01283910","01283964","switchD_01283964::caseD_5c","01286978","COMPUTED_JUMP","false","false"
"FUN_01283910","01283910","01283964","switchD_01283964::caseD_5d","01286abc","COMPUTED_JUMP","false","false"
"FUN_01283910","01283910","01283964","switchD_01283964::caseD_5e","01286c41","COMPUTED_JUMP","false","false"
"FUN_01283910","01283910","01283964","switchD_01283964::caseD_5f","01286dab","COMPUTED_JUMP","false","false"
"FUN_01283910","01283910","01283964","switchD_01283964::caseD_60","01286dff","COMPUTED_JUMP","false","false"
"FUN_01283910","01283910","01283964","switchD_01283964::caseD_6e","01286e37","COMPUTED_JUMP","false","false"
"FUN_01283910","01283910","01283964","switchD_01283964::caseD_6f","01286e53","COMPUTED_JUMP","false","false"
"FUN_01283910","01283910","01283964","switchD_01283964::caseD_70","01286e6f","COMPUTED_JUMP","false","false"
"FUN_01283910","01283910","01283964","switchD_01283964::caseD_72","01286e8b","COMPUTED_JUMP","false","false"
"FUN_01283910","01283910","01283964","switchD_01283964::caseD_73","01286edf","COMPUTED_JUMP","false","false"
"FUN_01283910","01283910","01283964","switchD_01283964::caseD_74","01286efb","COMPUTED_JUMP","false","false"
"FUN_01283910","01283910","01283964","switchD_01283964::caseD_75","01286f17","COMPUTED_JUMP","false","false"
"FUN_01283910","01283910","01283964","switchD_01283964::caseD_76","01286f33","COMPUTED_JUMP","false","false"
"FUN_01283910","01283910","01283964","switchD_01283964::caseD_77","01286f4f","COMPUTED_JUMP","false","false"
"FUN_01283910","01283910","01283964","switchD_01283964::caseD_78","01286f6b","COMPUTED_JUMP","false","false"
"FUN_01283910","01283910","01283964","switchD_01283964::caseD_79","01286f87","COMPUTED_JUMP","false","false"
"FUN_01283910","01283910","01283964","switchD_01283964::caseD_7a","01286fa3","COMPUTED_JUMP","false","false"
"FUN_01283910","01283910","01283964","switchD_01283964::caseD_7c","01286fbf","COMPUTED_JUMP","false","false"
"FUN_01283910","01283910","01283964","switchD_01283964::caseD_7d","01286fdb","COMPUTED_JUMP","false","false"
"FUN_01283910","01283910","01283964","switchD_01283964::caseD_7e","01286ff7","COMPUTED_JUMP","false","false"
"FUN_01283910","01283910","01283964","switchD_01283964::caseD_83","01287013","COMPUTED_JUMP","false","false"
"FUN_01283910","01283910","01283964","switchD_01283964::caseD_84","0128702f","COMPUTED_JUMP","false","false"
"FUN_01283910","01283910","01283964","switchD_01283964::caseD_85","0128704b","COMPUTED_JUMP","false","false"
"FUN_01283910","01283910","01283964","switchD_01283964::caseD_86","01287067","COMPUTED_JUMP","false","false"
"FUN_01283910","01283910","01283964","switchD_01283964::caseD_87","01287083","COMPUTED_JUMP","false","false"
"FUN_01283910","01283910","01283964","switchD_01283964::caseD_88","0128709f","COMPUTED_JUMP","false","false"
"FUN_01283910","01283910","01283964","switchD_01283964::caseD_89","012870bb","COMPUTED_JUMP","false","false"
"FUN_01283910","01283910","01283964","switchD_01283964::caseD_8a","012870d7","COMPUTED_JUMP","false","false"
"FUN_01283910","01283910","01283964","switchD_01283964::caseD_8b","012870f3","COMPUTED_JUMP","false","false"
"FUN_01283910","01283910","01283964","switchD_01283964::caseD_8c","01286ea7","COMPUTED_JUMP","false","false"
"FUN_01283910","01283910","01283964","switchD_01283964::caseD_8d","01286ec3","COMPUTED_JUMP","false","false"
"FUN_01283910","01283910","01283964","switchD_01283964::caseD_8e","0128710f","COMPUTED_JUMP","false","false"
"FUN_01283910","01283910","01283964","switchD_01283964::caseD_8f","0128712b","COMPUTED_JUMP","false","false"
"FUN_01283910","01283910","01283964","switchD_01283964::caseD_90","01287147","COMPUTED_JUMP","false","false"
"FUN_01283910","01283910","01283964","switchD_01283964::caseD_91","01287163","COMPUTED_JUMP","false","false"
"FUN_01283910","01283910","01283964","switchD_01283964::caseD_92","0128717f","COMPUTED_JUMP","false","false"
"FUN_01283910","01283910","01283964","switchD_01283964::caseD_93","0128719b","COMPUTED_JUMP","false","false"
"FUN_01283910","01283910","01283964","switchD_01283964::caseD_94","012871b7","COMPUTED_JUMP","false","false"
"FUN_01283910","01283910","01283964","switchD_01283964::caseD_95","012871d3","COMPUTED_JUMP","false","false"
"FUN_01283910","01283910","01283964","switchD_01283964::caseD_96","01285f36","COMPUTED_JUMP","false","false"
"FUN_01283910","01283910","01283964","switchD_01283964::caseD_97","01285f86","COMPUTED_JUMP","false","false"
"FUN_01283910","01283910","01283964","switchD_01283964::caseD_98","012871ef","COMPUTED_JUMP","false","false"
"FUN_01283910","01283910","01283964","switchD_01283964::caseD_99","0128720b","COMPUTED_JUMP","false","false"
"FUN_01283910","01283910","01283964","switchD_01283964::caseD_9a","01287227","COMPUTED_JUMP","false","false"
"FUN_01283910","01283910","01283964","switchD_01283964::caseD_9b","01287243","COMPUTED_JUMP","false","false"
"FUN_01283910","01283910","01283964","switchD_01283964::caseD_9c","0128725f","COMPUTED_JUMP","false","false"
"FUN_01283910","01283910","01283964","switchD_01283964::caseD_9d","0128727b","COMPUTED_JUMP","false","false"
"FUN_01283910","01283910","01283964","switchD_01283964::caseD_9e","01287297","COMPUTED_JUMP","false","false"
"FUN_01283910","01283910","01283964","switchD_01283964::caseD_9f","012872b3","COMPUTED_JUMP","false","false"
"FUN_01283910","01283910","01283964","switchD_01283964::caseD_a0","012872cf","COMPUTED_JUMP","false","false"
"FUN_01283910","01283910","01283964","switchD_01283964::caseD_a1","012872eb","COMPUTED_JUMP","false","false"
"FUN_01283910","01283910","01283964","switchD_01283964::caseD_a2","01287307","COMPUTED_JUMP","false","false"
"FUN_01283910","01283910","01283964","switchD_01283964::caseD_a3","01287323","COMPUTED_JUMP","false","false"
"FUN_01283910","01283910","01283964","switchD_01283964::caseD_a4","0128733f","COMPUTED_JUMP","false","false"
"FUN_01283910","01283910","01283964","switchD_01283964::caseD_a5","0128735b","COMPUTED_JUMP","false","false"
"FUN_01283910","01283910","01283964","switchD_01283964::caseD_a6","01287377","COMPUTED_JUMP","false","false"
"FUN_01283910","01283910","01283964","switchD_01283964::caseD_b5","01287393","COMPUTED_JUMP","false","false"
"FUN_01283910","01283910","01283964","switchD_01283964::caseD_b6","012873af","COMPUTED_JUMP","false","false"
"FUN_01283910","01283910","01283964","switchD_01283964::caseD_b7","012873cb","COMPUTED_JUMP","false","false"
"FUN_01283910","01283910","01283964","switchD_01283964::caseD_b8","012873e7","COMPUTED_JUMP","false","false"
"FUN_01283910","01283910","01283964","switchD_01283964::caseD_b9","01287403","COMPUTED_JUMP","false","false"
"FUN_01283910","01283910","01283964","switchD_01283964::caseD_ba","0128741f","COMPUTED_JUMP","false","false"
"FUN_01283910","01283910","01283964","switchD_01283964::caseD_bb","0128743b","COMPUTED_JUMP","false","false"
"FUN_01283910","01283910","01283964","switchD_01283964::caseD_bc","01287457","COMPUTED_JUMP","false","false"
"FUN_01283910","01283910","01283964","switchD_01283964::caseD_bd","01287473","COMPUTED_JUMP","false","false"
"FUN_01283910","01283910","01283964","switchD_01283964::caseD_be","0128748f","COMPUTED_JUMP","false","false"
"FUN_01283910","01283910","01283964","switchD_01283964::caseD_bf","012874ab","COMPUTED_JUMP","false","false"
"FUN_01283910","01283910","01283964","switchD_01283964::caseD_c0","012874c7","COMPUTED_JUMP","false","false"
"FUN_01283910","01283910","01283964","switchD_01283964::caseD_c1","012874e3","COMPUTED_JUMP","false","false"
"FUN_01283910","01283910","01283964","switchD_01283964::caseD_c2","012874ff","COMPUTED_JUMP","false","false"
"FUN_01283910","01283910","01283964","switchD_01283964::caseD_c3","0128751b","COMPUTED_JUMP","false","false"
"FUN_01283910","01283910","01283964","switchD_01283964::caseD_c4","01287537","COMPUTED_JUMP","false","false"
"FUN_01283910","01283910","01283964","switchD_01283964::caseD_c5","01287553","COMPUTED_JUMP","false","false"
"FUN_01283910","01283910","01283964","switchD_01283964::caseD_c6","0128756f","COMPUTED_JUMP","false","false"
"FUN_01283910","01283910","01283964","switchD_01283964::caseD_c7","0128396b","COMPUTED_JUMP","false","false"
"FUN_01283910","01283910","01283964","switchD_01283964::caseD_c8","01283a69","COMPUTED_JUMP","false","false"
"FUN_01283910","01283910","01283964","switchD_01283964::caseD_c9","01283b5a","COMPUTED_JUMP","false","false"
"FUN_01283910","01283910","01283964","switchD_01283964::caseD_ca","01283c09","COMPUTED_JUMP","false","false"
"FUN_01283910","01283910","01283964","switchD_01283964::caseD_cb","01286478","COMPUTED_JUMP","false","false"
"FUN_01283910","01283910","01283964","switchD_01283964::caseD_cc","012875a7","COMPUTED_JUMP","false","false"
"FUN_01283910","01283910","01283964","switchD_01283964::caseD_cd","0128758b","COMPUTED_JUMP","false","false"
"FUN_01283910","01283910","01283964","switchD_01283964::caseD_ce","012875c3","COMPUTED_JUMP","false","false"
"FUN_01283910","01283910","01283964","switchD_01283964::caseD_cf","012875df","COMPUTED_JUMP","false","false"
"FUN_01283910","01283910","01283964","switchD_01283964::caseD_d0","012875fb","COMPUTED_JUMP","false","false"
"FUN_01283910","01283910","01283964","switchD_01283964::caseD_d1","01287617","COMPUTED_JUMP","false","false"
"FUN_01283910","01283910","01283964","switchD_01283964::caseD_d2","01287633","COMPUTED_JUMP","false","false"
"FUN_01283910","01283910","01283964","switchD_01283964::caseD_d3","0128764f","COMPUTED_JUMP","false","false"
"FUN_01283910","01283910","01283964","switchD_01283964::caseD_d4","0128766b","COMPUTED_JUMP","false","false"
"FUN_01283910","01283910","01283964","switchD_01283964::caseD_d5","01287687","COMPUTED_JUMP","false","false"
"FUN_01283910","01283910","01283964","switchD_01283964::caseD_d6","012876a3","COMPUTED_JUMP","false","false"
"FUN_01283910","01283910","01283964","switchD_01283964::caseD_d7","012876bf","COMPUTED_JUMP","false","false"
"FUN_01283910","01283910","01283964","switchD_01283964::caseD_d8","012876db","COMPUTED_JUMP","false","false"
"FUN_01283910","01283910","01283964","switchD_01283964::caseD_d9","012876f7","COMPUTED_JUMP","false","false"
"FUN_01283910","01283910","01283964","switchD_01283964::caseD_da","01287713","COMPUTED_JUMP","false","false"
"FUN_01283910","01283910","01283964","switchD_01283964::caseD_db","0128772f","COMPUTED_JUMP","false","false"
"FUN_01283910","01283910","01283964","switchD_01283964::caseD_dc","0128774b","COMPUTED_JUMP","false","false"
"FUN_01283910","01283910","01283964","switchD_01283964::caseD_dd","01287767","COMPUTED_JUMP","false","false"
"FUN_01283910","01283910","01283964","switchD_01283964::caseD_de","01287783","COMPUTED_JUMP","false","false"
"FUN_01283910","01283910","01283964","switchD_01283964::caseD_df","0128779f","COMPUTED_JUMP","false","false"
"FUN_01283910","01283910","01283964","switchD_01283964::caseD_e0","012877bb","COMPUTED_JUMP","false","false"
"FUN_01283910","01283910","01283964","switchD_01283964::caseD_e1","012877d7","COMPUTED_JUMP","false","false"
"FUN_01283910","01283910","01283964","switchD_01283964::caseD_e2","012877f3","COMPUTED_JUMP","false","false"
"FUN_01283910","01283910","01283964","switchD_01283964::caseD_e3","0128780f","COMPUTED_JUMP","false","false"
"FUN_01283910","01283910","01283964","switchD_01283964::caseD_e4","0128782b","COMPUTED_JUMP","false","false"
"FUN_01283910","01283910","01283964","switchD_01283964::caseD_e5","01287847","COMPUTED_JUMP","false","false"
"FUN_01283910","01283910","01283964","switchD_01283964::caseD_e6","01287863","COMPUTED_JUMP","false","false"
"FUN_01283910","01283910","01283964","switchD_01283964::caseD_e7","0128787f","COMPUTED_JUMP","false","false"
"FUN_01283910","01283910","01283964","switchD_01283964::caseD_e8","012878ef","COMPUTED_JUMP","false","false"
"FUN_01283910","01283910","01283964","switchD_01283964::caseD_e9","0128789b","COMPUTED_JUMP","false","false"
"FUN_01283910","01283910","01283964","switchD_01283964::caseD_ea","012878b7","COMPUTED_JUMP","false","false"
"FUN_01283910","01283910","01283964","switchD_01283964::caseD_eb","012878d3","COMPUTED_JUMP","false","false"
"FUN_01283910","01283910","01283964","switchD_01283964::caseD_ed","0128790b","COMPUTED_JUMP","false","false"
"FUN_01283910","01283910","01283964","switchD_01283964::caseD_ee","01287927","COMPUTED_JUMP","false","false"
"FUN_01283910","01283910","01283964","switchD_01283964::switchdataD_0128795c","0128795c","DATA","false","true"
"FUN_01283910","01283910","01283970","FUN_016830c0","016830c0","UNCONDITIONAL_CALL","true","false"
"FUN_01283910","01283910","0128397a","","Stack[-0x28]","WRITE","false","true"
"FUN_01283910","01283910","0128397d","","Stack[-0x14]","WRITE","false","true"
"FUN_01283910","01283910","01283986","LAB_01283a1e","01283a1e","CONDITIONAL_JUMP","false","false"
"FUN_01283910","01283910","01283994","VCRUNTIME140.DLL::memset","01831f34","UNCONDITIONAL_CALL","true","false"
"FUN_01283910","01283910","0128399e","FUN_01287ce0","01287ce0","UNCONDITIONAL_CALL","true","false"
"FUN_01283910","01283910","012839a3","DAT_01ad357c","01ad357c","DATA","false","true"
"FUN_01283910","01283910","012839b7","","Stack[-0x14]","WRITE","false","true"
"FUN_01283910","01283910","012839bb","DAT_01ad34bc","01ad34bc","DATA","false","true"
"FUN_01283910","01283910","012839c1","DAT_01ad34b0","01ad34b0","DATA","false","true"
"FUN_01283910","01283910","012839e5","","Stack[-0x30]","WRITE","false","true"
"FUN_01283910","01283910","012839f7","operator_new","017986a9","UNCONDITIONAL_CALL","true","false"
"FUN_01283910","01283910","01283a0f","","Stack[-0x28]","READ","false","true"
"FUN_01283910","01283910","01283a1c","LAB_01283a20","01283a20","UNCONDITIONAL_JUMP","false","false"
"FUN_01283910","01283910","01283a22","s_MainMenuUI_01ae979c","01ae979c","DATA","false","true"
"FUN_01283910","01283910","01283a2d","","Stack[-0x14]","WRITE","false","true"
"FUN_01283910","01283910","01283a34","FUN_00f19f10","00f19f10","UNCONDITIONAL_CALL","true","false"
"FUN_01283910","01283910","01283a3d","DAT_01ad34dc","01ad34dc","READ","false","true"
"FUN_01283910","01283910","01283a40","FUN_010b92b0","010b92b0","DATA","false","true"
"FUN_01283910","01283910","01283a45","LAB_01283d3b","01283d3b","CONDITIONAL_JUMP","false","false"
"FUN_01283910","01283910","01283a4b","FUN_010b92b0","010b92b0","UNCONDITIONAL_CALL","true","false"
"FUN_01283910","01283910","01283a55","","Stack[-0x1c]","READ","false","true"
"FUN_01283910","01283910","01283a58","ExceptionList","ffdff000","WRITE","false","true"
"FUN_01283910","01283910","01283a67","","Stack[-0x4]","DATA","false","true"
"FUN_01283910","01283910","01283a6e","FUN_016830c0","016830c0","UNCONDITIONAL_CALL","true","false"
"FUN_01283910","01283910","01283a78","","Stack[-0x28]","WRITE","false","true"
"FUN_01283910","01283910","01283a7b","","Stack[-0x14]","WRITE","false","true"
"FUN_01283910","01283910","01283a84","LAB_01283b0f","01283b0f","CONDITIONAL_JUMP","false","false"
"FUN_01283910","01283910","01283a92","VCRUNTIME140.DLL::memset","01831f34","UNCONDITIONAL_CALL","true","false"
"FUN_01283910","01283910","01283a9c","FUN_01287ce0","01287ce0","UNCONDITIONAL_CALL","true","false"
"FUN_01283910","01283910","01283aa1","DAT_01ad357c","01ad357c","DATA","false","true"
"FUN_01283910","01283910","01283ab5","","Stack[-0x14]","WRITE","false","true"
"FUN_01283910","01283910","01283ab9","DAT_01ad35d0","01ad35d0","DATA","false","true"
"FUN_01283910","01283910","01283abf","DAT_01ad35c4","01ad35c4","DATA","false","true"
"FUN_01283910","01283910","01283ad9","","Stack[-0x30]","WRITE","false","true"
"FUN_01283910","01283910","01283aeb","operator_new","017986a9","UNCONDITIONAL_CALL","true","false"
"FUN_01283910","01283910","01283b03","","Stack[-0x28]","READ","false","true"
"FUN_01283910","01283910","01283b0d","LAB_01283b11","01283b11","UNCONDITIONAL_JUMP","false","false"
"FUN_01283910","01283910","01283b13","s_QuickMenuUI_01ae97b8","01ae97b8","DATA","false","true"
"FUN_01283910","01283910","01283b1e","","Stack[-0x14]","WRITE","false","true"
"FUN_01283910","01283910","01283b25","FUN_00f19f10","00f19f10","UNCONDITIONAL_CALL","true","false"
"FUN_01283910","01283910","01283b2e","DAT_01ad35f0","01ad35f0","READ","false","true"
"FUN_01283910","01283910","01283b31","FUN_010bab40","010bab40","DATA","false","true"
"FUN_01283910","01283910","01283b36","LAB_01283d3b","01283d3b","CONDITIONAL_JUMP","false","false"
"FUN_01283910","01283910","01283b3c","FUN_010bab40","010bab40","UNCONDITIONAL_CALL","true","false"
"FUN_01283910","01283910","01283b46","","Stack[-0x1c]","READ","false","true"
"FUN_01283910","01283910","01283b49","ExceptionList","ffdff000","WRITE","false","true"
"FUN_01283910","01283910","01283b58","","Stack[-0x4]","DATA","false","true"
"FUN_01283910","01283910","01283b5f","FUN_016830c0","016830c0","UNCONDITIONAL_CALL","true","false"
"FUN_01283910","01283910","01283b69","","Stack[-0x30]","WRITE","false","true"
"FUN_01283910","01283910","01283b6c","","Stack[-0x14]","WRITE","false","true"
"FUN_01283910","01283910","01283b75","LAB_01283bbe","01283bbe","CONDITIONAL_JUMP","false","false"
"FUN_01283910","01283910","01283b7f","VCRUNTIME140.DLL::memset","01831f34","UNCONDITIONAL_CALL","true","false"
"FUN_01283910","01283910","01283b89","FUN_01287ce0","01287ce0","UNCONDITIONAL_CALL","true","false"
"FUN_01283910","01283910","01283b8e","DAT_01ad357c","01ad357c","DATA","false","true"
"FUN_01283910","01283910","01283ba2","DAT_01ad371c","01ad371c","DATA","false","true"
"FUN_01283910","01283910","01283ba8","DAT_01ad3710","01ad3710","DATA","false","true"
"FUN_01283910","01283910","01283bbc","LAB_01283bc0","01283bc0","UNCONDITIONAL_JUMP","false","false"
"FUN_01283910","01283910","01283bc2","s_QuickSubMenuUI_01ae97a8","01ae97a8","DATA","false","true"
"FUN_01283910","01283910","01283bcd","","Stack[-0x14]","WRITE","false","true"
"FUN_01283910","01283910","01283bd4","FUN_00f19f10","00f19f10","UNCONDITIONAL_CALL","true","false"
"FUN_01283910","01283910","01283bdd","DAT_01ad373c","01ad373c","READ","false","true"
"FUN_01283910","01283910","01283be0","FUN_010bba60","010bba60","DATA","false","true"
"FUN_01283910","01283910","01283be5","LAB_01283d3b","01283d3b","CONDITIONAL_JUMP","false","false"
"FUN_01283910","01283910","01283beb","FUN_010bba60","010bba60","UNCONDITIONAL_CALL","true","false"
"FUN_01283910","01283910","01283bf5","","Stack[-0x1c]","READ","false","true"
"FUN_01283910","01283910","01283bf8","ExceptionList","ffdff000","WRITE","false","true"
"FUN_01283910","01283910","01283c07","","Stack[-0x4]","DATA","false","true"
"FUN_01283910","01283910","01283c0e","FUN_016830c0","016830c0","UNCONDITIONAL_CALL","true","false"
"FUN_01283910","01283910","01283c18","","Stack[-0x30]","WRITE","false","true"
"FUN_01283910","01283910","01283c1b","","Stack[-0x14]","WRITE","false","true"
"FUN_01283910","01283910","01283c24","LAB_01283c81","01283c81","CONDITIONAL_JUMP","false","false"
"FUN_01283910","01283910","01283c2e","VCRUNTIME140.DLL::memset","01831f34","UNCONDITIONAL_CALL","true","false"
"FUN_01283910","01283910","01283c38","FUN_01287ce0","01287ce0","UNCONDITIONAL_CALL","true","false"
"FUN_01283910","01283910","01283c3d","DAT_01ad3ff0","01ad3ff0","DATA","false","true"
"FUN_01283910","01283910","01283c51","DAT_01ad3f30","01ad3f30","DATA","false","true"
"FUN_01283910","01283910","01283c57","DAT_01ad3f24","01ad3f24","DATA","false","true"
"FUN_01283910","01283910","01283c7f","LAB_01283c83","01283c83","UNCONDITIONAL_JUMP","false","false"
"FUN_01283910","01283910","01283c85","s_VipMemberShipToolUI_01ae97d0","01ae97d0","DATA","false","true"
"FUN_01283910","01283910","01283c90","","Stack[-0x14]","WRITE","false","true"
"FUN_01283910","01283910","01283c97","FUN_00f19f10","00f19f10","UNCONDITIONAL_CALL","true","false"
"FUN_01283910","01283910","01283ca0","DAT_01ad3f50","01ad3f50","READ","false","true"
"FUN_01283910","01283910","01283ca3","FUN_010c0da0","010c0da0","DATA","false","true"
"FUN_01283910","01283910","01283ca8","LAB_01283d3b","01283d3b","CONDITIONAL_JUMP","false","false"
"FUN_01283910","01283910","01283cae","FUN_010c0da0","010c0da0","UNCONDITIONAL_CALL","true","false"
"FUN_01283910","01283910","01283cb8","","Stack[-0x1c]","READ","false","true"
"FUN_01283910","01283910","01283cbb","ExceptionList","ffdff000","WRITE","false","true"
"FUN_01283910","01283910","01283cca","","Stack[-0x4]","DATA","false","true"
"FUN_01283910","01283910","01283cd1","FUN_016830c0","016830c0","UNCONDITIONAL_CALL","true","false"
"FUN_01283910","01283910","01283cdb","","Stack[-0x30]","WRITE","false","true"
"FUN_01283910","01283910","01283cde","","Stack[-0x14]","WRITE","false","true"
"FUN_01283910","01283910","01283ce7","LAB_01283d12","01283d12","CONDITIONAL_JUMP","false","false"
"FUN_01283910","01283910","01283cf1","VCRUNTIME140.DLL::memset","01831f34","UNCONDITIONAL_CALL","true","false"
"FUN_01283910","01283910","01283cfb","FUN_01304130","01304130","UNCONDITIONAL_CALL","true","false"
"FUN_01283910","01283910","01283d00","DAT_01aefaf0","01aefaf0","DATA","false","true"
"FUN_01283910","01283910","01283d10","LAB_01283d14","01283d14","UNCONDITIONAL_JUMP","false","false"
"FUN_01283910","01283910","01283d16","s_OptionSound_01ae97c4","01ae97c4","DATA","false","true"
"FUN_01283910","01283910","01283d21","","Stack[-0x14]","WRITE","false","true"
"FUN_01283910","01283910","01283d28","FUN_00f19f10","00f19f10","UNCONDITIONAL_CALL","true","false"
"FUN_01283910","01283910","01283d2f","DAT_01aefcb8","01aefcb8","READ","false","true"
"FUN_01283910","01283910","01283d32","FUN_00f505a0","00f505a0","DATA","false","true"
"FUN_01283910","01283910","01283d37","LAB_01283d3d","01283d3d","CONDITIONAL_JUMP","false","false"
"FUN_01283910","01283910","01283d3b","FUN_0114a210","0114a210","COMPUTED_CALL","true","false"
"FUN_01283910","01283910","01283d3b","FUN_010c0da0","010c0da0","COMPUTED_CALL","true","false"
"FUN_01283910","01283910","01283d3b","FUN_010bba60","010bba60","COMPUTED_CALL","true","false"
"FUN_01283910","01283910","01283d3b","FUN_010bab40","010bab40","COMPUTED_CALL","true","false"
"FUN_01283910","01283910","01283d3b","FUN_010b92b0","010b92b0","COMPUTED_CALL","true","false"
"FUN_01283910","01283910","01283d3b","FUN_01349580","01349580","COMPUTED_CALL","true","false"
"FUN_01283910","01283910","01283d3b","FUN_01349910","01349910","COMPUTED_CALL","true","false"
"FUN_01283910","01283910","01283d3b","FUN_01371690","01371690","COMPUTED_CALL","true","false"
"FUN_01283910","01283910","01283d3b","FUN_012f5dd0","012f5dd0","COMPUTED_CALL","true","false"
"FUN_01283910","01283910","01283d3b","FUN_012eb5e0","012eb5e0","COMPUTED_CALL","true","false"
"FUN_01283910","01283910","01283d3b","FUN_01395f50","01395f50","COMPUTED_CALL","true","false"
"FUN_01283910","01283910","01283d3b","FUN_01369790","01369790","COMPUTED_CALL","true","false"
"FUN_01283910","01283910","01283d3b","FUN_01383070","01383070","COMPUTED_CALL","true","false"
"FUN_01283910","01283910","01283d3b","FUN_013f5560","013f5560","COMPUTED_CALL","true","false"
"FUN_01283910","01283910","01283d3b","FUN_0136b6a0","0136b6a0","COMPUTED_CALL","true","false"
"FUN_01283910","01283910","01283d3b","FUN_010f49d0","010f49d0","COMPUTED_CALL","true","false"
"FUN_01283910","01283910","01283d3b","FUN_010bcba0","010bcba0","COMPUTED_CALL","true","false"
"FUN_01283910","01283910","01283d3b","FUN_0132ab80","0132ab80","COMPUTED_CALL","true","false"
"FUN_01283910","01283910","01283d3b","FUN_01317d30","01317d30","COMPUTED_CALL","true","false"
"FUN_01283910","01283910","01283d3b","FUN_01314760","01314760","COMPUTED_CALL","true","false"
"FUN_01283910","01283910","01283d3b","FUN_0129b3c0","0129b3c0","COMPUTED_CALL","true","false"
"FUN_01283910","01283910","01283d3b","FUN_00f505a0","00f505a0","COMPUTED_CALL","true","false"
"FUN_01283910","01283910","01283d3b","FUN_012614e0","012614e0","COMPUTED_CALL","true","false"
"FUN_01283910","01283910","01283d3b","FUN_01264d60","01264d60","COMPUTED_CALL","true","false"
"FUN_01283910","01283910","01283d3b","FUN_012ba410","012ba410","COMPUTED_CALL","true","false"
"FUN_01283910","01283910","01283d3b","FUN_014647a0","014647a0","COMPUTED_CALL","true","false"
"FUN_01283910","01283910","01283d3b","FUN_012f70e0","012f70e0","COMPUTED_CALL","true","false"
"FUN_01283910","01283910","01283d3b","FUN_0138e170","0138e170","COMPUTED_CALL","true","false"
"FUN_01283910","01283910","01283d3b","FUN_010df9e0","010df9e0","COMPUTED_CALL","true","false"
"FUN_01283910","01283910","01283d3b","FUN_0139b6d0","0139b6d0","COMPUTED_CALL","true","false"
"FUN_01283910","01283910","01283d3b","FUN_0138ad30","0138ad30","COMPUTED_CALL","true","false"
"FUN_01283910","01283910","01283d3b","FUN_013ae830","013ae830","COMPUTED_CALL","true","false"
"FUN_01283910","01283910","01283d3b","FUN_013bb1e0","013bb1e0","COMPUTED_CALL","true","false"
"FUN_01283910","01283910","01283d3b","FUN_01386c40","01386c40","COMPUTED_CALL","true","false"
"FUN_01283910","01283910","01283d3b","FUN_013894f0","013894f0","COMPUTED_CALL","true","false"
"FUN_01283910","01283910","01283d42","","Stack[-0x1c]","READ","false","true"
"FUN_01283910","01283910","01283d45","ExceptionList","ffdff000","WRITE","false","true"
"FUN_01283910","01283910","01283d54","","Stack[-0x4]","DATA","false","true"
"FUN_01283910","01283910","01283d5b","FUN_016830c0","016830c0","UNCONDITIONAL_CALL","true","false"
"FUN_01283910","01283910","01283d65","","Stack[-0x30]","WRITE","false","true"
"FUN_01283910","01283910","01283d68","","Stack[-0x14]","WRITE","false","true"
"FUN_01283910","01283910","01283d71","LAB_01283e2d","01283e2d","CONDITIONAL_JUMP","false","false"
"FUN_01283910","01283910","01283d7f","VCRUNTIME140.DLL::memset","01831f34","UNCONDITIONAL_CALL","true","false"
"FUN_01283910","01283910","01283d89","FUN_01304130","01304130","UNCONDITIONAL_CALL","true","false"
"FUN_01283910","01283910","01283d8e","DAT_01aef914","01aef914","DATA","false","true"
"FUN_01283910","01283910","01283de9","LAB_01283dd1","01283dd1","CONDITIONAL_JUMP","false","false"
"FUN_01283910","01283910","01283e23","s_OptionMacro_01ae97f4","01ae97f4","DATA","false","true"
"FUN_01283910","01283910","01283e28","LAB_01283d1b","01283d1b","UNCONDITIONAL_JUMP","false","false"
"FUN_01283910","01283910","01283e31","s_OptionMacro_01ae97f4","01ae97f4","DATA","false","true"
"FUN_01283910","01283910","01283e36","LAB_01283d1b","01283d1b","UNCONDITIONAL_JUMP","false","false"
"FUN_01283910","01283910","01283e40","FUN_016830c0","016830c0","UNCONDITIONAL_CALL","true","false"
"FUN_01283910","01283910","01283e4a","","Stack[-0x30]","WRITE","false","true"
"FUN_01283910","01283910","01283e4d","","Stack[-0x14]","WRITE","false","true"
"FUN_01283910","01283910","01283e56","LAB_01283e95","01283e95","CONDITIONAL_JUMP","false","false"
"FUN_01283910","01283910","01283e60","VCRUNTIME140.DLL::memset","01831f34","UNCONDITIONAL_CALL","true","false"
"FUN_01283910","01283910","01283e6a","FUN_01304130","01304130","UNCONDITIONAL_CALL","true","false"
"FUN_01283910","01283910","01283e71","DAT_01aeea68","01aeea68","DATA","false","true"
"FUN_01283910","01283910","01283e8b","s_OptionGraphic_01ae97e4","01ae97e4","DATA","false","true"
"FUN_01283910","01283910","01283e90","LAB_01283d1b","01283d1b","UNCONDITIONAL_JUMP","false","false"
"FUN_01283910","01283910","01283e99","s_OptionGraphic_01ae97e4","01ae97e4","DATA","false","true"
"FUN_01283910","01283910","01283e9e","LAB_01283d1b","01283d1b","UNCONDITIONAL_JUMP","false","false"
"FUN_01283910","01283910","01283ea8","FUN_016830c0","016830c0","UNCONDITIONAL_CALL","true","false"
"FUN_01283910","01283910","01283eb2","","Stack[-0x34]","WRITE","false","true"
"FUN_01283910","01283910","01283eb5","","Stack[-0x14]","WRITE","false","true"
"FUN_01283910","01283910","01283ebe","LAB_01283fa3","01283fa3","CONDITIONAL_JUMP","false","false"
"FUN_01283910","01283910","01283ecc","VCRUNTIME140.DLL::memset","01831f34","UNCONDITIONAL_CALL","true","false"
"FUN_01283910","01283910","01283ed6","FUN_01304130","01304130","UNCONDITIONAL_CALL","true","false"
"FUN_01283910","01283910","01283edb","DAT_01aef3f0","01aef3f0","DATA","false","true"
"FUN_01283910","01283910","01283ef7","","Stack[-0x14]","WRITE","false","true"
"FUN_01283910","01283910","01283efb","operator_new","017986a9","UNCONDITIONAL_CALL","true","false"
"FUN_01283910","01283910","01283f00","","Stack[-0x28]","WRITE","false","true"
"FUN_01283910","01283910","01283f0d","DAT_01af3160","01af3160","DATA","false","true"
"FUN_01283910","01283910","01283f22","LAB_01283f37","01283f37","CONDITIONAL_JUMP","false","false"
"FUN_01283910","01283910","01283f2a","","Stack[-0x28]","READ","false","true"
"FUN_01283910","01283910","01283f3f","LAB_01283fa5","01283fa5","CONDITIONAL_JUMP","false","false"
"FUN_01283910","01283910","01283f41","DAT_01bfe470","01bfe470","READ","false","true"
"FUN_01283910","01283910","01283f46","","Stack[-0x2c]","DATA","false","true"
"FUN_01283910","01283910","01283f4d","","Stack[-0x2c]","WRITE","false","true"
"FUN_01283910","01283910","01283f54","","Stack[-0x40]","DATA","false","true"
"FUN_01283910","01283910","01283f57","","Stack[-0x30]","WRITE","false","true"
"FUN_01283910","01283910","01283f5d","FUN_00f1d720","00f1d720","UNCONDITIONAL_CALL","true","false"
"FUN_01283910","01283910","01283f62","","Stack[-0x38]","READ","false","true"
"FUN_01283910","01283910","01283f69","LAB_01283fa5","01283fa5","CONDITIONAL_JUMP","false","false"
"FUN_01283910","01283910","01283f6f","LAB_01283fa5","01283fa5","CONDITIONAL_JUMP","false","false"
"FUN_01283910","01283910","01283f71","","Stack[-0x30]","READ","false","true"
"FUN_01283910","01283910","01283f76","LAB_01283fa5","01283fa5","CONDITIONAL_JUMP","false","false"
"FUN_01283910","01283910","01283f7b","","Stack[-0x30]","WRITE","false","true"
"FUN_01283910","01283910","01283f80","LAB_01283fa5","01283fa5","CONDITIONAL_JUMP","false","false"
"FUN_01283910","01283910","01283f8c","LAB_01283fa5","01283fa5","CONDITIONAL_JUMP","false","false"
"FUN_01283910","01283910","01283f8e","","Stack[-0x28]","READ","false","true"
"FUN_01283910","01283910","01283f91","","Stack[-0x30]","READ","false","true"
"FUN_01283910","01283910","01283f96","s_OptionInterface_01ae9810","01ae9810","DATA","false","true"
"FUN_01283910","01283910","01283f9e","LAB_01283d1b","01283d1b","UNCONDITIONAL_JUMP","false","false"
"FUN_01283910","01283910","01283fa7","s_OptionInterface_01ae9810","01ae9810","DATA","false","true"
"FUN_01283910","01283910","01283fac","LAB_01283d1b","01283d1b","UNCONDITIONAL_JUMP","false","false"
"FUN_01283910","01283910","01283fb6","FUN_016830c0","016830c0","UNCONDITIONAL_CALL","true","false"
"FUN_01283910","01283910","01283fc0","","Stack[-0x30]","WRITE","false","true"
"FUN_01283910","01283910","01283fc3","","Stack[-0x14]","WRITE","false","true"
"FUN_01283910","01283910","01283fcc","LAB_0128405f","0128405f","CONDITIONAL_JUMP","false","false"
"FUN_01283910","01283910","01283fda","VCRUNTIME140.DLL::memset","01831f34","UNCONDITIONAL_CALL","true","false"
"FUN_01283910","01283910","01283fe4","FUN_01304130","01304130","UNCONDITIONAL_CALL","true","false"
"FUN_01283910","01283910","01283fe9","","Stack[-0x14]","WRITE","false","true"
"FUN_01283910","01283910","01283fed","DAT_01aefc98","01aefc98","DATA","false","true"
"FUN_01283910","01283910","01283ff9","","Stack[-0x34]","WRITE","false","true"
"FUN_01283910","01283910","01284013","operator_new","017986a9","UNCONDITIONAL_CALL","true","false"
"FUN_01283910","01283910","0128403c","","Stack[-0x30]","READ","false","true"
"FUN_01283910","01283910","01284041","s_OptionUserGrade_01ae9800","01ae9800","DATA","false","true"
"FUN_01283910","01283910","0128405a","LAB_01283d1b","01283d1b","UNCONDITIONAL_JUMP","false","false"
"FUN_01283910","01283910","01284063","s_OptionUserGrade_01ae9800","01ae9800","DATA","false","true"
"FUN_01283910","01283910","01284068","LAB_01283d1b","01283d1b","UNCONDITIONAL_JUMP","false","false"
"FUN_01283910","01283910","01284072","FUN_016830c0","016830c0","UNCONDITIONAL_CALL","true","false"
"FUN_01283910","01283910","0128407c","","Stack[-0x34]","WRITE","false","true"
"FUN_01283910","01283910","0128407f","","Stack[-0x14]","WRITE","false","true"
"FUN_01283910","01283910","01284088","LAB_0128415b","0128415b","CONDITIONAL_JUMP","false","false"
"FUN_01283910","01283910","01284096","VCRUNTIME140.DLL::memset","01831f34","UNCONDITIONAL_CALL","true","false"
"FUN_01283910","01283910","012840a0","FUN_01287ce0","01287ce0","UNCONDITIONAL_CALL","true","false"
"FUN_01283910","01283910","012840a5","DAT_01ad357c","01ad357c","DATA","false","true"
"FUN_01283910","01283910","012840b9","DAT_01af42bc","01af42bc","DATA","false","true"
"FUN_01283910","01283910","012840bf","DAT_01af42b0","01af42b0","DATA","false","true"
"FUN_01283910","01283910","0128414b","DAT_01bee894","01bee894","READ","false","true"
"FUN_01283910","01283910","01284159","LAB_0128415d","0128415d","UNCONDITIONAL_JUMP","false","false"
"FUN_01283910","01283910","0128415f","s_TamerWindow_01ae9834","01ae9834","DATA","false","true"
"FUN_01283910","01283910","0128416a","","Stack[-0x14]","WRITE","false","true"
"FUN_01283910","01283910","01284171","FUN_00f19f10","00f19f10","UNCONDITIONAL_CALL","true","false"
"FUN_01283910","01283910","0128417a","DAT_01af42dc","01af42dc","READ","false","true"
"FUN_01283910","01283910","0128417d","FUN_013894f0","013894f0","DATA","false","true"
"FUN_01283910","01283910","01284182","LAB_01283d3b","01283d3b","CONDITIONAL_JUMP","false","false"
"FUN_01283910","01283910","01284188","FUN_013894f0","013894f0","UNCONDITIONAL_CALL","true","false"
"FUN_01283910","01283910","0128418d","LAB_01283d3d","01283d3d","UNCONDITIONAL_JUMP","false","false"
"FUN_01283910","01283910","01284197","FUN_016830c0","016830c0","UNCONDITIONAL_CALL","true","false"
"FUN_01283910","01283910","012841a1","","Stack[-0x34]","WRITE","false","true"
"FUN_01283910","01283910","012841a4","","Stack[-0x14]","WRITE","false","true"
"FUN_01283910","01283910","012841ad","LAB_01284291","01284291","CONDITIONAL_JUMP","false","false"
"FUN_01283910","01283910","012841bb","VCRUNTIME140.DLL::memset","01831f34","UNCONDITIONAL_CALL","true","false"
"FUN_01283910","01283910","012841c5","FUN_01287ce0","01287ce0","UNCONDITIONAL_CALL","true","false"
"FUN_01283910","01283910","012841ca","DAT_01ad357c","01ad357c","DATA","false","true"
"FUN_01283910","01283910","012841de","DAT_01af4040","01af4040","DATA","false","true"
"FUN_01283910","01283910","012841e4","DAT_01af4034","01af4034","DATA","false","true"
"FUN_01283910","01283910","01284270","DAT_01bee894","01bee894","READ","false","true"
"FUN_01283910","01283910","0128428f","LAB_01284293","01284293","UNCONDITIONAL_JUMP","false","false"
"FUN_01283910","01283910","01284295","s_MainDigimonWindow_01ae9820","01ae9820","DATA","false","true"
"FUN_01283910","01283910","012842a0","","Stack[-0x14]","WRITE","false","true"
"FUN_01283910","01283910","012842a7","FUN_00f19f10","00f19f10","UNCONDITIONAL_CALL","true","false"
"FUN_01283910","01283910","012842b0","DAT_01af4060","01af4060","READ","false","true"
"FUN_01283910","01283910","012842b3","FUN_01386c40","01386c40","DATA","false","true"
"FUN_01283910","01283910","012842b8","LAB_01283d3b","01283d3b","CONDITIONAL_JUMP","false","false"
"FUN_01283910","01283910","012842be","FUN_01386c40","01386c40","UNCONDITIONAL_CALL","true","false"
"FUN_01283910","01283910","012842c3","LAB_01283d3d","01283d3d","UNCONDITIONAL_JUMP","false","false"
"FUN_01283910","01283910","012842cd","FUN_016830c0","016830c0","UNCONDITIONAL_CALL","true","false"
"FUN_01283910","01283910","012842d7","","Stack[-0x34]","WRITE","false","true"
"FUN_01283910","01283910","012842da","","Stack[-0x14]","WRITE","false","true"
"FUN_01283910","01283910","012842e3","LAB_012843e7","012843e7","CONDITIONAL_JUMP","false","false"
"FUN_01283910","01283910","012842f1","VCRUNTIME140.DLL::memset","01831f34","UNCONDITIONAL_CALL","true","false"
"FUN_01283910","01283910","012842fb","FUN_01287ce0","01287ce0","UNCONDITIONAL_CALL","true","false"
"FUN_01283910","01283910","01284300","DAT_01ad357c","01ad357c","DATA","false","true"
"FUN_01283910","01283910","01284314","DAT_01af6c2c","01af6c2c","DATA","false","true"
"FUN_01283910","01283910","0128431a","DAT_01af6c20","01af6c20","DATA","false","true"
"FUN_01283910","01283910","012843ce","DAT_01bee88c","01bee88c","READ","false","true"
"FUN_01283910","01283910","012843d3","DAT_01bee890","01bee890","READ","false","true"
"FUN_01283910","01283910","012843e5","LAB_012843e9","012843e9","UNCONDITIONAL_JUMP","false","false"
"FUN_01283910","01283910","012843eb","s_TargetUI_01ae9850","01ae9850","DATA","false","true"
"FUN_01283910","01283910","012843f6","","Stack[-0x14]","WRITE","false","true"
"FUN_01283910","01283910","012843fd","FUN_00f19f10","00f19f10","UNCONDITIONAL_CALL","true","false"
"FUN_01283910","01283910","01284406","DAT_01af6c4c","01af6c4c","READ","false","true"
"FUN_01283910","01283910","01284409","FUN_013bb1e0","013bb1e0","DATA","false","true"
"FUN_01283910","01283910","0128440e","LAB_01283d3b","01283d3b","CONDITIONAL_JUMP","false","false"
"FUN_01283910","01283910","01284414","FUN_013bb1e0","013bb1e0","UNCONDITIONAL_CALL","true","false"
"FUN_01283910","01283910","01284419","LAB_01283d3d","01283d3d","UNCONDITIONAL_JUMP","false","false"
"FUN_01283910","01283910","01284423","FUN_016830c0","016830c0","UNCONDITIONAL_CALL","true","false"
"FUN_01283910","01283910","0128442d","","Stack[-0x34]","WRITE","false","true"
"FUN_01283910","01283910","01284430","","Stack[-0x14]","WRITE","false","true"
"FUN_01283910","01283910","01284439","LAB_012844c8","012844c8","CONDITIONAL_JUMP","false","false"
"FUN_01283910","01283910","01284447","VCRUNTIME140.DLL::memset","01831f34","UNCONDITIONAL_CALL","true","false"
"FUN_01283910","01283910","01284451","FUN_01287ce0","01287ce0","UNCONDITIONAL_CALL","true","false"
"FUN_01283910","01283910","01284456","DAT_01ad357c","01ad357c","DATA","false","true"
"FUN_01283910","01283910","0128446a","DAT_01af4178","01af4178","DATA","false","true"
"FUN_01283910","01283910","01284470","DAT_01af416c","01af416c","DATA","false","true"
"FUN_01283910","01283910","012844c6","LAB_012844ca","012844ca","UNCONDITIONAL_JUMP","false","false"
"FUN_01283910","01283910","012844cc","s_TacticsWindow_01ae9840","01ae9840","DATA","false","true"
"FUN_01283910","01283910","012844d7","","Stack[-0x14]","WRITE","false","true"
"FUN_01283910","01283910","012844de","FUN_00f19f10","00f19f10","UNCONDITIONAL_CALL","true","false"
"FUN_01283910","01283910","012844e7","DAT_01af4198","01af4198","READ","false","true"
"FUN_01283910","01283910","012844ea","FUN_010b92b0","010b92b0","DATA","false","true"
"FUN_01283910","01283910","012844ef","LAB_01283d3b","01283d3b","CONDITIONAL_JUMP","false","false"
"FUN_01283910","01283910","012844f5","FUN_010b92b0","010b92b0","UNCONDITIONAL_CALL","true","false"
"FUN_01283910","01283910","012844fa","LAB_01283d3d","01283d3d","UNCONDITIONAL_JUMP","false","false"
"FUN_01283910","01283910","01284504","FUN_016830c0","016830c0","UNCONDITIONAL_CALL","true","false"
"FUN_01283910","01283910","0128450e","","Stack[-0x34]","WRITE","false","true"
"FUN_01283910","01283910","01284511","","Stack[-0x14]","WRITE","false","true"
"FUN_01283910","01283910","0128451a","LAB_0128459a","0128459a","CONDITIONAL_JUMP","false","false"
"FUN_01283910","01283910","01284524","VCRUNTIME140.DLL::memset","01831f34","UNCONDITIONAL_CALL","true","false"
"FUN_01283910","01283910","0128452e","FUN_01287ce0","01287ce0","UNCONDITIONAL_CALL","true","false"
"FUN_01283910","01283910","01284533","DAT_01ad357c","01ad357c","DATA","false","true"
"FUN_01283910","01283910","01284547","","Stack[-0x14]","WRITE","false","true"
"FUN_01283910","01283910","0128454b","DAT_01af5f3c","01af5f3c","DATA","false","true"
"FUN_01283910","01283910","01284551","DAT_01af5f30","01af5f30","DATA","false","true"
"FUN_01283910","01283910","01284585","operator_new","017986a9","UNCONDITIONAL_CALL","true","false"
"FUN_01283910","01283910","01284598","LAB_0128459c","0128459c","UNCONDITIONAL_JUMP","false","false"
"FUN_01283910","01283910","0128459e","s_XaiGuageWindow_01ae9868","01ae9868","DATA","false","true"
"FUN_01283910","01283910","012845a9","","Stack[-0x14]","WRITE","false","true"
"FUN_01283910","01283910","012845b0","FUN_00f19f10","00f19f10","UNCONDITIONAL_CALL","true","false"
"FUN_01283910","01283910","012845b9","DAT_01af5f5c","01af5f5c","READ","false","true"
"FUN_01283910","01283910","012845bc","FUN_013ae830","013ae830","DATA","false","true"
"FUN_01283910","01283910","012845c1","LAB_01283d3b","01283d3b","CONDITIONAL_JUMP","false","false"
"FUN_01283910","01283910","012845c7","FUN_013ae830","013ae830","UNCONDITIONAL_CALL","true","false"
"FUN_01283910","01283910","012845cc","LAB_01283d3d","01283d3d","UNCONDITIONAL_JUMP","false","false"
"FUN_01283910","01283910","012845d6","FUN_016830c0","016830c0","UNCONDITIONAL_CALL","true","false"
"FUN_01283910","01283910","012845e0","","Stack[-0x34]","WRITE","false","true"
"FUN_01283910","01283910","012845e3","","Stack[-0x14]","WRITE","false","true"
"FUN_01283910","01283910","012845ec","LAB_01284683","01284683","CONDITIONAL_JUMP","false","false"
"FUN_01283910","01283910","012845fa","VCRUNTIME140.DLL::memset","01831f34","UNCONDITIONAL_CALL","true","false"
"FUN_01283910","01283910","01284604","FUN_01287ce0","01287ce0","UNCONDITIONAL_CALL","true","false"
"FUN_01283910","01283910","01284609","DAT_01ae9414","01ae9414","DATA","false","true"
"FUN_01283910","01283910","0128461d","","Stack[-0x14]","WRITE","false","true"
"FUN_01283910","01283910","01284621","DAT_01af44b4","01af44b4","DATA","false","true"
"FUN_01283910","01283910","01284627","DAT_01af4574","01af4574","DATA","false","true"
"FUN_01283910","01283910","01284664","operator_new","017986a9","UNCONDITIONAL_CALL","true","false"
"FUN_01283910","01283910","01284681","LAB_01284685","01284685","UNCONDITIONAL_JUMP","false","false"
"FUN_01283910","01283910","01284687","s_QuickSlot_01adbb30","01adbb30","DATA","false","true"
"FUN_01283910","01283910","01284692","","Stack[-0x14]","WRITE","false","true"
"FUN_01283910","01283910","01284699","FUN_00f19f10","00f19f10","UNCONDITIONAL_CALL","true","false"
"FUN_01283910","01283910","012846a2","DAT_01af44d4","01af44d4","READ","false","true"
"FUN_01283910","01283910","012846a5","FUN_0138ad30","0138ad30","DATA","false","true"
"FUN_01283910","01283910","012846aa","LAB_01283d3b","01283d3b","CONDITIONAL_JUMP","false","false"
"FUN_01283910","01283910","012846b0","FUN_0138ad30","0138ad30","UNCONDITIONAL_CALL","true","false"
"FUN_01283910","01283910","012846b5","LAB_01283d3d","01283d3d","UNCONDITIONAL_JUMP","false","false"
"FUN_01283910","01283910","012846bf","FUN_016830c0","016830c0","UNCONDITIONAL_CALL","true","false"
"FUN_01283910","01283910","012846c9","","Stack[-0x34]","WRITE","false","true"
"FUN_01283910","01283910","012846cc","","Stack[-0x14]","WRITE","false","true"
"FUN_01283910","01283910","012846d5","LAB_012847ba","012847ba","CONDITIONAL_JUMP","false","false"
"FUN_01283910","01283910","012846e3","VCRUNTIME140.DLL::memset","01831f34","UNCONDITIONAL_CALL","true","false"
"FUN_01283910","01283910","012846ed","FUN_01287ce0","01287ce0","UNCONDITIONAL_CALL","true","false"
"FUN_01283910","01283910","012846f2","DAT_01aede44","01aede44","DATA","false","true"
"FUN_01283910","01283910","0128470c","DAT_01af509c","01af509c","DATA","false","true"
"FUN_01283910","01283910","01284712","DAT_01af5090","01af5090","DATA","false","true"
"FUN_01283910","01283910","01284784","LAB_01284730","01284730","CONDITIONAL_JUMP","false","false"
"FUN_01283910","01283910","01284792","DAT_01bee88c","01bee88c","READ","false","true"
"FUN_01283910","01283910","01284797","DAT_01bee890","01bee890","READ","false","true"
"FUN_01283910","01283910","012847a9","","Stack[-0x24]","READ","false","true"
"FUN_01283910","01283910","012847b8","LAB_012847bc","012847bc","UNCONDITIONAL_JUMP","false","false"
"FUN_01283910","01283910","012847be","s_QuickEvol_01ae985c","01ae985c","DATA","false","true"
"FUN_01283910","01283910","012847c9","","Stack[-0x14]","WRITE","false","true"
"FUN_01283910","01283910","012847d0","FUN_00f19f10","00f19f10","UNCONDITIONAL_CALL","true","false"
"FUN_01283910","01283910","012847d9","DAT_01af50bc","01af50bc","READ","false","true"
"FUN_01283910","01283910","012847dc","FUN_0139b6d0","0139b6d0","DATA","false","true"
"FUN_01283910","01283910","012847e1","LAB_01283d3b","01283d3b","CONDITIONAL_JUMP","false","false"
"FUN_01283910","01283910","012847e7","FUN_0139b6d0","0139b6d0","UNCONDITIONAL_CALL","true","false"
"FUN_01283910","01283910","012847ec","LAB_01283d3d","01283d3d","UNCONDITIONAL_JUMP","false","false"
"FUN_01283910","01283910","012847f6","FUN_016830c0","016830c0","UNCONDITIONAL_CALL","true","false"
"FUN_01283910","01283910","01284800","","Stack[-0x34]","WRITE","false","true"
"FUN_01283910","01283910","01284803","","Stack[-0x14]","WRITE","false","true"
"FUN_01283910","01283910","0128480c","LAB_01284855","01284855","CONDITIONAL_JUMP","false","false"
"FUN_01283910","01283910","01284816","VCRUNTIME140.DLL::memset","01831f34","UNCONDITIONAL_CALL","true","false"
"FUN_01283910","01283910","01284820","FUN_01287ce0","01287ce0","UNCONDITIONAL_CALL","true","false"
"FUN_01283910","01283910","01284825","DAT_01ad6530","01ad6530","DATA","false","true"
"FUN_01283910","01283910","01284839","DAT_01ad6bf0","01ad6bf0","DATA","false","true"
"FUN_01283910","01283910","0128483f","DAT_01ad6be4","01ad6be4","DATA","false","true"
"FUN_01283910","01283910","01284853","LAB_01284857","01284857","UNCONDITIONAL_JUMP","false","false"
"FUN_01283910","01283910","01284859","s_ChatOption_01ae9880","01ae9880","DATA","false","true"
"FUN_01283910","01283910","01284864","","Stack[-0x14]","WRITE","false","true"
"FUN_01283910","01283910","0128486b","FUN_00f19f10","00f19f10","UNCONDITIONAL_CALL","true","false"
"FUN_01283910","01283910","01284874","DAT_01ad6c10","01ad6c10","READ","false","true"
"FUN_01283910","01283910","01284877","FUN_010df9e0","010df9e0","DATA","false","true"
"FUN_01283910","01283910","0128487c","LAB_01283d3b","01283d3b","CONDITIONAL_JUMP","false","false"
"FUN_01283910","01283910","01284882","FUN_010df9e0","010df9e0","UNCONDITIONAL_CALL","true","false"
"FUN_01283910","01283910","01284887","LAB_01283d3d","01283d3d","UNCONDITIONAL_JUMP","false","false"
"FUN_01283910","01283910","0128488c","","Stack[-0x24]","DATA","false","true"
"FUN_01283910","01283910","0128488f","FUN_01288050","01288050","UNCONDITIONAL_CALL","true","false"
"FUN_01283910","01283910","01284894","","Stack[-0x1c]","READ","false","true"
"FUN_01283910","01283910","01284897","ExceptionList","ffdff000","WRITE","false","true"
"FUN_01283910","01283910","012848a6","","Stack[-0x4]","DATA","false","true"
"FUN_01283910","01283910","012848ad","FUN_016830c0","016830c0","UNCONDITIONAL_CALL","true","false"
"FUN_01283910","01283910","012848b7","","Stack[-0x34]","WRITE","false","true"
"FUN_01283910","01283910","012848ba","","Stack[-0x14]","WRITE","false","true"
"FUN_01283910","01283910","012848c3","LAB_0128492d","0128492d","CONDITIONAL_JUMP","false","false"
"FUN_01283910","01283910","012848cd","VCRUNTIME140.DLL::memset","01831f34","UNCONDITIONAL_CALL","true","false"
"FUN_01283910","01283910","012848d7","FUN_01287ce0","01287ce0","UNCONDITIONAL_CALL","true","false"
"FUN_01283910","01283910","012848dc","DAT_01af2cf4","01af2cf4","DATA","false","true"
"FUN_01283910","01283910","0128490a","DAT_01bee88c","01bee88c","READ","false","true"
"FUN_01283910","01283910","0128490f","DAT_01bee890","01bee890","READ","false","true"
"FUN_01283910","01283910","01284923","s_DigiviceQuest_01ae9898","01ae9898","DATA","false","true"
"FUN_01283910","01283910","01284928","LAB_01283d1b","01283d1b","UNCONDITIONAL_JUMP","false","false"
"FUN_01283910","01283910","01284931","s_DigiviceQuest_01ae9898","01ae9898","DATA","false","true"
"FUN_01283910","01283910","01284936","LAB_01283d1b","01283d1b","UNCONDITIONAL_JUMP","false","false"
"FUN_01283910","01283910","01284940","FUN_016830c0","016830c0","UNCONDITIONAL_CALL","true","false"
"FUN_01283910","01283910","0128494a","","Stack[-0x30]","WRITE","false","true"
"FUN_01283910","01283910","0128494d","","Stack[-0x14]","WRITE","false","true"
"FUN_01283910","01283910","01284956","LAB_012849da","012849da","CONDITIONAL_JUMP","false","false"
"FUN_01283910","01283910","01284964","VCRUNTIME140.DLL::memset","01831f34","UNCONDITIONAL_CALL","true","false"
"FUN_01283910","01283910","0128496e","FUN_01287ce0","01287ce0","UNCONDITIONAL_CALL","true","false"
"FUN_01283910","01283910","01284973","DAT_01af46ac","01af46ac","DATA","false","true"
"FUN_01283910","01283910","01284987","","Stack[-0x14]","WRITE","false","true"
"FUN_01283910","01283910","0128498b","DAT_01af45ec","01af45ec","DATA","false","true"
"FUN_01283910","01283910","01284991","DAT_01af45e0","01af45e0","DATA","false","true"
"FUN_01283910","01283910","012849ab","","Stack[-0x34]","WRITE","false","true"
"FUN_01283910","01283910","012849bd","operator_new","017986a9","UNCONDITIONAL_CALL","true","false"
"FUN_01283910","01283910","012849d5","","Stack[-0x30]","READ","false","true"
"FUN_01283910","01283910","012849d8","LAB_012849dc","012849dc","UNCONDITIONAL_JUMP","false","false"
"FUN_01283910","01283910","012849de","s_PartyWindow_01ae988c","01ae988c","DATA","false","true"
"FUN_01283910","01283910","012849e9","","Stack[-0x14]","WRITE","false","true"
"FUN_01283910","01283910","012849f0","FUN_00f19f10","00f19f10","UNCONDITIONAL_CALL","true","false"
"FUN_01283910","01283910","012849f9","DAT_01af460c","01af460c","READ","false","true"
"FUN_01283910","01283910","012849fc","FUN_0138e170","0138e170","DATA","false","true"
"FUN_01283910","01283910","01284a01","LAB_01283d3b","01283d3b","CONDITIONAL_JUMP","false","false"
"FUN_01283910","01283910","01284a07","FUN_0138e170","0138e170","UNCONDITIONAL_CALL","true","false"
"FUN_01283910","01283910","01284a0c","LAB_01283d3d","01283d3d","UNCONDITIONAL_JUMP","false","false"
"FUN_01283910","01283910","01284a16","FUN_016830c0","016830c0","UNCONDITIONAL_CALL","true","false"
"FUN_01283910","01283910","01284a20","","Stack[-0x34]","WRITE","false","true"
"FUN_01283910","01283910","01284a23","","Stack[-0x14]","WRITE","false","true"
"FUN_01283910","01283910","01284a2c","LAB_01284b3a","01284b3a","CONDITIONAL_JUMP","false","false"
"FUN_01283910","01283910","01284a3a","VCRUNTIME140.DLL::memset","01831f34","UNCONDITIONAL_CALL","true","false"
"FUN_01283910","01283910","01284a44","FUN_01287ce0","01287ce0","UNCONDITIONAL_CALL","true","false"
"FUN_01283910","01283910","01284a49","DAT_01af4a74","01af4a74","DATA","false","true"
"FUN_01283910","01283910","01284ae7","LAB_01284ad0","01284ad0","CONDITIONAL_JUMP","false","false"
"FUN_01283910","01283910","01284b30","s_BuffInfo_01ae98b4","01ae98b4","DATA","false","true"
"FUN_01283910","01283910","01284b35","LAB_01283d1b","01283d1b","UNCONDITIONAL_JUMP","false","false"
"FUN_01283910","01283910","01284b3e","s_BuffInfo_01ae98b4","01ae98b4","DATA","false","true"
"FUN_01283910","01283910","01284b43","LAB_01283d1b","01283d1b","UNCONDITIONAL_JUMP","false","false"
"FUN_01283910","01283910","01284b4d","FUN_016830c0","016830c0","UNCONDITIONAL_CALL","true","false"
"FUN_01283910","01283910","01284b57","","Stack[-0x34]","WRITE","false","true"
"FUN_01283910","01283910","01284b5a","","Stack[-0x14]","WRITE","false","true"
"FUN_01283910","01283910","01284b63","LAB_01284c62","01284c62","CONDITIONAL_JUMP","false","false"
"FUN_01283910","01283910","01284b71","VCRUNTIME140.DLL::memset","01831f34","UNCONDITIONAL_CALL","true","false"
"FUN_01283910","01283910","01284b7b","FUN_01287ce0","01287ce0","UNCONDITIONAL_CALL","true","false"
"FUN_01283910","01283910","01284b80","DAT_01ae91a4","01ae91a4","DATA","false","true"
"FUN_01283910","01283910","01284b94","DAT_01aedc4c","01aedc4c","DATA","false","true"
"FUN_01283910","01283910","01284ba0","DAT_01aedd0c","01aedd0c","DATA","false","true"
"FUN_01283910","01283910","01284bf8","LAB_01284bd0","01284bd0","CONDITIONAL_JUMP","false","false"
"FUN_01283910","01283910","01284c60","LAB_01284c64","01284c64","UNCONDITIONAL_JUMP","false","false"
"FUN_01283910","01283910","01284c66","s_Inventory_01ae98a8","01ae98a8","DATA","false","true"
"FUN_01283910","01283910","01284c71","","Stack[-0x14]","WRITE","false","true"
"FUN_01283910","01283910","01284c78","FUN_00f19f10","00f19f10","UNCONDITIONAL_CALL","true","false"
"FUN_01283910","01283910","01284c81","DAT_01aedc6c","01aedc6c","READ","false","true"
"FUN_01283910","01283910","01284c84","FUN_012f70e0","012f70e0","DATA","false","true"
"FUN_01283910","01283910","01284c89","LAB_01283d3b","01283d3b","CONDITIONAL_JUMP","false","false"
"FUN_01283910","01283910","01284c8f","FUN_012f70e0","012f70e0","UNCONDITIONAL_CALL","true","false"
"FUN_01283910","01283910","01284c94","LAB_01283d3d","01283d3d","UNCONDITIONAL_JUMP","false","false"
"FUN_01283910","01283910","01284c9e","FUN_016830c0","016830c0","UNCONDITIONAL_CALL","true","false"
"FUN_01283910","01283910","01284ca8","","Stack[-0x30]","WRITE","false","true"
"FUN_01283910","01283910","01284cab","","Stack[-0x14]","WRITE","false","true"
"FUN_01283910","01283910","01284cb4","LAB_01284db1","01284db1","CONDITIONAL_JUMP","false","false"
"FUN_01283910","01283910","01284cc2","VCRUNTIME140.DLL::memset","01831f34","UNCONDITIONAL_CALL","true","false"
"FUN_01283910","01283910","01284ccc","FUN_01287ce0","01287ce0","UNCONDITIONAL_CALL","true","false"
"FUN_01283910","01283910","01284cd1","DAT_01afffbc","01afffbc","DATA","false","true"
"FUN_01283910","01283910","01284ce5","","Stack[-0x14]","WRITE","false","true"
"FUN_01283910","01283910","01284ce9","DAT_01affef0","01affef0","DATA","false","true"
"FUN_01283910","01283910","01284cef","DAT_01afffb0","01afffb0","DATA","false","true"
"FUN_01283910","01283910","01284d3b","","Stack[-0x34]","WRITE","false","true"
"FUN_01283910","01283910","01284d55","operator_new","017986a9","UNCONDITIONAL_CALL","true","false"
"FUN_01283910","01283910","01284d7e","","Stack[-0x30]","READ","false","true"
"FUN_01283910","01283910","01284daf","LAB_01284db3","01284db3","UNCONDITIONAL_JUMP","false","false"
"FUN_01283910","01283910","01284db5","DAT_01adbbb0","01adbbb0","DATA","false","true"
"FUN_01283910","01283910","01284dc0","","Stack[-0x14]","WRITE","false","true"
"FUN_01283910","01283910","01284dc7","FUN_00f19f10","00f19f10","UNCONDITIONAL_CALL","true","false"
"FUN_01283910","01283910","01284dd0","DAT_01afff10","01afff10","READ","false","true"
"FUN_01283910","01283910","01284dd3","FUN_014647a0","014647a0","DATA","false","true"
"FUN_01283910","01283910","01284dd8","LAB_01283d3b","01283d3b","CONDITIONAL_JUMP","false","false"
"FUN_01283910","01283910","01284dde","FUN_014647a0","014647a0","UNCONDITIONAL_CALL","true","false"
"FUN_01283910","01283910","01284de3","LAB_01283d3d","01283d3d","UNCONDITIONAL_JUMP","false","false"
"FUN_01283910","01283910","01284ded","FUN_016830c0","016830c0","UNCONDITIONAL_CALL","true","false"
"FUN_01283910","01283910","01284df7","","Stack[-0x34]","WRITE","false","true"
"FUN_01283910","01283910","01284dfa","","Stack[-0x14]","WRITE","false","true"
"FUN_01283910","01283910","01284e03","LAB_01284e7e","01284e7e","CONDITIONAL_JUMP","false","false"
"FUN_01283910","01283910","01284e0d","VCRUNTIME140.DLL::memset","01831f34","UNCONDITIONAL_CALL","true","false"
"FUN_01283910","01283910","01284e17","FUN_01287ce0","01287ce0","UNCONDITIONAL_CALL","true","false"
"FUN_01283910","01283910","01284e1c","DAT_01ae9560","01ae9560","DATA","false","true"
"FUN_01283910","01283910","01284e30","DAT_01aeb754","01aeb754","DATA","false","true"
"FUN_01283910","01283910","01284e36","DAT_01aeb748","01aeb748","DATA","false","true"
"FUN_01283910","01283910","01284e7c","LAB_01284e80","01284e80","UNCONDITIONAL_JUMP","false","false"
"FUN_01283910","01283910","01284e82","s_Store_01adbb3c","01adbb3c","DATA","false","true"
"FUN_01283910","01283910","01284e8d","","Stack[-0x14]","WRITE","false","true"
"FUN_01283910","01283910","01284e94","FUN_00f19f10","00f19f10","UNCONDITIONAL_CALL","true","false"
"FUN_01283910","01283910","01284e9d","DAT_01aeb774","01aeb774","READ","false","true"
"FUN_01283910","01283910","01284ea0","FUN_012ba410","012ba410","DATA","false","true"
"FUN_01283910","01283910","01284ea5","LAB_01283d3b","01283d3b","CONDITIONAL_JUMP","false","false"
"FUN_01283910","01283910","01284eab","FUN_012ba410","012ba410","UNCONDITIONAL_CALL","true","false"
"FUN_01283910","01283910","01284eb0","LAB_01283d3d","01283d3d","UNCONDITIONAL_JUMP","false","false"
"FUN_01283910","01283910","01284eba","FUN_016830c0","016830c0","UNCONDITIONAL_CALL","true","false"
"FUN_01283910","01283910","01284ec4","","Stack[-0x34]","WRITE","false","true"
"FUN_01283910","01283910","01284ec7","","Stack[-0x14]","WRITE","false","true"
"FUN_01283910","01283910","01284ed0","LAB_01284f7e","01284f7e","CONDITIONAL_JUMP","false","false"
"FUN_01283910","01283910","01284ede","VCRUNTIME140.DLL::memset","01831f34","UNCONDITIONAL_CALL","true","false"
"FUN_01283910","01283910","01284ee8","FUN_01287ce0","01287ce0","UNCONDITIONAL_CALL","true","false"
"FUN_01283910","01283910","01284eed","DAT_01ae87b0","01ae87b0","DATA","false","true"
"FUN_01283910","01283910","01284f01","FUN_00f199b0","00f199b0","DATA","false","true"
"FUN_01283910","01283910","01284f06","FUN_00f2df90","00f2df90","DATA","false","true"
"FUN_01283910","01283910","01284f13","","Stack[-0x14]","WRITE","false","true"
"FUN_01283910","01283910","01284f1a","DAT_01ae8874","01ae8874","DATA","false","true"
"FUN_01283910","01283910","01284f20","DAT_01ae8934","01ae8934","DATA","false","true"
"FUN_01283910","01283910","01284f2a","","Stack[-0x30]","WRITE","false","true"
"FUN_01283910","01283910","01284f2d","`eh_vector_constructor_iterator'","01798c49","UNCONDITIONAL_CALL","true","false"
"FUN_01283910","01283910","01284f64","DAT_01bee894","01bee894","READ","false","true"
"FUN_01283910","01283910","01284f7c","LAB_01284f80","01284f80","UNCONDITIONAL_JUMP","false","false"
"FUN_01283910","01283910","01284f82","s_DigitamaSell_01ae98d0","01ae98d0","DATA","false","true"
"FUN_01283910","01283910","01284f8d","","Stack[-0x14]","WRITE","false","true"
"FUN_01283910","01283910","01284f94","FUN_00f19f10","00f19f10","UNCONDITIONAL_CALL","true","false"
"FUN_01283910","01283910","01284f9d","DAT_01ae8894","01ae8894","READ","false","true"
"FUN_01283910","01283910","01284fa0","FUN_01264d60","01264d60","DATA","false","true"
"FUN_01283910","01283910","01284fa5","LAB_01283d3b","01283d3b","CONDITIONAL_JUMP","false","false"
"FUN_01283910","01283910","01284fab","FUN_01264d60","01264d60","UNCONDITIONAL_CALL","true","false"
"FUN_01283910","01283910","01284fb0","LAB_01283d3d","01283d3d","UNCONDITIONAL_JUMP","false","false"
"FUN_01283910","01283910","01284fba","FUN_016830c0","016830c0","UNCONDITIONAL_CALL","true","false"
"FUN_01283910","01283910","01284fc4","","Stack[-0x34]","WRITE","false","true"
"FUN_01283910","01283910","01284fc7","","Stack[-0x14]","WRITE","false","true"
"FUN_01283910","01283910","01284fd0","LAB_012850f8","012850f8","CONDITIONAL_JUMP","false","false"
"FUN_01283910","01283910","01284fde","VCRUNTIME140.DLL::memset","01831f34","UNCONDITIONAL_CALL","true","false"
"FUN_01283910","01283910","01284fe8","FUN_01287ce0","01287ce0","UNCONDITIONAL_CALL","true","false"
"FUN_01283910","01283910","01284fed","DAT_01ae87b0","01ae87b0","DATA","false","true"
"FUN_01283910","01283910","01285001","FUN_00f199b0","00f199b0","DATA","false","true"
"FUN_01283910","01283910","01285006","FUN_00f2df90","00f2df90","DATA","false","true"
"FUN_01283910","01283910","01285013","","Stack[-0x14]","WRITE","false","true"
"FUN_01283910","01283910","0128501a","DAT_01ae86f0","01ae86f0","DATA","false","true"
"FUN_01283910","01283910","01285020","DAT_01ae86e4","01ae86e4","DATA","false","true"
"FUN_01283910","01283910","0128502a","","Stack[-0x30]","WRITE","false","true"
"FUN_01283910","01283910","0128502d","`eh_vector_constructor_iterator'","01798c49","UNCONDITIONAL_CALL","true","false"
"FUN_01283910","01283910","01285032","","Stack[-0x14]","WRITE","false","true"
"FUN_01283910","01283910","0128504c","operator_new","017986a9","UNCONDITIONAL_CALL","true","false"
"FUN_01283910","01283910","012850a5","DAT_01bee894","01bee894","READ","false","true"
"FUN_01283910","01283910","012850f6","LAB_012850fa","012850fa","UNCONDITIONAL_JUMP","false","false"
"FUN_01283910","01283910","012850fc","s_DigitamaScan_01ae98c0","01ae98c0","DATA","false","true"
"FUN_01283910","01283910","01285107","","Stack[-0x14]","WRITE","false","true"
"FUN_01283910","01283910","0128510e","FUN_00f19f10","00f19f10","UNCONDITIONAL_CALL","true","false"
"FUN_01283910","01283910","01285117","DAT_01ae8710","01ae8710","READ","false","true"
"FUN_01283910","01283910","0128511a","FUN_012614e0","012614e0","DATA","false","true"
"FUN_01283910","01283910","0128511f","LAB_01283d3b","01283d3b","CONDITIONAL_JUMP","false","false"
"FUN_01283910","01283910","01285125","FUN_012614e0","012614e0","UNCONDITIONAL_CALL","true","false"
"FUN_01283910","01283910","0128512a","LAB_01283d3d","01283d3d","UNCONDITIONAL_JUMP","false","false"
"FUN_01283910","01283910","01285134","FUN_016830c0","016830c0","UNCONDITIONAL_CALL","true","false"
"FUN_01283910","01283910","0128513e","","Stack[-0x30]","WRITE","false","true"
"FUN_01283910","01283910","01285141","","Stack[-0x14]","WRITE","false","true"
"FUN_01283910","01283910","0128514a","LAB_012852b2","012852b2","CONDITIONAL_JUMP","false","false"
"FUN_01283910","01283910","01285158","VCRUNTIME140.DLL::memset","01831f34","UNCONDITIONAL_CALL","true","false"
"FUN_01283910","01283910","01285162","FUN_01287ce0","01287ce0","UNCONDITIONAL_CALL","true","false"
"FUN_01283910","01283910","01285167","","Stack[-0x14]","WRITE","false","true"
"FUN_01283910","01283910","0128516b","DAT_01affe30","01affe30","DATA","false","true"
"FUN_01283910","01283910","012851b3","","Stack[-0x34]","WRITE","false","true"
"FUN_01283910","01283910","012851cd","operator_new","017986a9","UNCONDITIONAL_CALL","true","false"
"FUN_01283910","01283910","012851f6","","Stack[-0x14]","WRITE","false","true"
"FUN_01283910","01283910","012851fa","","Stack[-0x30]","READ","false","true"
"FUN_01283910","01283910","01285203","FUN_010baa10","010baa10","UNCONDITIONAL_CALL","true","false"
"FUN_01283910","01283910","01285268","LAB_01285240","01285240","CONDITIONAL_JUMP","false","false"
"FUN_01283910","01283910","012852a0","s_QuestRev_01ae98ec","01ae98ec","DATA","false","true"
"FUN_01283910","01283910","012852ad","LAB_01283d1b","01283d1b","UNCONDITIONAL_JUMP","false","false"
"FUN_01283910","01283910","012852b6","s_QuestRev_01ae98ec","01ae98ec","DATA","false","true"
"FUN_01283910","01283910","012852bb","LAB_01283d1b","01283d1b","UNCONDITIONAL_JUMP","false","false"
"FUN_01283910","01283910","012852c5","FUN_016830c0","016830c0","UNCONDITIONAL_CALL","true","false"
"FUN_01283910","01283910","012852cf","","Stack[-0x30]","WRITE","false","true"
"FUN_01283910","01283910","012852d2","","Stack[-0x14]","WRITE","false","true"
"FUN_01283910","01283910","012852db","LAB_01285448","01285448","CONDITIONAL_JUMP","false","false"
"FUN_01283910","01283910","012852e9","VCRUNTIME140.DLL::memset","01831f34","UNCONDITIONAL_CALL","true","false"
"FUN_01283910","01283910","012852f3","FUN_01287ce0","01287ce0","UNCONDITIONAL_CALL","true","false"
"FUN_01283910","01283910","012852f8","","Stack[-0x14]","WRITE","false","true"
"FUN_01283910","01283910","012852fc","DAT_01aed290","01aed290","DATA","false","true"
"FUN_01283910","01283910","01285344","","Stack[-0x34]","WRITE","false","true"
"FUN_01283910","01283910","0128535e","operator_new","017986a9","UNCONDITIONAL_CALL","true","false"
"FUN_01283910","01283910","01285387","","Stack[-0x14]","WRITE","false","true"
"FUN_01283910","01283910","0128538b","","Stack[-0x30]","READ","false","true"
"FUN_01283910","01283910","01285394","FUN_010baa10","010baa10","UNCONDITIONAL_CALL","true","false"
"FUN_01283910","01283910","012853f8","LAB_012853d0","012853d0","CONDITIONAL_JUMP","false","false"
"FUN_01283910","01283910","01285436","s_QuestComp_01ae98e0","01ae98e0","DATA","false","true"
"FUN_01283910","01283910","01285443","LAB_01283d1b","01283d1b","UNCONDITIONAL_JUMP","false","false"
"FUN_01283910","01283910","0128544c","s_QuestComp_01ae98e0","01ae98e0","DATA","false","true"
"FUN_01283910","01283910","01285451","LAB_01283d1b","01283d1b","UNCONDITIONAL_JUMP","false","false"
"FUN_01283910","01283910","0128545b","FUN_016830c0","016830c0","UNCONDITIONAL_CALL","true","false"
"FUN_01283910","01283910","01285465","","Stack[-0x34]","WRITE","false","true"
"FUN_01283910","01283910","01285468","","Stack[-0x14]","WRITE","false","true"
"FUN_01283910","01283910","01285471","LAB_0128548e","0128548e","CONDITIONAL_JUMP","false","false"
"FUN_01283910","01283910","0128547b","VCRUNTIME140.DLL::memset","01831f34","UNCONDITIONAL_CALL","true","false"
"FUN_01283910","01283910","01285485","FUN_012fc960","012fc960","UNCONDITIONAL_CALL","true","false"
"FUN_01283910","01283910","0128548c","LAB_01285490","01285490","UNCONDITIONAL_JUMP","false","false"
"FUN_01283910","01283910","01285492","s_QuestList_01ae9908","01ae9908","DATA","false","true"
"FUN_01283910","01283910","0128549d","","Stack[-0x14]","WRITE","false","true"
"FUN_01283910","01283910","012854a4","FUN_00f19f10","00f19f10","UNCONDITIONAL_CALL","true","false"
"FUN_01283910","01283910","012854b0","LAB_01283d3d","01283d3d","UNCONDITIONAL_JUMP","false","false"
"FUN_01283910","01283910","012854ba","FUN_016830c0","016830c0","UNCONDITIONAL_CALL","true","false"
"FUN_01283910","01283910","012854c4","","Stack[-0x28]","WRITE","false","true"
"FUN_01283910","01283910","012854c7","","Stack[-0x14]","WRITE","false","true"
"FUN_01283910","01283910","012854d0","LAB_01285655","01285655","CONDITIONAL_JUMP","false","false"
"FUN_01283910","01283910","012854de","VCRUNTIME140.DLL::memset","01831f34","UNCONDITIONAL_CALL","true","false"
"FUN_01283910","01283910","012854e8","FUN_01287ce0","01287ce0","UNCONDITIONAL_CALL","true","false"
"FUN_01283910","01283910","012854ed","","Stack[-0x14]","WRITE","false","true"
"FUN_01283910","01283910","012854f7","DAT_01aee210","01aee210","DATA","false","true"
"FUN_01283910","01283910","01285555","VCRUNTIME140.DLL::memset","01831f34","UNCONDITIONAL_CALL","true","false"
"FUN_01283910","01283910","01285563","LAB_01285550","01285550","CONDITIONAL_JUMP","false","false"
"FUN_01283910","01283910","01285565","","Stack[-0x28]","READ","false","true"
"FUN_01283910","01283910","0128556b","","Stack[-0x24]","READ","false","true"
"FUN_01283910","01283910","012855a8","LAB_01285580","01285580","CONDITIONAL_JUMP","false","false"
"FUN_01283910","01283910","012855b0","","Stack[-0x34]","WRITE","false","true"
"FUN_01283910","01283910","012855be","operator_new","017986a9","UNCONDITIONAL_CALL","true","false"
"FUN_01283910","01283910","012855e7","","Stack[-0x14]","WRITE","false","true"
"FUN_01283910","01283910","012855eb","","Stack[-0x28]","READ","false","true"
"FUN_01283910","01283910","01285612","FUN_010baa10","010baa10","UNCONDITIONAL_CALL","true","false"
"FUN_01283910","01283910","0128564b","s_QuestDiscript_01ae98f8","01ae98f8","DATA","false","true"
"FUN_01283910","01283910","01285650","LAB_01283d1b","01283d1b","UNCONDITIONAL_JUMP","false","false"
"FUN_01283910","01283910","01285659","s_QuestDiscript_01ae98f8","01ae98f8","DATA","false","true"
"FUN_01283910","01283910","0128565e","LAB_01283d1b","01283d1b","UNCONDITIONAL_JUMP","false","false"
"FUN_01283910","01283910","01285668","FUN_016830c0","016830c0","UNCONDITIONAL_CALL","true","false"
"FUN_01283910","01283910","01285672","","Stack[-0x30]","WRITE","false","true"
"FUN_01283910","01283910","01285675","","Stack[-0x14]","WRITE","false","true"
"FUN_01283910","01283910","0128567e","LAB_01285740","01285740","CONDITIONAL_JUMP","false","false"
"FUN_01283910","01283910","0128568c","VCRUNTIME140.DLL::memset","01831f34","UNCONDITIONAL_CALL","true","false"
"FUN_01283910","01283910","01285696","FUN_01287ce0","01287ce0","UNCONDITIONAL_CALL","true","false"
"FUN_01283910","01283910","0128569b","","Stack[-0x14]","WRITE","false","true"
"FUN_01283910","01283910","0128569f","DAT_01af4dc4","01af4dc4","DATA","false","true"
"FUN_01283910","01283910","012856dd","","Stack[-0x34]","WRITE","false","true"
"FUN_01283910","01283910","012856f7","operator_new","017986a9","UNCONDITIONAL_CALL","true","false"
"FUN_01283910","01283910","01285720","","Stack[-0x30]","READ","false","true"
"FUN_01283910","01283910","01285725","s_QuestHelper_01adbb44","01adbb44","DATA","false","true"
"FUN_01283910","01283910","0128573b","LAB_01283d1b","01283d1b","UNCONDITIONAL_JUMP","false","false"
"FUN_01283910","01283910","01285744","s_QuestHelper_01adbb44","01adbb44","DATA","false","true"
"FUN_01283910","01283910","01285749","LAB_01283d1b","01283d1b","UNCONDITIONAL_JUMP","false","false"
"FUN_01283910","01283910","01285753","FUN_016830c0","016830c0","UNCONDITIONAL_CALL","true","false"
"FUN_01283910","01283910","0128575d","","Stack[-0x34]","WRITE","false","true"
"FUN_01283910","01283910","01285760","","Stack[-0x14]","WRITE","false","true"
"FUN_01283910","01283910","01285769","LAB_01285790","01285790","CONDITIONAL_JUMP","false","false"
"FUN_01283910","01283910","01285773","VCRUNTIME140.DLL::memset","01831f34","UNCONDITIONAL_CALL","true","false"
"FUN_01283910","01283910","0128577d","FUN_01123530","01123530","UNCONDITIONAL_CALL","true","false"
"FUN_01283910","01283910","01285786","s_MakeTactics_01ae9924","01ae9924","DATA","false","true"
"FUN_01283910","01283910","0128578b","LAB_01285497","01285497","UNCONDITIONAL_JUMP","false","false"
"FUN_01283910","01283910","01285794","s_MakeTactics_01ae9924","01ae9924","DATA","false","true"
"FUN_01283910","01283910","01285799","LAB_01285497","01285497","UNCONDITIONAL_JUMP","false","false"
"FUN_01283910","01283910","012857a3","FUN_016830c0","016830c0","UNCONDITIONAL_CALL","true","false"
"FUN_01283910","01283910","012857ad","","Stack[-0x34]","WRITE","false","true"
"FUN_01283910","01283910","012857b0","","Stack[-0x14]","WRITE","false","true"
"FUN_01283910","01283910","012857b9","LAB_01285941","01285941","CONDITIONAL_JUMP","false","false"
"FUN_01283910","01283910","012857c7","VCRUNTIME140.DLL::memset","01831f34","UNCONDITIONAL_CALL","true","false"
"FUN_01283910","01283910","012857d1","FUN_01287ce0","01287ce0","UNCONDITIONAL_CALL","true","false"
"FUN_01283910","01283910","012857d6","DAT_01aebd54","01aebd54","DATA","false","true"
"FUN_01283910","01283910","01285881","LAB_01285860","01285860","CONDITIONAL_JUMP","false","false"
"FUN_01283910","01283910","012858b1","LAB_01285890","01285890","CONDITIONAL_JUMP","false","false"
"FUN_01283910","01283910","01285937","s_EnchantTactics_01ae9914","01ae9914","DATA","false","true"
"FUN_01283910","01283910","0128593c","LAB_01283d1b","01283d1b","UNCONDITIONAL_JUMP","false","false"
"FUN_01283910","01283910","01285945","s_EnchantTactics_01ae9914","01ae9914","DATA","false","true"
"FUN_01283910","01283910","0128594a","LAB_01283d1b","01283d1b","UNCONDITIONAL_JUMP","false","false"
"FUN_01283910","01283910","01285954","FUN_016830c0","016830c0","UNCONDITIONAL_CALL","true","false"
"FUN_01283910","01283910","0128595e","","Stack[-0x34]","WRITE","false","true"
"FUN_01283910","01283910","01285961","","Stack[-0x14]","WRITE","false","true"
"FUN_01283910","01283910","0128596a","LAB_01285991","01285991","CONDITIONAL_JUMP","false","false"
"FUN_01283910","01283910","01285974","VCRUNTIME140.DLL::memset","01831f34","UNCONDITIONAL_CALL","true","false"
"FUN_01283910","01283910","0128597e","FUN_012ecab0","012ecab0","UNCONDITIONAL_CALL","true","false"
"FUN_01283910","01283910","01285987","s_ZoneMap_01ae993c","01ae993c","DATA","false","true"
"FUN_01283910","01283910","0128598c","LAB_01285497","01285497","UNCONDITIONAL_JUMP","false","false"
"FUN_01283910","01283910","01285995","s_ZoneMap_01ae993c","01ae993c","DATA","false","true"
"FUN_01283910","01283910","0128599a","LAB_01285497","01285497","UNCONDITIONAL_JUMP","false","false"
"FUN_01283910","01283910","012859a4","FUN_016830c0","016830c0","UNCONDITIONAL_CALL","true","false"
"FUN_01283910","01283910","012859ae","","Stack[-0x34]","WRITE","false","true"
"FUN_01283910","01283910","012859b1","","Stack[-0x14]","WRITE","false","true"
"FUN_01283910","01283910","012859ba","LAB_01285b10","01285b10","CONDITIONAL_JUMP","false","false"
"FUN_01283910","01283910","012859c8","VCRUNTIME140.DLL::memset","01831f34","UNCONDITIONAL_CALL","true","false"
"FUN_01283910","01283910","012859d2","FUN_01287ce0","01287ce0","UNCONDITIONAL_CALL","true","false"
"FUN_01283910","01283910","012859d7","DAT_01aeab4c","01aeab4c","DATA","false","true"
"FUN_01283910","01283910","012859eb","DAT_01aeaa8c","01aeaa8c","DATA","false","true"
"FUN_01283910","01283910","012859f1","DAT_01aeaa80","01aeaa80","DATA","false","true"
"FUN_01283910","01283910","01285a52","DAT_01beee9c","01beee9c","READ","false","true"
"FUN_01283910","01283910","01285a57","DAT_01beeea0","01beeea0","READ","false","true"
"FUN_01283910","01283910","01285aa8","LAB_01285a80","01285a80","CONDITIONAL_JUMP","false","false"
"FUN_01283910","01283910","01285ae8","LAB_01285ac0","01285ac0","CONDITIONAL_JUMP","false","false"
"FUN_01283910","01283910","01285b0e","LAB_01285b12","01285b12","UNCONDITIONAL_JUMP","false","false"
"FUN_01283910","01283910","01285b14","s_Warehouse_01ae9930","01ae9930","DATA","false","true"
"FUN_01283910","01283910","01285b1f","","Stack[-0x14]","WRITE","false","true"
"FUN_01283910","01283910","01285b26","FUN_00f19f10","00f19f10","UNCONDITIONAL_CALL","true","false"
"FUN_01283910","01283910","01285b2f","DAT_01aeaaac","01aeaaac","READ","false","true"
"FUN_01283910","01283910","01285b32","FUN_0129b3c0","0129b3c0","DATA","false","true"
"FUN_01283910","01283910","01285b37","LAB_01283d3b","01283d3b","CONDITIONAL_JUMP","false","false"
"FUN_01283910","01283910","01285b3d","FUN_0129b3c0","0129b3c0","UNCONDITIONAL_CALL","true","false"
"FUN_01283910","01283910","01285b42","LAB_01283d3d","01283d3d","UNCONDITIONAL_JUMP","false","false"
"FUN_01283910","01283910","01285b4c","FUN_016830c0","016830c0","UNCONDITIONAL_CALL","true","false"
"FUN_01283910","01283910","01285b56","","Stack[-0x34]","WRITE","false","true"
"FUN_01283910","01283910","01285b59","","Stack[-0x14]","WRITE","false","true"
"FUN_01283910","01283910","01285b62","LAB_01285c45","01285c45","CONDITIONAL_JUMP","false","false"
"FUN_01283910","01283910","01285b70","VCRUNTIME140.DLL::memset","01831f34","UNCONDITIONAL_CALL","true","false"
"FUN_01283910","01283910","01285b7a","FUN_01287ce0","01287ce0","UNCONDITIONAL_CALL","true","false"
"FUN_01283910","01283910","01285b7f","DAT_01aefe8c","01aefe8c","DATA","false","true"
"FUN_01283910","01283910","01285b93","","Stack[-0x14]","WRITE","false","true"
"FUN_01283910","01283910","01285b9d","FUN_01314f70","01314f70","DATA","false","true"
"FUN_01283910","01283910","01285ba2","FUN_01314e90","01314e90","DATA","false","true"
"FUN_01283910","01283910","01285bac","DAT_01aefdcc","01aefdcc","DATA","false","true"
"FUN_01283910","01283910","01285bb2","DAT_01aefdc0","01aefdc0","DATA","false","true"
"FUN_01283910","01283910","01285c20","`eh_vector_constructor_iterator'","01798c49","UNCONDITIONAL_CALL","true","false"
"FUN_01283910","01283910","01285c25","FUN_01314f70","01314f70","DATA","false","true"
"FUN_01283910","01283910","01285c2a","FUN_01314e90","01314e90","DATA","false","true"
"FUN_01283910","01283910","01285c39","","Stack[-0x14]","WRITE","false","true"
"FUN_01283910","01283910","01285c3e","`eh_vector_constructor_iterator'","01798c49","UNCONDITIONAL_CALL","true","false"
"FUN_01283910","01283910","01285c43","LAB_01285c47","01285c47","UNCONDITIONAL_JUMP","false","false"
"FUN_01283910","01283910","01285c49","s_Trade_01ae994c","01ae994c","DATA","false","true"
"FUN_01283910","01283910","01285c54","","Stack[-0x14]","WRITE","false","true"
"FUN_01283910","01283910","01285c5b","FUN_00f19f10","00f19f10","UNCONDITIONAL_CALL","true","false"
"FUN_01283910","01283910","01285c64","DAT_01aefdec","01aefdec","READ","false","true"
"FUN_01283910","01283910","01285c67","FUN_01314760","01314760","DATA","false","true"
"FUN_01283910","01283910","01285c6c","LAB_01283d3b","01283d3b","CONDITIONAL_JUMP","false","false"
"FUN_01283910","01283910","01285c72","FUN_01314760","01314760","UNCONDITIONAL_CALL","true","false"
"FUN_01283910","01283910","01285c77","LAB_01283d3d","01283d3d","UNCONDITIONAL_JUMP","false","false"
"FUN_01283910","01283910","01285c81","FUN_016830c0","016830c0","UNCONDITIONAL_CALL","true","false"
"FUN_01283910","01283910","01285c8b","","Stack[-0x34]","WRITE","false","true"
"FUN_01283910","01283910","01285c8e","","Stack[-0x14]","WRITE","false","true"
"FUN_01283910","01283910","01285c97","LAB_01285cf4","01285cf4","CONDITIONAL_JUMP","false","false"
"FUN_01283910","01283910","01285ca1","VCRUNTIME140.DLL::memset","01831f34","UNCONDITIONAL_CALL","true","false"
"FUN_01283910","01283910","01285cab","FUN_01287ce0","01287ce0","UNCONDITIONAL_CALL","true","false"
"FUN_01283910","01283910","01285cb0","DAT_01aed4d4","01aed4d4","DATA","false","true"
"FUN_01283910","01283910","01285cc4","DAT_01aeffdc","01aeffdc","DATA","false","true"
"FUN_01283910","01283910","01285cca","DAT_01af009c","01af009c","DATA","false","true"
"FUN_01283910","01283910","01285cf2","LAB_01285cf6","01285cf6","UNCONDITIONAL_JUMP","false","false"
"FUN_01283910","01283910","01285cf8","s_NpcFind_01ae9944","01ae9944","DATA","false","true"
"FUN_01283910","01283910","01285d03","","Stack[-0x14]","WRITE","false","true"
"FUN_01283910","01283910","01285d0a","FUN_00f19f10","00f19f10","UNCONDITIONAL_CALL","true","false"
"FUN_01283910","01283910","01285d13","DAT_01aefffc","01aefffc","READ","false","true"
"FUN_01283910","01283910","01285d16","FUN_01317d30","01317d30","DATA","false","true"
"FUN_01283910","01283910","01285d1b","LAB_01283d3b","01283d3b","CONDITIONAL_JUMP","false","false"
"FUN_01283910","01283910","01285d21","FUN_01317d30","01317d30","UNCONDITIONAL_CALL","true","false"
"FUN_01283910","01283910","01285d26","LAB_01283d3d","01283d3d","UNCONDITIONAL_JUMP","false","false"
"FUN_01283910","01283910","01285d2b","","Stack[-0x24]","DATA","false","true"
"FUN_01283910","01283910","01285d2e","FUN_012882d0","012882d0","UNCONDITIONAL_CALL","true","false"
"FUN_01283910","01283910","01285d33","","Stack[-0x1c]","READ","false","true"
"FUN_01283910","01283910","01285d36","ExceptionList","ffdff000","WRITE","false","true"
"FUN_01283910","01283910","01285d45","","Stack[-0x4]","DATA","false","true"
"FUN_01283910","01283910","01285d4c","FUN_016830c0","016830c0","UNCONDITIONAL_CALL","true","false"
"FUN_01283910","01283910","01285d56","","Stack[-0x34]","WRITE","false","true"
"FUN_01283910","01283910","01285d59","","Stack[-0x14]","WRITE","false","true"
"FUN_01283910","01283910","01285d62","LAB_01285dc9","01285dc9","CONDITIONAL_JUMP","false","false"
"FUN_01283910","01283910","01285d6c","VCRUNTIME140.DLL::memset","01831f34","UNCONDITIONAL_CALL","true","false"
"FUN_01283910","01283910","01285d76","FUN_01287ce0","01287ce0","UNCONDITIONAL_CALL","true","false"
"FUN_01283910","01283910","01285d7b","DAT_01ae82c4","01ae82c4","DATA","false","true"
"FUN_01283910","01283910","01285d8f","DAT_01af09e4","01af09e4","DATA","false","true"
"FUN_01283910","01283910","01285d95","DAT_01af0aa4","01af0aa4","DATA","false","true"
"FUN_01283910","01283910","01285dc7","LAB_01285dcb","01285dcb","UNCONDITIONAL_JUMP","false","false"
"FUN_01283910","01283910","01285dcd","s_GuildSet_01ae9954","01ae9954","DATA","false","true"
"FUN_01283910","01283910","01285dd8","","Stack[-0x14]","WRITE","false","true"
"FUN_01283910","01283910","01285ddf","FUN_00f19f10","00f19f10","UNCONDITIONAL_CALL","true","false"
"FUN_01283910","01283910","01285de8","DAT_01af0a04","01af0a04","READ","false","true"
"FUN_01283910","01283910","01285deb","FUN_0132ab80","0132ab80","DATA","false","true"
"FUN_01283910","01283910","01285df0","LAB_01283d3b","01283d3b","CONDITIONAL_JUMP","false","false"
"FUN_01283910","01283910","01285df6","FUN_0132ab80","0132ab80","UNCONDITIONAL_CALL","true","false"
"FUN_01283910","01283910","01285dfb","LAB_01283d3d","01283d3d","UNCONDITIONAL_JUMP","false","false"
"FUN_01283910","01283910","01285e05","FUN_016830c0","016830c0","UNCONDITIONAL_CALL","true","false"
"FUN_01283910","01283910","01285e0f","","Stack[-0x34]","WRITE","false","true"
"FUN_01283910","01283910","01285e12","","Stack[-0x14]","WRITE","false","true"
"FUN_01283910","01283910","01285e1b","LAB_01285e64","01285e64","CONDITIONAL_JUMP","false","false"
"FUN_01283910","01283910","01285e25","VCRUNTIME140.DLL::memset","01831f34","UNCONDITIONAL_CALL","true","false"
"FUN_01283910","01283910","01285e2f","FUN_01287ce0","01287ce0","UNCONDITIONAL_CALL","true","false"
"FUN_01283910","01283910","01285e34","DAT_01ae82c4","01ae82c4","DATA","false","true"
"FUN_01283910","01283910","01285e48","DAT_01af0ba0","01af0ba0","DATA","false","true"
"FUN_01283910","01283910","01285e4e","DAT_01af0b94","01af0b94","DATA","false","true"
"FUN_01283910","01283910","01285e62","LAB_01285e66","01285e66","UNCONDITIONAL_JUMP","false","false"
"FUN_01283910","01283910","01285e68","s_RankView_01ae997c","01ae997c","DATA","false","true"
"FUN_01283910","01283910","01285e73","","Stack[-0x14]","WRITE","false","true"
"FUN_01283910","01283910","01285e7a","FUN_00f19f10","00f19f10","UNCONDITIONAL_CALL","true","false"
"FUN_01283910","01283910","01285e83","DAT_01af0bc0","01af0bc0","READ","false","true"
"FUN_01283910","01283910","01285e86","FUN_0132ab80","0132ab80","DATA","false","true"
"FUN_01283910","01283910","01285e8b","LAB_01283d3b","01283d3b","CONDITIONAL_JUMP","false","false"
"FUN_01283910","01283910","01285e91","FUN_0132ab80","0132ab80","UNCONDITIONAL_CALL","true","false"
"FUN_01283910","01283910","01285e96","LAB_01283d3d","01283d3d","UNCONDITIONAL_JUMP","false","false"
"FUN_01283910","01283910","01285ea0","FUN_016830c0","016830c0","UNCONDITIONAL_CALL","true","false"
"FUN_01283910","01283910","01285eaa","","Stack[-0x34]","WRITE","false","true"
"FUN_01283910","01283910","01285ead","","Stack[-0x14]","WRITE","false","true"
"FUN_01283910","01283910","01285eb6","LAB_01285eff","01285eff","CONDITIONAL_JUMP","false","false"
"FUN_01283910","01283910","01285ec0","VCRUNTIME140.DLL::memset","01831f34","UNCONDITIONAL_CALL","true","false"
"FUN_01283910","01283910","01285eca","FUN_01287ce0","01287ce0","UNCONDITIONAL_CALL","true","false"
"FUN_01283910","01283910","01285ecf","DAT_01ad391c","01ad391c","DATA","false","true"
"FUN_01283910","01283910","01285ee3","DAT_01ad385c","01ad385c","DATA","false","true"
"FUN_01283910","01283910","01285ee9","DAT_01ad3850","01ad3850","DATA","false","true"
"FUN_01283910","01283910","01285efd","LAB_01285f01","01285f01","UNCONDITIONAL_JUMP","false","false"
"FUN_01283910","01283910","01285f03","s_CashShopButton_01ae996c","01ae996c","DATA","false","true"
"FUN_01283910","01283910","01285f0e","","Stack[-0x14]","WRITE","false","true"
"FUN_01283910","01283910","01285f15","FUN_00f19f10","00f19f10","UNCONDITIONAL_CALL","true","false"
"FUN_01283910","01283910","01285f1e","DAT_01ad387c","01ad387c","READ","false","true"
"FUN_01283910","01283910","01285f21","FUN_010bcba0","010bcba0","DATA","false","true"
"FUN_01283910","01283910","01285f26","LAB_01283d3b","01283d3b","CONDITIONAL_JUMP","false","false"
"FUN_01283910","01283910","01285f2c","FUN_010bcba0","010bcba0","UNCONDITIONAL_CALL","true","false"
"FUN_01283910","01283910","01285f31","LAB_01283d3d","01283d3d","UNCONDITIONAL_JUMP","false","false"
"FUN_01283910","01283910","01285f3b","FUN_016830c0","016830c0","UNCONDITIONAL_CALL","true","false"
"FUN_01283910","01283910","01285f45","","Stack[-0x34]","WRITE","false","true"
"FUN_01283910","01283910","01285f48","","Stack[-0x14]","WRITE","false","true"
"FUN_01283910","01283910","01285f51","LAB_01285f78","01285f78","CONDITIONAL_JUMP","false","false"
"FUN_01283910","01283910","01285f5b","VCRUNTIME140.DLL::memset","01831f34","UNCONDITIONAL_CALL","true","false"
"FUN_01283910","01283910","01285f65","FUN_0133c0b0","0133c0b0","UNCONDITIONAL_CALL","true","false"
"FUN_01283910","01283910","01285f6e","s_NewCashShop_01ae999c","01ae999c","DATA","false","true"
"FUN_01283910","01283910","01285f73","LAB_01285497","01285497","UNCONDITIONAL_JUMP","false","false"
"FUN_01283910","01283910","01285f7c","s_NewCashShop_01ae999c","01ae999c","DATA","false","true"
"FUN_01283910","01283910","01285f81","LAB_01285497","01285497","UNCONDITIONAL_JUMP","false","false"
"FUN_01283910","01283910","01285f8b","FUN_016830c0","016830c0","UNCONDITIONAL_CALL","true","false"
"FUN_01283910","01283910","01285f95","","Stack[-0x34]","WRITE","false","true"
"FUN_01283910","01283910","01285f98","","Stack[-0x14]","WRITE","false","true"
"FUN_01283910","01283910","01285fa1","LAB_01286008","01286008","CONDITIONAL_JUMP","false","false"
"FUN_01283910","01283910","01285fab","VCRUNTIME140.DLL::memset","01831f34","UNCONDITIONAL_CALL","true","false"
"FUN_01283910","01283910","01285fb5","FUN_01287ce0","01287ce0","UNCONDITIONAL_CALL","true","false"
"FUN_01283910","01283910","01285fba","DAT_01ad391c","01ad391c","DATA","false","true"
"FUN_01283910","01283910","01285fce","DAT_01af1a60","01af1a60","DATA","false","true"
"FUN_01283910","01283910","01285fd4","DAT_01af1b20","01af1b20","DATA","false","true"
"FUN_01283910","01283910","01286006","LAB_0128600a","0128600a","UNCONDITIONAL_JUMP","false","false"
"FUN_01283910","01283910","0128600c","s_NewCashWarehouse_01ae9988","01ae9988","DATA","false","true"
"FUN_01283910","01283910","01286017","","Stack[-0x14]","WRITE","false","true"
"FUN_01283910","01283910","0128601e","FUN_00f19f10","00f19f10","UNCONDITIONAL_CALL","true","false"
"FUN_01283910","01283910","01286027","DAT_01af1a80","01af1a80","READ","false","true"
"FUN_01283910","01283910","0128602a","FUN_01349580","01349580","DATA","false","true"
"FUN_01283910","01283910","0128602f","LAB_01283d3b","01283d3b","CONDITIONAL_JUMP","false","false"
"FUN_01283910","01283910","01286035","FUN_01349580","01349580","UNCONDITIONAL_CALL","true","false"
"FUN_01283910","01283910","0128603a","LAB_01283d3d","01283d3d","UNCONDITIONAL_JUMP","false","false"
"FUN_01283910","01283910","01286044","FUN_016830c0","016830c0","UNCONDITIONAL_CALL","true","false"
"FUN_01283910","01283910","0128604e","","Stack[-0x34]","WRITE","false","true"
"FUN_01283910","01283910","01286051","","Stack[-0x14]","WRITE","false","true"
"FUN_01283910","01283910","0128605a","LAB_012861ba","012861ba","CONDITIONAL_JUMP","false","false"
"FUN_01283910","01283910","01286068","VCRUNTIME140.DLL::memset","01831f34","UNCONDITIONAL_CALL","true","false"
"FUN_01283910","01283910","01286072","FUN_01287ce0","01287ce0","UNCONDITIONAL_CALL","true","false"
"FUN_01283910","01283910","01286077","DAT_01ad7e4c","01ad7e4c","DATA","false","true"
"FUN_01283910","01283910","0128608b","","Stack[-0x14]","WRITE","false","true"
"FUN_01283910","01283910","0128608f","DAT_01ad7d80","01ad7d80","DATA","false","true"
"FUN_01283910","01283910","01286095","DAT_01ad7e40","01ad7e40","DATA","false","true"
"FUN_01283910","01283910","0128609f","DAT_01beee9c","01beee9c","READ","false","true"
"FUN_01283910","01283910","012860a4","DAT_01beeea0","01beeea0","READ","false","true"
"FUN_01283910","01283910","012860b8","DAT_01bee890","01bee890","READ","false","true"
"FUN_01283910","01283910","012860be","DAT_01bee88c","01bee88c","READ","false","true"
"FUN_01283910","01283910","012860c3","FUN_010fa370","010fa370","DATA","false","true"
"FUN_01283910","01283910","012860ce","DAT_01bfe464","01bfe464","READ","false","true"
"FUN_01283910","01283910","0128619b","FUN_010fa620","010fa620","UNCONDITIONAL_CALL","true","false"
"FUN_01283910","01283910","012861a0","DAT_01bfe464","01bfe464","READ","false","true"
"FUN_01283910","01283910","012861a8","FUN_010fa370","010fa370","DATA","false","true"
"FUN_01283910","01283910","012861b3","FUN_010fa620","010fa620","UNCONDITIONAL_CALL","true","false"
"FUN_01283910","01283910","012861b8","LAB_012861bc","012861bc","UNCONDITIONAL_JUMP","false","false"
"FUN_01283910","01283910","012861be","s_TacticsHouse_01ae99b4","01ae99b4","DATA","false","true"
"FUN_01283910","01283910","012861c9","","Stack[-0x14]","WRITE","false","true"
"FUN_01283910","01283910","012861d0","FUN_00f19f10","00f19f10","UNCONDITIONAL_CALL","true","false"
"FUN_01283910","01283910","012861d9","DAT_01ad7da0","01ad7da0","READ","false","true"
"FUN_01283910","01283910","012861dc","FUN_010f49d0","010f49d0","DATA","false","true"
"FUN_01283910","01283910","012861e1","LAB_01283d3b","01283d3b","CONDITIONAL_JUMP","false","false"
"FUN_01283910","01283910","012861e7","FUN_010f49d0","010f49d0","UNCONDITIONAL_CALL","true","false"
"FUN_01283910","01283910","012861ec","LAB_01283d3d","01283d3d","UNCONDITIONAL_JUMP","false","false"
"FUN_01283910","01283910","012861f1","","Stack[-0x24]","DATA","false","true"
"FUN_01283910","01283910","012861f4","FUN_01288570","01288570","UNCONDITIONAL_CALL","true","false"
"FUN_01283910","01283910","012861f9","","Stack[-0x1c]","READ","false","true"
"FUN_01283910","01283910","012861fc","ExceptionList","ffdff000","WRITE","false","true"
"FUN_01283910","01283910","0128620b","","Stack[-0x4]","DATA","false","true"
"FUN_01283910","01283910","01286212","FUN_016830c0","016830c0","UNCONDITIONAL_CALL","true","false"
"FUN_01283910","01283910","0128621c","","Stack[-0x34]","WRITE","false","true"
"FUN_01283910","01283910","0128621f","","Stack[-0x14]","WRITE","false","true"
"FUN_01283910","01283910","01286228","LAB_01286299","01286299","CONDITIONAL_JUMP","false","false"
"FUN_01283910","01283910","01286232","VCRUNTIME140.DLL::memset","01831f34","UNCONDITIONAL_CALL","true","false"
"FUN_01283910","01283910","0128623c","FUN_01287ce0","01287ce0","UNCONDITIONAL_CALL","true","false"
"FUN_01283910","01283910","01286241","DAT_01aed4d4","01aed4d4","DATA","false","true"
"FUN_01283910","01283910","01286255","DAT_01af2f54","01af2f54","DATA","false","true"
"FUN_01283910","01283910","0128625b","DAT_01af3014","01af3014","DATA","false","true"
"FUN_01283910","01283910","01286297","LAB_0128629b","0128629b","UNCONDITIONAL_JUMP","false","false"
"FUN_01283910","01283910","0128629d","s_JumpBuster_01ae99d0","01ae99d0","DATA","false","true"
"FUN_01283910","01283910","012862a8","","Stack[-0x14]","WRITE","false","true"
"FUN_01283910","01283910","012862af","FUN_00f19f10","00f19f10","UNCONDITIONAL_CALL","true","false"
"FUN_01283910","01283910","012862b8","DAT_01af2f74","01af2f74","READ","false","true"
"FUN_01283910","01283910","012862bb","FUN_0136b6a0","0136b6a0","DATA","false","true"
"FUN_01283910","01283910","012862c0","LAB_01283d3b","01283d3b","CONDITIONAL_JUMP","false","false"
"FUN_01283910","01283910","012862c6","FUN_0136b6a0","0136b6a0","UNCONDITIONAL_CALL","true","false"
"FUN_01283910","01283910","012862cb","LAB_01283d3d","01283d3d","UNCONDITIONAL_JUMP","false","false"
"FUN_01283910","01283910","012862d5","FUN_016830c0","016830c0","UNCONDITIONAL_CALL","true","false"
"FUN_01283910","01283910","012862df","","Stack[-0x34]","WRITE","false","true"
"FUN_01283910","01283910","012862e2","","Stack[-0x14]","WRITE","false","true"
"FUN_01283910","01283910","012862eb","LAB_01286374","01286374","CONDITIONAL_JUMP","false","false"
"FUN_01283910","01283910","012862f9","VCRUNTIME140.DLL::memset","01831f34","UNCONDITIONAL_CALL","true","false"
"FUN_01283910","01283910","01286303","FUN_01287ce0","01287ce0","UNCONDITIONAL_CALL","true","false"
"FUN_01283910","01283910","01286308","DAT_01ae91a4","01ae91a4","DATA","false","true"
"FUN_01283910","01283910","0128631c","DAT_01af8e04","01af8e04","DATA","false","true"
"FUN_01283910","01283910","01286322","DAT_01af8df8","01af8df8","DATA","false","true"
"FUN_01283910","01283910","01286372","LAB_01286376","01286376","UNCONDITIONAL_JUMP","false","false"
"FUN_01283910","01283910","01286378","s_ChangeTamer_01ae99c4","01ae99c4","DATA","false","true"
"FUN_01283910","01283910","01286383","","Stack[-0x14]","WRITE","false","true"
"FUN_01283910","01283910","0128638a","FUN_00f19f10","00f19f10","UNCONDITIONAL_CALL","true","false"
"FUN_01283910","01283910","01286393","DAT_01af8e24","01af8e24","READ","false","true"
"FUN_01283910","01283910","01286396","FUN_013f5560","013f5560","DATA","false","true"
"FUN_01283910","01283910","0128639b","LAB_01283d3b","01283d3b","CONDITIONAL_JUMP","false","false"
"FUN_01283910","01283910","012863a1","FUN_013f5560","013f5560","UNCONDITIONAL_CALL","true","false"
"FUN_01283910","01283910","012863a6","LAB_01283d3d","01283d3d","UNCONDITIONAL_JUMP","false","false"
"FUN_01283910","01283910","012863b0","FUN_016830c0","016830c0","UNCONDITIONAL_CALL","true","false"
"FUN_01283910","01283910","012863ba","","Stack[-0x34]","WRITE","false","true"
"FUN_01283910","01283910","012863bd","","Stack[-0x14]","WRITE","false","true"
"FUN_01283910","01283910","012863c6","LAB_01286441","01286441","CONDITIONAL_JUMP","false","false"
"FUN_01283910","01283910","012863d0","VCRUNTIME140.DLL::memset","01831f34","UNCONDITIONAL_CALL","true","false"
"FUN_01283910","01283910","012863da","FUN_01287ce0","01287ce0","UNCONDITIONAL_CALL","true","false"
"FUN_01283910","01283910","012863df","DAT_01ad3240","01ad3240","DATA","false","true"
"FUN_01283910","01283910","012863f3","DAT_01af3c3c","01af3c3c","DATA","false","true"
"FUN_01283910","01283910","012863f9","DAT_01af3c30","01af3c30","DATA","false","true"
"FUN_01283910","01283910","0128643f","LAB_01286443","01286443","UNCONDITIONAL_JUMP","false","false"
"FUN_01283910","01283910","01286445","s_Tutorial_01ae99e8","01ae99e8","DATA","false","true"
"FUN_01283910","01283910","01286450","","Stack[-0x14]","WRITE","false","true"
"FUN_01283910","01283910","01286457","FUN_00f19f10","00f19f10","UNCONDITIONAL_CALL","true","false"
"FUN_01283910","01283910","01286460","DAT_01af3c5c","01af3c5c","READ","false","true"
"FUN_01283910","01283910","01286463","FUN_01383070","01383070","DATA","false","true"
"FUN_01283910","01283910","01286468","LAB_01283d3b","01283d3b","CONDITIONAL_JUMP","false","false"
"FUN_01283910","01283910","0128646e","FUN_01383070","01383070","UNCONDITIONAL_CALL","true","false"
"FUN_01283910","01283910","01286473","LAB_01283d3d","01283d3d","UNCONDITIONAL_JUMP","false","false"
"FUN_01283910","01283910","0128647d","FUN_016830c0","016830c0","UNCONDITIONAL_CALL","true","false"
"FUN_01283910","01283910","01286487","","Stack[-0x34]","WRITE","false","true"
"FUN_01283910","01283910","0128648a","","Stack[-0x14]","WRITE","false","true"
"FUN_01283910","01283910","01286493","LAB_01286545","01286545","CONDITIONAL_JUMP","false","false"
"FUN_01283910","01283910","012864a1","VCRUNTIME140.DLL::memset","01831f34","UNCONDITIONAL_CALL","true","false"
"FUN_01283910","01283910","012864ab","FUN_01287ce0","01287ce0","UNCONDITIONAL_CALL","true","false"
"FUN_01283910","01283910","012864b0","DAT_01adb908","01adb908","DATA","false","true"
"FUN_01283910","01283910","012864c7","DAT_01adbd10","01adbd10","DATA","false","true"
"FUN_01283910","01283910","012864cd","DAT_01adbd04","01adbd04","DATA","false","true"
"FUN_01283910","01283910","012864d7","DAT_01ad1314","01ad1314","DATA","false","true"
"FUN_01283910","01283910","01286543","LAB_01286547","01286547","UNCONDITIONAL_JUMP","false","false"
"FUN_01283910","01283910","01286549","s_TraceUI_01adbb04","01adbb04","DATA","false","true"
"FUN_01283910","01283910","01286554","","Stack[-0x14]","WRITE","false","true"
"FUN_01283910","01283910","0128655b","FUN_00f19f10","00f19f10","UNCONDITIONAL_CALL","true","false"
"FUN_01283910","01283910","01286564","DAT_01adbd30","01adbd30","READ","false","true"
"FUN_01283910","01283910","01286567","FUN_0114a210","0114a210","DATA","false","true"
"FUN_01283910","01283910","0128656c","LAB_01283d3b","01283d3b","CONDITIONAL_JUMP","false","false"
"FUN_01283910","01283910","01286572","FUN_0114a210","0114a210","UNCONDITIONAL_CALL","true","false"
"FUN_01283910","01283910","01286577","LAB_01283d3d","01283d3d","UNCONDITIONAL_JUMP","false","false"
"FUN_01283910","01283910","01286581","FUN_016830c0","016830c0","UNCONDITIONAL_CALL","true","false"
"FUN_01283910","01283910","0128658b","","Stack[-0x34]","WRITE","false","true"
"FUN_01283910","01283910","0128658e","","Stack[-0x14]","WRITE","false","true"
"FUN_01283910","01283910","01286597","LAB_01286666","01286666","CONDITIONAL_JUMP","false","false"
"FUN_01283910","01283910","012865a5","VCRUNTIME140.DLL::memset","01831f34","UNCONDITIONAL_CALL","true","false"
"FUN_01283910","01283910","012865af","FUN_01287ce0","01287ce0","UNCONDITIONAL_CALL","true","false"
"FUN_01283910","01283910","012865b4","DAT_01af2c8c","01af2c8c","DATA","false","true"
"FUN_01283910","01283910","012865c8","DAT_01af2bcc","01af2bcc","DATA","false","true"
"FUN_01283910","01283910","012865d1","DAT_01af2bc0","01af2bc0","DATA","false","true"
"FUN_01283910","01283910","0128663f","","Stack[-0x14]","WRITE","false","true"
"FUN_01283910","01283910","01286651","operator_new","017986a9","UNCONDITIONAL_CALL","true","false"
"FUN_01283910","01283910","01286664","LAB_01286668","01286668","UNCONDITIONAL_JUMP","false","false"
"FUN_01283910","01283910","0128666a","s_Publicity_01ae99dc","01ae99dc","DATA","false","true"
"FUN_01283910","01283910","01286675","","Stack[-0x14]","WRITE","false","true"
"FUN_01283910","01283910","0128667c","FUN_00f19f10","00f19f10","UNCONDITIONAL_CALL","true","false"
"FUN_01283910","01283910","01286685","DAT_01af2bec","01af2bec","READ","false","true"
"FUN_01283910","01283910","01286688","FUN_01369790","01369790","DATA","false","true"
"FUN_01283910","01283910","0128668d","LAB_01283d3b","01283d3b","CONDITIONAL_JUMP","false","false"
"FUN_01283910","01283910","01286693","FUN_01369790","01369790","UNCONDITIONAL_CALL","true","false"
"FUN_01283910","01283910","01286698","LAB_01283d3d","01283d3d","UNCONDITIONAL_JUMP","false","false"
"FUN_01283910","01283910","012866a2","FUN_016830c0","016830c0","UNCONDITIONAL_CALL","true","false"
"FUN_01283910","01283910","012866ac","","Stack[-0x34]","WRITE","false","true"
"FUN_01283910","01283910","012866af","","Stack[-0x14]","WRITE","false","true"
"FUN_01283910","01283910","012866b8","LAB_0128670b","0128670b","CONDITIONAL_JUMP","false","false"
"FUN_01283910","01283910","012866c2","VCRUNTIME140.DLL::memset","01831f34","UNCONDITIONAL_CALL","true","false"
"FUN_01283910","01283910","012866cc","FUN_01287ce0","01287ce0","UNCONDITIONAL_CALL","true","false"
"FUN_01283910","01283910","012866d1","DAT_01af4c48","01af4c48","DATA","false","true"
"FUN_01283910","01283910","012866e5","DAT_01af4b88","01af4b88","DATA","false","true"
"FUN_01283910","01283910","012866eb","DAT_01af4b7c","01af4b7c","DATA","false","true"
"FUN_01283910","01283910","01286709","LAB_0128670d","0128670d","UNCONDITIONAL_JUMP","false","false"
"FUN_01283910","01283910","0128670f","s_Channel_01ae9a00","01ae9a00","DATA","false","true"
"FUN_01283910","01283910","0128671a","","Stack[-0x14]","WRITE","false","true"
"FUN_01283910","01283910","01286721","FUN_00f19f10","00f19f10","UNCONDITIONAL_CALL","true","false"
"FUN_01283910","01283910","0128672a","DAT_01af4ba8","01af4ba8","READ","false","true"
"FUN_01283910","01283910","0128672d","FUN_01395f50","01395f50","DATA","false","true"
"FUN_01283910","01283910","01286732","LAB_01283d3b","01283d3b","CONDITIONAL_JUMP","false","false"
"FUN_01283910","01283910","01286738","FUN_01395f50","01395f50","UNCONDITIONAL_CALL","true","false"
"FUN_01283910","01283910","0128673d","LAB_01283d3d","01283d3d","UNCONDITIONAL_JUMP","false","false"
"FUN_01283910","01283910","01286747","FUN_016830c0","016830c0","UNCONDITIONAL_CALL","true","false"
"FUN_01283910","01283910","01286751","","Stack[-0x30]","WRITE","false","true"
"FUN_01283910","01283910","01286754","","Stack[-0x14]","WRITE","false","true"
"FUN_01283910","01283910","0128675d","LAB_0128689c","0128689c","CONDITIONAL_JUMP","false","false"
"FUN_01283910","01283910","0128676b","VCRUNTIME140.DLL::memset","01831f34","UNCONDITIONAL_CALL","true","false"
"FUN_01283910","01283910","01286775","FUN_01287ce0","01287ce0","UNCONDITIONAL_CALL","true","false"
"FUN_01283910","01283910","0128677a","DAT_01aed4d4","01aed4d4","DATA","false","true"
"FUN_01283910","01283910","0128678e","","Stack[-0x14]","WRITE","false","true"
"FUN_01283910","01283910","01286792","DAT_01aed404","01aed404","DATA","false","true"
"FUN_01283910","01283910","01286798","DAT_01aed4c8","01aed4c8","DATA","false","true"
"FUN_01283910","01283910","01286828","DAT_01bee88c","01bee88c","READ","false","true"
"FUN_01283910","01283910","0128682d","DAT_01bee890","01bee890","READ","false","true"
"FUN_01283910","01283910","0128686d","","Stack[-0x34]","WRITE","false","true"
"FUN_01283910","01283910","0128687f","operator_new","017986a9","UNCONDITIONAL_CALL","true","false"
"FUN_01283910","01283910","01286897","","Stack[-0x30]","READ","false","true"
"FUN_01283910","01283910","0128689a","LAB_0128689e","0128689e","UNCONDITIONAL_JUMP","false","false"
"FUN_01283910","01283910","012868a0","s_SmallMap_01ae99f4","01ae99f4","DATA","false","true"
"FUN_01283910","01283910","012868ab","","Stack[-0x14]","WRITE","false","true"
"FUN_01283910","01283910","012868b2","FUN_00f19f10","00f19f10","UNCONDITIONAL_CALL","true","false"
"FUN_01283910","01283910","012868bb","DAT_01aed424","01aed424","READ","false","true"
"FUN_01283910","01283910","012868be","FUN_012eb5e0","012eb5e0","DATA","false","true"
"FUN_01283910","01283910","012868c3","LAB_01283d3b","01283d3b","CONDITIONAL_JUMP","false","false"
"FUN_01283910","01283910","012868c9","FUN_012eb5e0","012eb5e0","UNCONDITIONAL_CALL","true","false"
"FUN_01283910","01283910","012868ce","LAB_01283d3d","01283d3d","UNCONDITIONAL_JUMP","false","false"
"FUN_01283910","01283910","012868d8","FUN_016830c0","016830c0","UNCONDITIONAL_CALL","true","false"
"FUN_01283910","01283910","012868e2","","Stack[-0x34]","WRITE","false","true"
"FUN_01283910","01283910","012868e5","","Stack[-0x14]","WRITE","false","true"
"FUN_01283910","01283910","012868ee","LAB_01286941","01286941","CONDITIONAL_JUMP","false","false"
"FUN_01283910","01283910","012868f8","VCRUNTIME140.DLL::memset","01831f34","UNCONDITIONAL_CALL","true","false"
"FUN_01283910","01283910","01286902","FUN_01287ce0","01287ce0","UNCONDITIONAL_CALL","true","false"
"FUN_01283910","01283910","01286907","DAT_01ad357c","01ad357c","DATA","false","true"
"FUN_01283910","01283910","0128691b","DAT_01aed974","01aed974","DATA","false","true"
"FUN_01283910","01283910","01286921","DAT_01aeda34","01aeda34","DATA","false","true"
"FUN_01283910","01283910","0128693f","LAB_01286943","01286943","UNCONDITIONAL_JUMP","false","false"
"FUN_01283910","01283910","01286945","s_WebWin_01ae9a14","01ae9a14","DATA","false","true"
"FUN_01283910","01283910","01286950","","Stack[-0x14]","WRITE","false","true"
"FUN_01283910","01283910","01286957","FUN_00f19f10","00f19f10","UNCONDITIONAL_CALL","true","false"
"FUN_01283910","01283910","01286960","DAT_01aed994","01aed994","READ","false","true"
"FUN_01283910","01283910","01286963","FUN_012f5dd0","012f5dd0","DATA","false","true"
"FUN_01283910","01283910","01286968","LAB_01283d3b","01283d3b","CONDITIONAL_JUMP","false","false"
"FUN_01283910","01283910","0128696e","FUN_012f5dd0","012f5dd0","UNCONDITIONAL_CALL","true","false"
"FUN_01283910","01283910","01286973","LAB_01283d3d","01283d3d","UNCONDITIONAL_JUMP","false","false"
"FUN_01283910","01283910","0128697d","FUN_016830c0","016830c0","UNCONDITIONAL_CALL","true","false"
"FUN_01283910","01283910","01286987","","Stack[-0x34]","WRITE","false","true"
"FUN_01283910","01283910","0128698a","","Stack[-0x14]","WRITE","false","true"
"FUN_01283910","01283910","01286993","LAB_01286a85","01286a85","CONDITIONAL_JUMP","false","false"
"FUN_01283910","01283910","012869a1","VCRUNTIME140.DLL::memset","01831f34","UNCONDITIONAL_CALL","true","false"
"FUN_01283910","01283910","012869ab","FUN_01287ce0","01287ce0","UNCONDITIONAL_CALL","true","false"
"FUN_01283910","01283910","012869b0","DAT_01ad357c","01ad357c","DATA","false","true"
"FUN_01283910","01283910","012869c4","","Stack[-0x14]","WRITE","false","true"
"FUN_01283910","01283910","012869c8","DAT_01aea88c","01aea88c","DATA","false","true"
"FUN_01283910","01283910","012869ce","DAT_01aea94c","01aea94c","DATA","false","true"
"FUN_01283910","01283910","01286a16","operator_new","017986a9","UNCONDITIONAL_CALL","true","false"
"FUN_01283910","01283910","01286a83","LAB_01286a87","01286a87","UNCONDITIONAL_JUMP","false","false"
"FUN_01283910","01283910","01286a89","s_DigimonTalk_01ae9a08","01ae9a08","DATA","false","true"
"FUN_01283910","01283910","01286a94","","Stack[-0x14]","WRITE","false","true"
"FUN_01283910","01283910","01286a9b","FUN_00f19f10","00f19f10","UNCONDITIONAL_CALL","true","false"
"FUN_01283910","01283910","01286aa4","DAT_01aea8ac","01aea8ac","READ","false","true"
"FUN_01283910","01283910","01286aa7","FUN_010b92b0","010b92b0","DATA","false","true"
"FUN_01283910","01283910","01286aac","LAB_01283d3b","01283d3b","CONDITIONAL_JUMP","false","false"
"FUN_01283910","01283910","01286ab2","FUN_010b92b0","010b92b0","UNCONDITIONAL_CALL","true","false"
"FUN_01283910","01283910","01286ab7","LAB_01283d3d","01283d3d","UNCONDITIONAL_JUMP","false","false"
"FUN_01283910","01283910","01286ac1","FUN_016830c0","016830c0","UNCONDITIONAL_CALL","true","false"
"FUN_01283910","01283910","01286acb","","Stack[-0x28]","WRITE","false","true"
"FUN_01283910","01283910","01286ace","","Stack[-0x14]","WRITE","false","true"
"FUN_01283910","01283910","01286ad7","LAB_01286c0a","01286c0a","CONDITIONAL_JUMP","false","false"
"FUN_01283910","01283910","01286ae5","VCRUNTIME140.DLL::memset","01831f34","UNCONDITIONAL_CALL","true","false"
"FUN_01283910","01283910","01286aef","FUN_01287ce0","01287ce0","UNCONDITIONAL_CALL","true","false"
"FUN_01283910","01283910","01286af4","DAT_01af33fc","01af33fc","DATA","false","true"
"FUN_01283910","01283910","01286b08","","Stack[-0x14]","WRITE","false","true"
"FUN_01283910","01283910","01286b0c","DAT_01af3330","01af3330","DATA","false","true"
"FUN_01283910","01283910","01286b12","DAT_01af33f0","01af33f0","DATA","false","true"
"FUN_01283910","01283910","01286b4a","","Stack[-0x34]","WRITE","false","true"
"FUN_01283910","01283910","01286b64","operator_new","017986a9","UNCONDITIONAL_CALL","true","false"
"FUN_01283910","01283910","01286b8d","","Stack[-0x14]","WRITE","false","true"
"FUN_01283910","01283910","01286b91","","Stack[-0x28]","READ","false","true"
"FUN_01283910","01283910","01286b9a","","Stack[-0x34]","WRITE","false","true"
"FUN_01283910","01283910","01286bb4","operator_new","017986a9","UNCONDITIONAL_CALL","true","false"
"FUN_01283910","01283910","01286bdd","","Stack[-0x28]","READ","false","true"
"FUN_01283910","01283910","01286c08","LAB_01286c0c","01286c0c","UNCONDITIONAL_JUMP","false","false"
"FUN_01283910","01283910","01286c0e","s_Protect_01ae9a24","01ae9a24","DATA","false","true"
"FUN_01283910","01283910","01286c19","","Stack[-0x14]","WRITE","false","true"
"FUN_01283910","01283910","01286c20","FUN_00f19f10","00f19f10","UNCONDITIONAL_CALL","true","false"
"FUN_01283910","01283910","01286c29","DAT_01af3350","01af3350","READ","false","true"
"FUN_01283910","01283910","01286c2c","FUN_01371690","01371690","DATA","false","true"
"FUN_01283910","01283910","01286c31","LAB_01283d3b","01283d3b","CONDITIONAL_JUMP","false","false"
"FUN_01283910","01283910","01286c37","FUN_01371690","01371690","UNCONDITIONAL_CALL","true","false"
"FUN_01283910","01283910","01286c3c","LAB_01283d3d","01283d3d","UNCONDITIONAL_JUMP","false","false"
"FUN_01283910","01283910","01286c46","FUN_016830c0","016830c0","UNCONDITIONAL_CALL","true","false"
"FUN_01283910","01283910","01286c50","","Stack[-0x28]","WRITE","false","true"
"FUN_01283910","01283910","01286c53","","Stack[-0x14]","WRITE","false","true"
"FUN_01283910","01283910","01286c5c","LAB_01286d74","01286d74","CONDITIONAL_JUMP","false","false"
"FUN_01283910","01283910","01286c6a","VCRUNTIME140.DLL::memset","01831f34","UNCONDITIONAL_CALL","true","false"
"FUN_01283910","01283910","01286c74","FUN_01287ce0","01287ce0","UNCONDITIONAL_CALL","true","false"
"FUN_01283910","01283910","01286c79","DAT_01af1d70","01af1d70","DATA","false","true"
"FUN_01283910","01283910","01286c8d","","Stack[-0x14]","WRITE","false","true"
"FUN_01283910","01283910","01286c91","DAT_01af1ca4","01af1ca4","DATA","false","true"
"FUN_01283910","01283910","01286c97","DAT_01af1d64","01af1d64","DATA","false","true"
"FUN_01283910","01283910","01286cfd","operator_new","017986a9","UNCONDITIONAL_CALL","true","false"
"FUN_01283910","01283910","01286d10","","Stack[-0x14]","WRITE","false","true"
"FUN_01283910","01283910","01286d2a","operator_new","017986a9","UNCONDITIONAL_CALL","true","false"
"FUN_01283910","01283910","01286d6d","FUN_00f5d420","00f5d420","UNCONDITIONAL_CALL","true","false"
"FUN_01283910","01283910","01286d72","LAB_01286d76","01286d76","UNCONDITIONAL_JUMP","false","false"
"FUN_01283910","01283910","01286d78","s_Achieve_01ae9a1c","01ae9a1c","DATA","false","true"
"FUN_01283910","01283910","01286d83","","Stack[-0x14]","WRITE","false","true"
"FUN_01283910","01283910","01286d8a","FUN_00f19f10","00f19f10","UNCONDITIONAL_CALL","true","false"
"FUN_01283910","01283910","01286d93","DAT_01af1cc4","01af1cc4","READ","false","true"
"FUN_01283910","01283910","01286d96","FUN_01349910","01349910","DATA","false","true"
"FUN_01283910","01283910","01286d9b","LAB_01283d3b","01283d3b","CONDITIONAL_JUMP","false","false"
"FUN_01283910","01283910","01286da1","FUN_01349910","01349910","UNCONDITIONAL_CALL","true","false"
"FUN_01283910","01283910","01286da6","LAB_01283d3d","01283d3d","UNCONDITIONAL_JUMP","false","false"
"FUN_01283910","01283910","01286dab","","Stack[-0x24]","DATA","false","true"
"FUN_01283910","01283910","01286dae","FUN_012887d0","012887d0","UNCONDITIONAL_CALL","true","false"
"FUN_01283910","01283910","01286db3","","Stack[-0x1c]","READ","false","true"
"FUN_01283910","01283910","01286db6","ExceptionList","ffdff000","WRITE","false","true"
"FUN_01283910","01283910","01286dc5","","Stack[-0x4]","DATA","false","true"
"FUN_01283910","01283910","01286dc7","","Stack[-0x24]","DATA","false","true"
"FUN_01283910","01283910","01286dca","FUN_01288930","01288930","UNCONDITIONAL_CALL","true","false"
"FUN_01283910","01283910","01286dcf","","Stack[-0x1c]","READ","false","true"
"FUN_01283910","01283910","01286dd2","ExceptionList","ffdff000","WRITE","false","true"
"FUN_01283910","01283910","01286de1","","Stack[-0x4]","DATA","false","true"
"FUN_01283910","01283910","01286de3","","Stack[-0x24]","DATA","false","true"
"FUN_01283910","01283910","01286de6","FUN_012889f0","012889f0","UNCONDITIONAL_CALL","true","false"
"FUN_01283910","01283910","01286deb","","Stack[-0x1c]","READ","false","true"
"FUN_01283910","01283910","01286dee","ExceptionList","ffdff000","WRITE","false","true"
"FUN_01283910","01283910","01286dfd","","Stack[-0x4]","DATA","false","true"
"FUN_01283910","01283910","01286dff","","Stack[-0x24]","DATA","false","true"
"FUN_01283910","01283910","01286e02","FUN_01288ab0","01288ab0","UNCONDITIONAL_CALL","true","false"
"FUN_01283910","01283910","01286e07","","Stack[-0x1c]","READ","false","true"
"FUN_01283910","01283910","01286e0a","ExceptionList","ffdff000","WRITE","false","true"
"FUN_01283910","01283910","01286e19","","Stack[-0x4]","DATA","false","true"
"FUN_01283910","01283910","01286e1b","","Stack[-0x24]","DATA","false","true"
"FUN_01283910","01283910","01286e1e","FUN_01288bb0","01288bb0","UNCONDITIONAL_CALL","true","false"
"FUN_01283910","01283910","01286e23","","Stack[-0x1c]","READ","false","true"
"FUN_01283910","01283910","01286e26","ExceptionList","ffdff000","WRITE","false","true"
"FUN_01283910","01283910","01286e35","","Stack[-0x4]","DATA","false","true"
"FUN_01283910","01283910","01286e37","","Stack[-0x24]","DATA","false","true"
"FUN_01283910","01283910","01286e3a","FUN_01288d00","01288d00","UNCONDITIONAL_CALL","true","false"
"FUN_01283910","01283910","01286e3f","","Stack[-0x1c]","READ","false","true"
"FUN_01283910","01283910","01286e42","ExceptionList","ffdff000","WRITE","false","true"
"FUN_01283910","01283910","01286e51","","Stack[-0x4]","DATA","false","true"
"FUN_01283910","01283910","01286e53","","Stack[-0x24]","DATA","false","true"
"FUN_01283910","01283910","01286e56","FUN_01288ef0","01288ef0","UNCONDITIONAL_CALL","true","false"
"FUN_01283910","01283910","01286e5b","","Stack[-0x1c]","READ","false","true"
"FUN_01283910","01283910","01286e5e","ExceptionList","ffdff000","WRITE","false","true"
"FUN_01283910","01283910","01286e6d","","Stack[-0x4]","DATA","false","true"
"FUN_01283910","01283910","01286e6f","","Stack[-0x24]","DATA","false","true"
"FUN_01283910","01283910","01286e72","FUN_012890e0","012890e0","UNCONDITIONAL_CALL","true","false"
"FUN_01283910","01283910","01286e77","","Stack[-0x1c]","READ","false","true"
"FUN_01283910","01283910","01286e7a","ExceptionList","ffdff000","WRITE","false","true"
"FUN_01283910","01283910","01286e89","","Stack[-0x4]","DATA","false","true"
"FUN_01283910","01283910","01286e8b","","Stack[-0x24]","DATA","false","true"
"FUN_01283910","01283910","01286e8e","FUN_012891c0","012891c0","UNCONDITIONAL_CALL","true","false"
"FUN_01283910","01283910","01286e93","","Stack[-0x1c]","READ","false","true"
"FUN_01283910","01283910","01286e96","ExceptionList","ffdff000","WRITE","false","true"
"FUN_01283910","01283910","01286ea5","","Stack[-0x4]","DATA","false","true"
"FUN_01283910","01283910","01286ea7","","Stack[-0x24]","DATA","false","true"
"FUN_01283910","01283910","01286eaa","FUN_012892a0","012892a0","UNCONDITIONAL_CALL","true","false"
"FUN_01283910","01283910","01286eaf","","Stack[-0x1c]","READ","false","true"
"FUN_01283910","01283910","01286eb2","ExceptionList","ffdff000","WRITE","false","true"
"FUN_01283910","01283910","01286ec1","","Stack[-0x4]","DATA","false","true"
"FUN_01283910","01283910","01286ec3","","Stack[-0x24]","DATA","false","true"
"FUN_01283910","01283910","01286ec6","FUN_012893b0","012893b0","UNCONDITIONAL_CALL","true","false"
"FUN_01283910","01283910","01286ecb","","Stack[-0x1c]","READ","false","true"
"FUN_01283910","01283910","01286ece","ExceptionList","ffdff000","WRITE","false","true"
"FUN_01283910","01283910","01286edd","","Stack[-0x4]","DATA","false","true"
"FUN_01283910","01283910","01286edf","","Stack[-0x24]","DATA","false","true"
"FUN_01283910","01283910","01286ee2","FUN_012894f0","012894f0","UNCONDITIONAL_CALL","true","false"
"FUN_01283910","01283910","01286ee7","","Stack[-0x1c]","READ","false","true"
"FUN_01283910","01283910","01286eea","ExceptionList","ffdff000","WRITE","false","true"
"FUN_01283910","01283910","01286ef9","","Stack[-0x4]","DATA","false","true"
"FUN_01283910","01283910","01286efb","","Stack[-0x24]","DATA","false","true"
"FUN_01283910","01283910","01286efe","FUN_012895f0","012895f0","UNCONDITIONAL_CALL","true","false"
"FUN_01283910","01283910","01286f03","","Stack[-0x1c]","READ","false","true"
"FUN_01283910","01283910","01286f06","ExceptionList","ffdff000","WRITE","false","true"
"FUN_01283910","01283910","01286f15","","Stack[-0x4]","DATA","false","true"
"FUN_01283910","01283910","01286f17","","Stack[-0x24]","DATA","false","true"
"FUN_01283910","01283910","01286f1a","FUN_01289780","01289780","UNCONDITIONAL_CALL","true","false"
"FUN_01283910","01283910","01286f1f","","Stack[-0x1c]","READ","false","true"
"FUN_01283910","01283910","01286f22","ExceptionList","ffdff000","WRITE","false","true"
"FUN_01283910","01283910","01286f31","","Stack[-0x4]","DATA","false","true"
"FUN_01283910","01283910","01286f33","","Stack[-0x24]","DATA","false","true"
"FUN_01283910","01283910","01286f36","FUN_012899a0","012899a0","UNCONDITIONAL_CALL","true","false"
"FUN_01283910","01283910","01286f3b","","Stack[-0x1c]","READ","false","true"
"FUN_01283910","01283910","01286f3e","ExceptionList","ffdff000","WRITE","false","true"
"FUN_01283910","01283910","01286f4d","","Stack[-0x4]","DATA","false","true"
"FUN_01283910","01283910","01286f4f","","Stack[-0x24]","DATA","false","true"
"FUN_01283910","01283910","01286f52","FUN_01289ac0","01289ac0","UNCONDITIONAL_CALL","true","false"
"FUN_01283910","01283910","01286f57","","Stack[-0x1c]","READ","false","true"
"FUN_01283910","01283910","01286f5a","ExceptionList","ffdff000","WRITE","false","true"
"FUN_01283910","01283910","01286f69","","Stack[-0x4]","DATA","false","true"
"FUN_01283910","01283910","01286f6b","","Stack[-0x24]","DATA","false","true"
"FUN_01283910","01283910","01286f6e","FUN_01289be0","01289be0","UNCONDITIONAL_CALL","true","false"
"FUN_01283910","01283910","01286f73","","Stack[-0x1c]","READ","false","true"
"FUN_01283910","01283910","01286f76","ExceptionList","ffdff000","WRITE","false","true"
"FUN_01283910","01283910","01286f85","","Stack[-0x4]","DATA","false","true"
"FUN_01283910","01283910","01286f87","","Stack[-0x24]","DATA","false","true"
"FUN_01283910","01283910","01286f8a","FUN_01289de0","01289de0","UNCONDITIONAL_CALL","true","false"
"FUN_01283910","01283910","01286f8f","","Stack[-0x1c]","READ","false","true"
"FUN_01283910","01283910","01286f92","ExceptionList","ffdff000","WRITE","false","true"
"FUN_01283910","01283910","01286fa1","","Stack[-0x4]","DATA","false","true"
"FUN_01283910","01283910","01286fa3","","Stack[-0x24]","DATA","false","true"
"FUN_01283910","01283910","01286fa6","FUN_01289ef0","01289ef0","UNCONDITIONAL_CALL","true","false"
"FUN_01283910","01283910","01286fab","","Stack[-0x1c]","READ","false","true"
"FUN_01283910","01283910","01286fae","ExceptionList","ffdff000","WRITE","false","true"
"FUN_01283910","01283910","01286fbd","","Stack[-0x4]","DATA","false","true"
"FUN_01283910","01283910","01286fbf","","Stack[-0x24]","DATA","false","true"
"FUN_01283910","01283910","01286fc2","FUN_0128a000","0128a000","UNCONDITIONAL_CALL","true","false"
"FUN_01283910","01283910","01286fc7","","Stack[-0x1c]","READ","false","true"
"FUN_01283910","01283910","01286fca","ExceptionList","ffdff000","WRITE","false","true"
"FUN_01283910","01283910","01286fd9","","Stack[-0x4]","DATA","false","true"
"FUN_01283910","01283910","01286fdb","","Stack[-0x24]","DATA","false","true"
"FUN_01283910","01283910","01286fde","FUN_0128a220","0128a220","UNCONDITIONAL_CALL","true","false"
"FUN_01283910","01283910","01286fe3","","Stack[-0x1c]","READ","false","true"
"FUN_01283910","01283910","01286fe6","ExceptionList","ffdff000","WRITE","false","true"
"FUN_01283910","01283910","01286ff5","","Stack[-0x4]","DATA","false","true"
"FUN_01283910","01283910","01286ff7","","Stack[-0x24]","DATA","false","true"
"FUN_01283910","01283910","01286ffa","FUN_0128a370","0128a370","UNCONDITIONAL_CALL","true","false"
"FUN_01283910","01283910","01286fff","","Stack[-0x1c]","READ","false","true"
"FUN_01283910","01283910","01287002","ExceptionList","ffdff000","WRITE","false","true"
"FUN_01283910","01283910","01287011","","Stack[-0x4]","DATA","false","true"
"FUN_01283910","01283910","01287013","","Stack[-0x24]","DATA","false","true"
"FUN_01283910","01283910","01287016","FUN_0128a4a0","0128a4a0","UNCONDITIONAL_CALL","true","false"
"FUN_01283910","01283910","0128701b","","Stack[-0x1c]","READ","false","true"
"FUN_01283910","01283910","0128701e","ExceptionList","ffdff000","WRITE","false","true"
"FUN_01283910","01283910","0128702d","","Stack[-0x4]","DATA","false","true"
"FUN_01283910","01283910","0128702f","","Stack[-0x24]","DATA","false","true"
"FUN_01283910","01283910","01287032","FUN_0128a710","0128a710","UNCONDITIONAL_CALL","true","false"
"FUN_01283910","01283910","01287037","","Stack[-0x1c]","READ","false","true"
"FUN_01283910","01283910","0128703a","ExceptionList","ffdff000","WRITE","false","true"
"FUN_01283910","01283910","01287049","","Stack[-0x4]","DATA","false","true"
"FUN_01283910","01283910","0128704b","","Stack[-0x24]","DATA","false","true"
"FUN_01283910","01283910","0128704e","FUN_0128a830","0128a830","UNCONDITIONAL_CALL","true","false"
"FUN_01283910","01283910","01287053","","Stack[-0x1c]","READ","false","true"
"FUN_01283910","01283910","01287056","ExceptionList","ffdff000","WRITE","false","true"
"FUN_01283910","01283910","01287065","","Stack[-0x4]","DATA","false","true"
"FUN_01283910","01283910","01287067","","Stack[-0x24]","DATA","false","true"
"FUN_01283910","01283910","0128706a","FUN_0128a900","0128a900","UNCONDITIONAL_CALL","true","false"
"FUN_01283910","01283910","0128706f","","Stack[-0x1c]","READ","false","true"
"FUN_01283910","01283910","01287072","ExceptionList","ffdff000","WRITE","false","true"
"FUN_01283910","01283910","01287081","","Stack[-0x4]","DATA","false","true"
"FUN_01283910","01283910","01287083","","Stack[-0x24]","DATA","false","true"
"FUN_01283910","01283910","01287086","FUN_0128aa10","0128aa10","UNCONDITIONAL_CALL","true","false"
"FUN_01283910","01283910","0128708b","","Stack[-0x1c]","READ","false","true"
"FUN_01283910","01283910","0128708e","ExceptionList","ffdff000","WRITE","false","true"
"FUN_01283910","01283910","0128709d","","Stack[-0x4]","DATA","false","true"
"FUN_01283910","01283910","0128709f","","Stack[-0x24]","DATA","false","true"
"FUN_01283910","01283910","012870a2","FUN_0128ab40","0128ab40","UNCONDITIONAL_CALL","true","false"
"FUN_01283910","01283910","012870a7","","Stack[-0x1c]","READ","false","true"
"FUN_01283910","01283910","012870aa","ExceptionList","ffdff000","WRITE","false","true"
"FUN_01283910","01283910","012870b9","","Stack[-0x4]","DATA","false","true"
"FUN_01283910","01283910","012870bb","","Stack[-0x24]","DATA","false","true"
"FUN_01283910","01283910","012870be","FUN_0128ac10","0128ac10","UNCONDITIONAL_CALL","true","false"
"FUN_01283910","01283910","012870c3","","Stack[-0x1c]","READ","false","true"
"FUN_01283910","01283910","012870c6","ExceptionList","ffdff000","WRITE","false","true"
"FUN_01283910","01283910","012870d5","","Stack[-0x4]","DATA","false","true"
"FUN_01283910","01283910","012870d7","","Stack[-0x24]","DATA","false","true"
"FUN_01283910","01283910","012870da","FUN_0128ad50","0128ad50","UNCONDITIONAL_CALL","true","false"
"FUN_01283910","01283910","012870df","","Stack[-0x1c]","READ","false","true"
"FUN_01283910","01283910","012870e2","ExceptionList","ffdff000","WRITE","false","true"
"FUN_01283910","01283910","012870f1","","Stack[-0x4]","DATA","false","true"
"FUN_01283910","01283910","012870f3","","Stack[-0x24]","DATA","false","true"
"FUN_01283910","01283910","012870f6","FUN_0128ae90","0128ae90","UNCONDITIONAL_CALL","true","false"
"FUN_01283910","01283910","012870fb","","Stack[-0x1c]","READ","false","true"
"FUN_01283910","01283910","012870fe","ExceptionList","ffdff000","WRITE","false","true"
"FUN_01283910","01283910","0128710d","","Stack[-0x4]","DATA","false","true"
"FUN_01283910","01283910","0128710f","","Stack[-0x24]","DATA","false","true"
"FUN_01283910","01283910","01287112","FUN_0128af80","0128af80","UNCONDITIONAL_CALL","true","false"
"FUN_01283910","01283910","01287117","","Stack[-0x1c]","READ","false","true"
"FUN_01283910","01283910","0128711a","ExceptionList","ffdff000","WRITE","false","true"
"FUN_01283910","01283910","01287129","","Stack[-0x4]","DATA","false","true"
"FUN_01283910","01283910","0128712b","","Stack[-0x24]","DATA","false","true"
"FUN_01283910","01283910","0128712e","FUN_0128b0c0","0128b0c0","UNCONDITIONAL_CALL","true","false"
"FUN_01283910","01283910","01287133","","Stack[-0x1c]","READ","false","true"
"FUN_01283910","01283910","01287136","ExceptionList","ffdff000","WRITE","false","true"
"FUN_01283910","01283910","01287145","","Stack[-0x4]","DATA","false","true"
"FUN_01283910","01283910","01287147","","Stack[-0x24]","DATA","false","true"
"FUN_01283910","01283910","0128714a","FUN_0128b1b0","0128b1b0","UNCONDITIONAL_CALL","true","false"
"FUN_01283910","01283910","0128714f","","Stack[-0x1c]","READ","false","true"
"FUN_01283910","01283910","01287152","ExceptionList","ffdff000","WRITE","false","true"
"FUN_01283910","01283910","01287161","","Stack[-0x4]","DATA","false","true"
"FUN_01283910","01283910","01287163","","Stack[-0x24]","DATA","false","true"
"FUN_01283910","01283910","01287166","FUN_0128b2d0","0128b2d0","UNCONDITIONAL_CALL","true","false"
"FUN_01283910","01283910","0128716b","","Stack[-0x1c]","READ","false","true"
"FUN_01283910","01283910","0128716e","ExceptionList","ffdff000","WRITE","false","true"
"FUN_01283910","01283910","0128717d","","Stack[-0x4]","DATA","false","true"
"FUN_01283910","01283910","0128717f","","Stack[-0x24]","DATA","false","true"
"FUN_01283910","01283910","01287182","FUN_0128b3e0","0128b3e0","UNCONDITIONAL_CALL","true","false"
"FUN_01283910","01283910","01287187","","Stack[-0x1c]","READ","false","true"
"FUN_01283910","01283910","0128718a","ExceptionList","ffdff000","WRITE","false","true"
"FUN_01283910","01283910","01287199","","Stack[-0x4]","DATA","false","true"
"FUN_01283910","01283910","0128719b","","Stack[-0x24]","DATA","false","true"
"FUN_01283910","01283910","0128719e","FUN_0128b4c0","0128b4c0","UNCONDITIONAL_CALL","true","false"
"FUN_01283910","01283910","012871a3","","Stack[-0x1c]","READ","false","true"
"FUN_01283910","01283910","012871a6","ExceptionList","ffdff000","WRITE","false","true"
"FUN_01283910","01283910","012871b5","","Stack[-0x4]","DATA","false","true"
"FUN_01283910","01283910","012871b7","","Stack[-0x24]","DATA","false","true"
"FUN_01283910","01283910","012871ba","FUN_0128b5c0","0128b5c0","UNCONDITIONAL_CALL","true","false"
"FUN_01283910","01283910","012871bf","","Stack[-0x1c]","READ","false","true"
"FUN_01283910","01283910","012871c2","ExceptionList","ffdff000","WRITE","false","true"
"FUN_01283910","01283910","012871d1","","Stack[-0x4]","DATA","false","true"
"FUN_01283910","01283910","012871d3","","Stack[-0x24]","DATA","false","true"
"FUN_01283910","01283910","012871d6","FUN_0128b6c0","0128b6c0","UNCONDITIONAL_CALL","true","false"
"FUN_01283910","01283910","012871db","","Stack[-0x1c]","READ","false","true"
"FUN_01283910","01283910","012871de","ExceptionList","ffdff000","WRITE","false","true"
"FUN_01283910","01283910","012871ed","","Stack[-0x4]","DATA","false","true"
"FUN_01283910","01283910","012871ef","","Stack[-0x24]","DATA","false","true"
"FUN_01283910","01283910","012871f2","FUN_0128b7b0","0128b7b0","UNCONDITIONAL_CALL","true","false"
"FUN_01283910","01283910","012871f7","","Stack[-0x1c]","READ","false","true"
"FUN_01283910","01283910","012871fa","ExceptionList","ffdff000","WRITE","false","true"
"FUN_01283910","01283910","01287209","","Stack[-0x4]","DATA","false","true"
"FUN_01283910","01283910","0128720b","","Stack[-0x24]","DATA","false","true"
"FUN_01283910","01283910","0128720e","FUN_0128b8a0","0128b8a0","UNCONDITIONAL_CALL","true","false"
"FUN_01283910","01283910","01287213","","Stack[-0x1c]","READ","false","true"
"FUN_01283910","01283910","01287216","ExceptionList","ffdff000","WRITE","false","true"
"FUN_01283910","01283910","01287225","","Stack[-0x4]","DATA","false","true"
"FUN_01283910","01283910","01287227","","Stack[-0x24]","DATA","false","true"
"FUN_01283910","01283910","0128722a","FUN_0128b980","0128b980","UNCONDITIONAL_CALL","true","false"
"FUN_01283910","01283910","0128722f","","Stack[-0x1c]","READ","false","true"
"FUN_01283910","01283910","01287232","ExceptionList","ffdff000","WRITE","false","true"
"FUN_01283910","01283910","01287241","","Stack[-0x4]","DATA","false","true"
"FUN_01283910","01283910","01287243","","Stack[-0x24]","DATA","false","true"
"FUN_01283910","01283910","01287246","FUN_0128bab0","0128bab0","UNCONDITIONAL_CALL","true","false"
"FUN_01283910","01283910","0128724b","","Stack[-0x1c]","READ","false","true"
"FUN_01283910","01283910","0128724e","ExceptionList","ffdff000","WRITE","false","true"
"FUN_01283910","01283910","0128725d","","Stack[-0x4]","DATA","false","true"
"FUN_01283910","01283910","0128725f","","Stack[-0x24]","DATA","false","true"
"FUN_01283910","01283910","01287262","FUN_0128bbd0","0128bbd0","UNCONDITIONAL_CALL","true","false"
"FUN_01283910","01283910","01287267","","Stack[-0x1c]","READ","false","true"
"FUN_01283910","01283910","0128726a","ExceptionList","ffdff000","WRITE","false","true"
"FUN_01283910","01283910","01287279","","Stack[-0x4]","DATA","false","true"
"FUN_01283910","01283910","0128727b","","Stack[-0x24]","DATA","false","true"
"FUN_01283910","01283910","0128727e","FUN_0128bcc0","0128bcc0","UNCONDITIONAL_CALL","true","false"
"FUN_01283910","01283910","01287283","","Stack[-0x1c]","READ","false","true"
"FUN_01283910","01283910","01287286","ExceptionList","ffdff000","WRITE","false","true"
"FUN_01283910","01283910","01287295","","Stack[-0x4]","DATA","false","true"
"FUN_01283910","01283910","01287297","","Stack[-0x24]","DATA","false","true"
"FUN_01283910","01283910","0128729a","FUN_0128bd60","0128bd60","UNCONDITIONAL_CALL","true","false"
"FUN_01283910","01283910","0128729f","","Stack[-0x1c]","READ","false","true"
"FUN_01283910","01283910","012872a2","ExceptionList","ffdff000","WRITE","false","true"
"FUN_01283910","01283910","012872b1","","Stack[-0x4]","DATA","false","true"
"FUN_01283910","01283910","012872b3","","Stack[-0x24]","DATA","false","true"
"FUN_01283910","01283910","012872b6","FUN_0128bfa0","0128bfa0","UNCONDITIONAL_CALL","true","false"
"FUN_01283910","01283910","012872bb","","Stack[-0x1c]","READ","false","true"
"FUN_01283910","01283910","012872be","ExceptionList","ffdff000","WRITE","false","true"
"FUN_01283910","01283910","012872cd","","Stack[-0x4]","DATA","false","true"
"FUN_01283910","01283910","012872cf","","Stack[-0x24]","DATA","false","true"
"FUN_01283910","01283910","012872d2","FUN_0128c0e0","0128c0e0","UNCONDITIONAL_CALL","true","false"
"FUN_01283910","01283910","012872d7","","Stack[-0x1c]","READ","false","true"
"FUN_01283910","01283910","012872da","ExceptionList","ffdff000","WRITE","false","true"
"FUN_01283910","01283910","012872e9","","Stack[-0x4]","DATA","false","true"
"FUN_01283910","01283910","012872eb","","Stack[-0x24]","DATA","false","true"
"FUN_01283910","01283910","012872ee","FUN_0128c260","0128c260","UNCONDITIONAL_CALL","true","false"
"FUN_01283910","01283910","012872f3","","Stack[-0x1c]","READ","false","true"
"FUN_01283910","01283910","012872f6","ExceptionList","ffdff000","WRITE","false","true"
"FUN_01283910","01283910","01287305","","Stack[-0x4]","DATA","false","true"
"FUN_01283910","01283910","01287307","","Stack[-0x24]","DATA","false","true"
"FUN_01283910","01283910","0128730a","FUN_0128c370","0128c370","UNCONDITIONAL_CALL","true","false"
"FUN_01283910","01283910","0128730f","","Stack[-0x1c]","READ","false","true"
"FUN_01283910","01283910","01287312","ExceptionList","ffdff000","WRITE","false","true"
"FUN_01283910","01283910","01287321","","Stack[-0x4]","DATA","false","true"
"FUN_01283910","01283910","01287323","","Stack[-0x24]","DATA","false","true"
"FUN_01283910","01283910","01287326","FUN_0128c490","0128c490","UNCONDITIONAL_CALL","true","false"
"FUN_01283910","01283910","0128732b","","Stack[-0x1c]","READ","false","true"
"FUN_01283910","01283910","0128732e","ExceptionList","ffdff000","WRITE","false","true"
"FUN_01283910","01283910","0128733d","","Stack[-0x4]","DATA","false","true"
"FUN_01283910","01283910","0128733f","","Stack[-0x24]","DATA","false","true"
"FUN_01283910","01283910","01287342","FUN_0128c5d0","0128c5d0","UNCONDITIONAL_CALL","true","false"
"FUN_01283910","01283910","01287347","","Stack[-0x1c]","READ","false","true"
"FUN_01283910","01283910","0128734a","ExceptionList","ffdff000","WRITE","false","true"
"FUN_01283910","01283910","01287359","","Stack[-0x4]","DATA","false","true"
"FUN_01283910","01283910","0128735b","","Stack[-0x24]","DATA","false","true"
"FUN_01283910","01283910","0128735e","FUN_0128c7f0","0128c7f0","UNCONDITIONAL_CALL","true","false"
"FUN_01283910","01283910","01287363","","Stack[-0x1c]","READ","false","true"
"FUN_01283910","01283910","01287366","ExceptionList","ffdff000","WRITE","false","true"
"FUN_01283910","01283910","01287375","","Stack[-0x4]","DATA","false","true"
"FUN_01283910","01283910","01287377","","Stack[-0x24]","DATA","false","true"
"FUN_01283910","01283910","0128737a","FUN_0128c990","0128c990","UNCONDITIONAL_CALL","true","false"
"FUN_01283910","01283910","0128737f","","Stack[-0x1c]","READ","false","true"
"FUN_01283910","01283910","01287382","ExceptionList","ffdff000","WRITE","false","true"
"FUN_01283910","01283910","01287391","","Stack[-0x4]","DATA","false","true"
"FUN_01283910","01283910","01287393","","Stack[-0x24]","DATA","false","true"
"FUN_01283910","01283910","01287396","FUN_0128caf0","0128caf0","UNCONDITIONAL_CALL","true","false"
"FUN_01283910","01283910","0128739b","","Stack[-0x1c]","READ","false","true"
"FUN_01283910","01283910","0128739e","ExceptionList","ffdff000","WRITE","false","true"
"FUN_01283910","01283910","012873ad","","Stack[-0x4]","DATA","false","true"
"FUN_01283910","01283910","012873af","","Stack[-0x24]","DATA","false","true"
"FUN_01283910","01283910","012873b2","FUN_0128cbd0","0128cbd0","UNCONDITIONAL_CALL","true","false"
"FUN_01283910","01283910","012873b7","","Stack[-0x1c]","READ","false","true"
"FUN_01283910","01283910","012873ba","ExceptionList","ffdff000","WRITE","false","true"
"FUN_01283910","01283910","012873c9","","Stack[-0x4]","DATA","false","true"
"FUN_01283910","01283910","012873cb","","Stack[-0x24]","DATA","false","true"
"FUN_01283910","01283910","012873ce","FUN_0128ccb0","0128ccb0","UNCONDITIONAL_CALL","true","false"
"FUN_01283910","01283910","012873d3","","Stack[-0x1c]","READ","false","true"
"FUN_01283910","01283910","012873d6","ExceptionList","ffdff000","WRITE","false","true"
"FUN_01283910","01283910","012873e5","","Stack[-0x4]","DATA","false","true"
"FUN_01283910","01283910","012873e7","","Stack[-0x24]","DATA","false","true"
"FUN_01283910","01283910","012873ea","FUN_0128cd60","0128cd60","UNCONDITIONAL_CALL","true","false"
"FUN_01283910","01283910","012873ef","","Stack[-0x1c]","READ","false","true"
"FUN_01283910","01283910","012873f2","ExceptionList","ffdff000","WRITE","false","true"
"FUN_01283910","01283910","01287401","","Stack[-0x4]","DATA","false","true"
"FUN_01283910","01283910","01287403","","Stack[-0x24]","DATA","false","true"
"FUN_01283910","01283910","01287406","FUN_0128ced0","0128ced0","UNCONDITIONAL_CALL","true","false"
"FUN_01283910","01283910","0128740b","","Stack[-0x1c]","READ","false","true"
"FUN_01283910","01283910","0128740e","ExceptionList","ffdff000","WRITE","false","true"
"FUN_01283910","01283910","0128741d","","Stack[-0x4]","DATA","false","true"
"FUN_01283910","01283910","0128741f","","Stack[-0x24]","DATA","false","true"
"FUN_01283910","01283910","01287422","FUN_0128cfd0","0128cfd0","UNCONDITIONAL_CALL","true","false"
"FUN_01283910","01283910","01287427","","Stack[-0x1c]","READ","false","true"
"FUN_01283910","01283910","0128742a","ExceptionList","ffdff000","WRITE","false","true"
"FUN_01283910","01283910","01287439","","Stack[-0x4]","DATA","false","true"
"FUN_01283910","01283910","0128743b","","Stack[-0x24]","DATA","false","true"
"FUN_01283910","01283910","0128743e","FUN_0128d0d0","0128d0d0","UNCONDITIONAL_CALL","true","false"
"FUN_01283910","01283910","01287443","","Stack[-0x1c]","READ","false","true"
"FUN_01283910","01283910","01287446","ExceptionList","ffdff000","WRITE","false","true"
"FUN_01283910","01283910","01287455","","Stack[-0x4]","DATA","false","true"
"FUN_01283910","01283910","01287457","","Stack[-0x24]","DATA","false","true"
"FUN_01283910","01283910","0128745a","FUN_0128d1f0","0128d1f0","UNCONDITIONAL_CALL","true","false"
"FUN_01283910","01283910","0128745f","","Stack[-0x1c]","READ","false","true"
"FUN_01283910","01283910","01287462","ExceptionList","ffdff000","WRITE","false","true"
"FUN_01283910","01283910","01287471","","Stack[-0x4]","DATA","false","true"
"FUN_01283910","01283910","01287473","","Stack[-0x24]","DATA","false","true"
"FUN_01283910","01283910","01287476","FUN_0128d2d0","0128d2d0","UNCONDITIONAL_CALL","true","false"
"FUN_01283910","01283910","0128747b","","Stack[-0x1c]","READ","false","true"
"FUN_01283910","01283910","0128747e","ExceptionList","ffdff000","WRITE","false","true"
"FUN_01283910","01283910","0128748d","","Stack[-0x4]","DATA","false","true"
"FUN_01283910","01283910","0128748f","","Stack[-0x24]","DATA","false","true"
"FUN_01283910","01283910","01287492","FUN_0128d3d0","0128d3d0","UNCONDITIONAL_CALL","true","false"
"FUN_01283910","01283910","01287497","","Stack[-0x1c]","READ","false","true"
"FUN_01283910","01283910","0128749a","ExceptionList","ffdff000","WRITE","false","true"
"FUN_01283910","01283910","012874a9","","Stack[-0x4]","DATA","false","true"
"FUN_01283910","01283910","012874ab","","Stack[-0x24]","DATA","false","true"
"FUN_01283910","01283910","012874ae","FUN_0128d4e0","0128d4e0","UNCONDITIONAL_CALL","true","false"
"FUN_01283910","01283910","012874b3","","Stack[-0x1c]","READ","false","true"
"FUN_01283910","01283910","012874b6","ExceptionList","ffdff000","WRITE","false","true"
"FUN_01283910","01283910","012874c5","","Stack[-0x4]","DATA","false","true"
"FUN_01283910","01283910","012874c7","","Stack[-0x24]","DATA","false","true"
"FUN_01283910","01283910","012874ca","FUN_0128d5c0","0128d5c0","UNCONDITIONAL_CALL","true","false"
"FUN_01283910","01283910","012874cf","","Stack[-0x1c]","READ","false","true"
"FUN_01283910","01283910","012874d2","ExceptionList","ffdff000","WRITE","false","true"
"FUN_01283910","01283910","012874e1","","Stack[-0x4]","DATA","false","true"
"FUN_01283910","01283910","012874e3","","Stack[-0x24]","DATA","false","true"
"FUN_01283910","01283910","012874e6","FUN_0128d710","0128d710","UNCONDITIONAL_CALL","true","false"
"FUN_01283910","01283910","012874eb","","Stack[-0x1c]","READ","false","true"
"FUN_01283910","01283910","012874ee","ExceptionList","ffdff000","WRITE","false","true"
"FUN_01283910","01283910","012874fd","","Stack[-0x4]","DATA","false","true"
"FUN_01283910","01283910","012874ff","","Stack[-0x24]","DATA","false","true"
"FUN_01283910","01283910","01287502","FUN_0128d890","0128d890","UNCONDITIONAL_CALL","true","false"
"FUN_01283910","01283910","01287507","","Stack[-0x1c]","READ","false","true"
"FUN_01283910","01283910","0128750a","ExceptionList","ffdff000","WRITE","false","true"
"FUN_01283910","01283910","01287519","","Stack[-0x4]","DATA","false","true"
"FUN_01283910","01283910","0128751b","","Stack[-0x24]","DATA","false","true"
"FUN_01283910","01283910","0128751e","FUN_0128da20","0128da20","UNCONDITIONAL_CALL","true","false"
"FUN_01283910","01283910","01287523","","Stack[-0x1c]","READ","false","true"
"FUN_01283910","01283910","01287526","ExceptionList","ffdff000","WRITE","false","true"
"FUN_01283910","01283910","01287535","","Stack[-0x4]","DATA","false","true"
"FUN_01283910","01283910","01287537","","Stack[-0x24]","DATA","false","true"
"FUN_01283910","01283910","0128753a","FUN_0128db50","0128db50","UNCONDITIONAL_CALL","true","false"
"FUN_01283910","01283910","0128753f","","Stack[-0x1c]","READ","false","true"
"FUN_01283910","01283910","01287542","ExceptionList","ffdff000","WRITE","false","true"
"FUN_01283910","01283910","01287551","","Stack[-0x4]","DATA","false","true"
"FUN_01283910","01283910","01287553","","Stack[-0x24]","DATA","false","true"
"FUN_01283910","01283910","01287556","FUN_0128dc90","0128dc90","UNCONDITIONAL_CALL","true","false"
"FUN_01283910","01283910","0128755b","","Stack[-0x1c]","READ","false","true"
"FUN_01283910","01283910","0128755e","ExceptionList","ffdff000","WRITE","false","true"
"FUN_01283910","01283910","0128756d","","Stack[-0x4]","DATA","false","true"
"FUN_01283910","01283910","0128756f","","Stack[-0x24]","DATA","false","true"
"FUN_01283910","01283910","01287572","FUN_0128dd80","0128dd80","UNCONDITIONAL_CALL","true","false"
"FUN_01283910","01283910","01287577","","Stack[-0x1c]","READ","false","true"
"FUN_01283910","01283910","0128757a","ExceptionList","ffdff000","WRITE","false","true"
"FUN_01283910","01283910","01287589","","Stack[-0x4]","DATA","false","true"
"FUN_01283910","01283910","0128758b","","Stack[-0x24]","DATA","false","true"
"FUN_01283910","01283910","0128758e","FUN_0128dec0","0128dec0","UNCONDITIONAL_CALL","true","false"
"FUN_01283910","01283910","01287593","","Stack[-0x1c]","READ","false","true"
"FUN_01283910","01283910","01287596","ExceptionList","ffdff000","WRITE","false","true"
"FUN_01283910","01283910","012875a5","","Stack[-0x4]","DATA","false","true"
"FUN_01283910","01283910","012875a7","","Stack[-0x24]","DATA","false","true"
"FUN_01283910","01283910","012875aa","FUN_0128e000","0128e000","UNCONDITIONAL_CALL","true","false"
"FUN_01283910","01283910","012875af","","Stack[-0x1c]","READ","false","true"
"FUN_01283910","01283910","012875b2","ExceptionList","ffdff000","WRITE","false","true"
"FUN_01283910","01283910","012875c1","","Stack[-0x4]","DATA","false","true"
"FUN_01283910","01283910","012875c3","","Stack[-0x24]","DATA","false","true"
"FUN_01283910","01283910","012875c6","FUN_0128e150","0128e150","UNCONDITIONAL_CALL","true","false"
"FUN_01283910","01283910","012875cb","","Stack[-0x1c]","READ","false","true"
"FUN_01283910","01283910","012875ce","ExceptionList","ffdff000","WRITE","false","true"
"FUN_01283910","01283910","012875dd","","Stack[-0x4]","DATA","false","true"
"FUN_01283910","01283910","012875df","","Stack[-0x24]","DATA","false","true"
"FUN_01283910","01283910","012875e2","FUN_0128e280","0128e280","UNCONDITIONAL_CALL","true","false"
"FUN_01283910","01283910","012875e7","","Stack[-0x1c]","READ","false","true"
"FUN_01283910","01283910","012875ea","ExceptionList","ffdff000","WRITE","false","true"
"FUN_01283910","01283910","012875f9","","Stack[-0x4]","DATA","false","true"
"FUN_01283910","01283910","012875fb","","Stack[-0x24]","DATA","false","true"
"FUN_01283910","01283910","012875fe","FUN_0128e370","0128e370","UNCONDITIONAL_CALL","true","false"
"FUN_01283910","01283910","01287603","","Stack[-0x1c]","READ","false","true"
"FUN_01283910","01283910","01287606","ExceptionList","ffdff000","WRITE","false","true"
"FUN_01283910","01283910","01287615","","Stack[-0x4]","DATA","false","true"
"FUN_01283910","01283910","01287617","","Stack[-0x24]","DATA","false","true"
"FUN_01283910","01283910","0128761a","FUN_0128e470","0128e470","UNCONDITIONAL_CALL","true","false"
"FUN_01283910","01283910","0128761f","","Stack[-0x1c]","READ","false","true"
"FUN_01283910","01283910","01287622","ExceptionList","ffdff000","WRITE","false","true"
"FUN_01283910","01283910","01287631","","Stack[-0x4]","DATA","false","true"
"FUN_01283910","01283910","01287633","","Stack[-0x24]","DATA","false","true"
"FUN_01283910","01283910","01287636","FUN_0128e580","0128e580","UNCONDITIONAL_CALL","true","false"
"FUN_01283910","01283910","0128763b","","Stack[-0x1c]","READ","false","true"
"FUN_01283910","01283910","0128763e","ExceptionList","ffdff000","WRITE","false","true"
"FUN_01283910","01283910","0128764d","","Stack[-0x4]","DATA","false","true"
"FUN_01283910","01283910","0128764f","","Stack[-0x24]","DATA","false","true"
"FUN_01283910","01283910","01287652","FUN_0128e670","0128e670","UNCONDITIONAL_CALL","true","false"
"FUN_01283910","01283910","01287657","","Stack[-0x1c]","READ","false","true"
"FUN_01283910","01283910","0128765a","ExceptionList","ffdff000","WRITE","false","true"
"FUN_01283910","01283910","01287669","","Stack[-0x4]","DATA","false","true"
"FUN_01283910","01283910","0128766b","","Stack[-0x24]","DATA","false","true"
"FUN_01283910","01283910","0128766e","FUN_0128e760","0128e760","UNCONDITIONAL_CALL","true","false"
"FUN_01283910","01283910","01287673","","Stack[-0x1c]","READ","false","true"
"FUN_01283910","01283910","01287676","ExceptionList","ffdff000","WRITE","false","true"
"FUN_01283910","01283910","01287685","","Stack[-0x4]","DATA","false","true"
"FUN_01283910","01283910","01287687","","Stack[-0x24]","DATA","false","true"
"FUN_01283910","01283910","0128768a","FUN_0128e870","0128e870","UNCONDITIONAL_CALL","true","false"
"FUN_01283910","01283910","0128768f","","Stack[-0x1c]","READ","false","true"
"FUN_01283910","01283910","01287692","ExceptionList","ffdff000","WRITE","false","true"
"FUN_01283910","01283910","012876a1","","Stack[-0x4]","DATA","false","true"
"FUN_01283910","01283910","012876a3","","Stack[-0x24]","DATA","false","true"
"FUN_01283910","01283910","012876a6","FUN_0128e950","0128e950","UNCONDITIONAL_CALL","true","false"
"FUN_01283910","01283910","012876ab","","Stack[-0x1c]","READ","false","true"
"FUN_01283910","01283910","012876ae","ExceptionList","ffdff000","WRITE","false","true"
"FUN_01283910","01283910","012876bd","","Stack[-0x4]","DATA","false","true"
"FUN_01283910","01283910","012876bf","","Stack[-0x24]","DATA","false","true"
"FUN_01283910","01283910","012876c2","FUN_0128ea50","0128ea50","UNCONDITIONAL_CALL","true","false"
"FUN_01283910","01283910","012876c7","","Stack[-0x1c]","READ","false","true"
"FUN_01283910","01283910","012876ca","ExceptionList","ffdff000","WRITE","false","true"
"FUN_01283910","01283910","012876d9","","Stack[-0x4]","DATA","false","true"
"FUN_01283910","01283910","012876db","","Stack[-0x24]","DATA","false","true"
"FUN_01283910","01283910","012876de","FUN_0128eb50","0128eb50","UNCONDITIONAL_CALL","true","false"
"FUN_01283910","01283910","012876e3","","Stack[-0x1c]","READ","false","true"
"FUN_01283910","01283910","012876e6","ExceptionList","ffdff000","WRITE","false","true"
"FUN_01283910","01283910","012876f5","","Stack[-0x4]","DATA","false","true"
"FUN_01283910","01283910","012876f7","","Stack[-0x24]","DATA","false","true"
"FUN_01283910","01283910","012876fa","FUN_0128ed20","0128ed20","UNCONDITIONAL_CALL","true","false"
"FUN_01283910","01283910","012876ff","","Stack[-0x1c]","READ","false","true"
"FUN_01283910","01283910","01287702","ExceptionList","ffdff000","WRITE","false","true"
"FUN_01283910","01283910","01287711","","Stack[-0x4]","DATA","false","true"
"FUN_01283910","01283910","01287713","","Stack[-0x24]","DATA","false","true"
"FUN_01283910","01283910","01287716","FUN_0128ee70","0128ee70","UNCONDITIONAL_CALL","true","false"
"FUN_01283910","01283910","0128771b","","Stack[-0x1c]","READ","false","true"
"FUN_01283910","01283910","0128771e","ExceptionList","ffdff000","WRITE","false","true"
"FUN_01283910","01283910","0128772d","","Stack[-0x4]","DATA","false","true"
"FUN_01283910","01283910","0128772f","","Stack[-0x24]","DATA","false","true"
"FUN_01283910","01283910","01287732","FUN_0128ef50","0128ef50","UNCONDITIONAL_CALL","true","false"
"FUN_01283910","01283910","01287737","","Stack[-0x1c]","READ","false","true"
"FUN_01283910","01283910","0128773a","ExceptionList","ffdff000","WRITE","false","true"
"FUN_01283910","01283910","01287749","","Stack[-0x4]","DATA","false","true"
"FUN_01283910","01283910","0128774b","","Stack[-0x24]","DATA","false","true"
"FUN_01283910","01283910","0128774e","FUN_0128f070","0128f070","UNCONDITIONAL_CALL","true","false"
"FUN_01283910","01283910","01287753","","Stack[-0x1c]","READ","false","true"
"FUN_01283910","01283910","01287756","ExceptionList","ffdff000","WRITE","false","true"
"FUN_01283910","01283910","01287765","","Stack[-0x4]","DATA","false","true"
"FUN_01283910","01283910","01287767","","Stack[-0x24]","DATA","false","true"
"FUN_01283910","01283910","0128776a","FUN_0128f1b0","0128f1b0","UNCONDITIONAL_CALL","true","false"
"FUN_01283910","01283910","0128776f","","Stack[-0x1c]","READ","false","true"
"FUN_01283910","01283910","01287772","ExceptionList","ffdff000","WRITE","false","true"
"FUN_01283910","01283910","01287781","","Stack[-0x4]","DATA","false","true"
"FUN_01283910","01283910","01287783","","Stack[-0x24]","DATA","false","true"
"FUN_01283910","01283910","01287786","FUN_0128f2f0","0128f2f0","UNCONDITIONAL_CALL","true","false"
"FUN_01283910","01283910","0128778b","","Stack[-0x1c]","READ","false","true"
"FUN_01283910","01283910","0128778e","ExceptionList","ffdff000","WRITE","false","true"
"FUN_01283910","01283910","0128779d","","Stack[-0x4]","DATA","false","true"
"FUN_01283910","01283910","0128779f","","Stack[-0x24]","DATA","false","true"
"FUN_01283910","01283910","012877a2","FUN_0128f3d0","0128f3d0","UNCONDITIONAL_CALL","true","false"
"FUN_01283910","01283910","012877a7","","Stack[-0x1c]","READ","false","true"
"FUN_01283910","01283910","012877aa","ExceptionList","ffdff000","WRITE","false","true"
"FUN_01283910","01283910","012877b9","","Stack[-0x4]","DATA","false","true"
"FUN_01283910","01283910","012877bb","","Stack[-0x24]","DATA","false","true"
"FUN_01283910","01283910","012877be","FUN_0128f590","0128f590","UNCONDITIONAL_CALL","true","false"
"FUN_01283910","01283910","012877c3","","Stack[-0x1c]","READ","false","true"
"FUN_01283910","01283910","012877c6","ExceptionList","ffdff000","WRITE","false","true"
"FUN_01283910","01283910","012877d5","","Stack[-0x4]","DATA","false","true"
"FUN_01283910","01283910","012877d7","","Stack[-0x24]","DATA","false","true"
"FUN_01283910","01283910","012877da","FUN_0128f6f0","0128f6f0","UNCONDITIONAL_CALL","true","false"
"FUN_01283910","01283910","012877df","","Stack[-0x1c]","READ","false","true"
"FUN_01283910","01283910","012877e2","ExceptionList","ffdff000","WRITE","false","true"
"FUN_01283910","01283910","012877f1","","Stack[-0x4]","DATA","false","true"
"FUN_01283910","01283910","012877f3","","Stack[-0x24]","DATA","false","true"
"FUN_01283910","01283910","012877f6","FUN_0128f820","0128f820","UNCONDITIONAL_CALL","true","false"
"FUN_01283910","01283910","012877fb","","Stack[-0x1c]","READ","false","true"
"FUN_01283910","01283910","012877fe","ExceptionList","ffdff000","WRITE","false","true"
"FUN_01283910","01283910","0128780d","","Stack[-0x4]","DATA","false","true"
"FUN_01283910","01283910","0128780f","","Stack[-0x24]","DATA","false","true"
"FUN_01283910","01283910","01287812","FUN_0128f980","0128f980","UNCONDITIONAL_CALL","true","false"
"FUN_01283910","01283910","01287817","","Stack[-0x1c]","READ","false","true"
"FUN_01283910","01283910","0128781a","ExceptionList","ffdff000","WRITE","false","true"
"FUN_01283910","01283910","01287829","","Stack[-0x4]","DATA","false","true"
"FUN_01283910","01283910","0128782b","","Stack[-0x24]","DATA","false","true"
"FUN_01283910","01283910","0128782e","FUN_0128fad0","0128fad0","UNCONDITIONAL_CALL","true","false"
"FUN_01283910","01283910","01287833","","Stack[-0x1c]","READ","false","true"
"FUN_01283910","01283910","01287836","ExceptionList","ffdff000","WRITE","false","true"
"FUN_01283910","01283910","01287845","","Stack[-0x4]","DATA","false","true"
"FUN_01283910","01283910","01287847","","Stack[-0x24]","DATA","false","true"
"FUN_01283910","01283910","0128784a","FUN_0128fcd0","0128fcd0","UNCONDITIONAL_CALL","true","false"
"FUN_01283910","01283910","0128784f","","Stack[-0x1c]","READ","false","true"
"FUN_01283910","01283910","01287852","ExceptionList","ffdff000","WRITE","false","true"
"FUN_01283910","01283910","01287861","","Stack[-0x4]","DATA","false","true"
"FUN_01283910","01283910","01287863","","Stack[-0x24]","DATA","false","true"
"FUN_01283910","01283910","01287866","FUN_0128fe40","0128fe40","UNCONDITIONAL_CALL","true","false"
"FUN_01283910","01283910","0128786b","","Stack[-0x1c]","READ","false","true"
"FUN_01283910","01283910","0128786e","ExceptionList","ffdff000","WRITE","false","true"
"FUN_01283910","01283910","0128787d","","Stack[-0x4]","DATA","false","true"
"FUN_01283910","01283910","0128787f","","Stack[-0x24]","DATA","false","true"
"FUN_01283910","01283910","01287882","FUN_0128ffd0","0128ffd0","UNCONDITIONAL_CALL","true","false"
"FUN_01283910","01283910","01287887","","Stack[-0x1c]","READ","false","true"
"FUN_01283910","01283910","0128788a","ExceptionList","ffdff000","WRITE","false","true"
"FUN_01283910","01283910","01287899","","Stack[-0x4]","DATA","false","true"
"FUN_01283910","01283910","0128789b","","Stack[-0x24]","DATA","false","true"
"FUN_01283910","01283910","0128789e","FUN_01290160","01290160","UNCONDITIONAL_CALL","true","false"
"FUN_01283910","01283910","012878a3","","Stack[-0x1c]","READ","false","true"
"FUN_01283910","01283910","012878a6","ExceptionList","ffdff000","WRITE","false","true"
"FUN_01283910","01283910","012878b5","","Stack[-0x4]","DATA","false","true"
"FUN_01283910","01283910","012878b7","","Stack[-0x24]","DATA","false","true"
"FUN_01283910","01283910","012878ba","FUN_012902a0","012902a0","UNCONDITIONAL_CALL","true","false"
"FUN_01283910","01283910","012878bf","","Stack[-0x1c]","READ","false","true"
"FUN_01283910","01283910","012878c2","ExceptionList","ffdff000","WRITE","false","true"
"FUN_01283910","01283910","012878d1","","Stack[-0x4]","DATA","false","true"
"FUN_01283910","01283910","012878d3","","Stack[-0x24]","DATA","false","true"
"FUN_01283910","01283910","012878d6","FUN_01290490","01290490","UNCONDITIONAL_CALL","true","false"
"FUN_01283910","01283910","012878db","","Stack[-0x1c]","READ","false","true"
"FUN_01283910","01283910","012878de","ExceptionList","ffdff000","WRITE","false","true"
"FUN_01283910","01283910","012878ed","","Stack[-0x4]","DATA","false","true"
"FUN_01283910","01283910","012878ef","","Stack[-0x24]","DATA","false","true"
"FUN_01283910","01283910","012878f2","FUN_01290620","01290620","UNCONDITIONAL_CALL","true","false"
"FUN_01283910","01283910","012878f7","","Stack[-0x1c]","READ","false","true"
"FUN_01283910","01283910","012878fa","ExceptionList","ffdff000","WRITE","false","true"
"FUN_01283910","01283910","01287909","","Stack[-0x4]","DATA","false","true"
"FUN_01283910","01283910","0128790b","","Stack[-0x24]","DATA","false","true"
"FUN_01283910","01283910","0128790e","FUN_012907b0","012907b0","UNCONDITIONAL_CALL","true","false"
"FUN_01283910","01283910","01287913","","Stack[-0x1c]","READ","false","true"
"FUN_01283910","01283910","01287916","ExceptionList","ffdff000","WRITE","false","true"
"FUN_01283910","01283910","01287925","","Stack[-0x4]","DATA","false","true"
"FUN_01283910","01283910","01287927","","Stack[-0x24]","DATA","false","true"
"FUN_01283910","01283910","0128792a","FUN_01290a20","01290a20","UNCONDITIONAL_CALL","true","false"
"FUN_01283910","01283910","0128792f","","Stack[-0x1c]","READ","false","true"
"FUN_01283910","01283910","01287932","ExceptionList","ffdff000","WRITE","false","true"
"FUN_01283910","01283910","01287941","","Stack[-0x4]","DATA","false","true"
"FUN_01283910","01283910","01287945","","Stack[-0x1c]","READ","false","true"
"FUN_01283910","01283910","01287948","ExceptionList","ffdff000","WRITE","false","true"
"FUN_01283910","01283910","01287957","","Stack[-0x4]","DATA","false","true"
"FUN_0128bfa0","0128bfa0","0128bfa5","LAB_0199dfbd","0199dfbd","DATA","false","true"
"FUN_0128bfa0","0128bfa0","0128bfaa","ExceptionList","ffdff000","READ","false","true"
"FUN_0128bfa0","0128bfa0","0128bfb7","DAT_01bbb1c0","01bbb1c0","READ","false","true"
"FUN_0128bfa0","0128bfa0","0128bfbf","","Stack[-0x10]","DATA","false","true"
"FUN_0128bfa0","0128bfa0","0128bfc2","ExceptionList","ffdff000","WRITE","false","true"
"FUN_0128bfa0","0128bfa0","0128bfcf","FUN_016830c0","016830c0","UNCONDITIONAL_CALL","true","false"
"FUN_0128bfa0","0128bfa0","0128bfd9","","Stack[-0x14]","WRITE","false","true"
"FUN_0128bfa0","0128bfa0","0128bfdc","","Stack[-0x8]","WRITE","false","true"
"FUN_0128bfa0","0128bfa0","0128bfe5","LAB_0128c093","0128c093","CONDITIONAL_JUMP","false","false"
"FUN_0128bfa0","0128bfa0","0128bff3","VCRUNTIME140.DLL::memset","01831f34","UNCONDITIONAL_CALL","true","false"
"FUN_0128bfa0","0128bfa0","0128bffd","FUN_01287ce0","01287ce0","UNCONDITIONAL_CALL","true","false"
"FUN_0128bfa0","0128bfa0","0128c002","DAT_01ad7e4c","01ad7e4c","DATA","false","true"
"FUN_0128bfa0","0128bfa0","0128c016","","Stack[-0x8]","WRITE","false","true"
"FUN_0128bfa0","0128bfa0","0128c020","DAT_01ad9444","01ad9444","DATA","false","true"
"FUN_0128bfa0","0128bfa0","0128c026","DAT_01ad9504","01ad9504","DATA","false","true"
"FUN_0128bfa0","0128bfa0","0128c057","","Stack[-0x18]","WRITE","false","true"
"FUN_0128bfa0","0128bfa0","0128c068","operator_new","017986a9","UNCONDITIONAL_CALL","true","false"
"FUN_0128bfa0","0128bfa0","0128c091","LAB_0128c095","0128c095","UNCONDITIONAL_JUMP","false","false"
"FUN_0128bfa0","0128bfa0","0128c097","s_DigimonTranscendenceHelp_01ae9d7c","01ae9d7c","DATA","false","true"
"FUN_0128bfa0","0128bfa0","0128c0a2","","Stack[-0x8]","WRITE","false","true"
"FUN_0128bfa0","0128bfa0","0128c0a9","FUN_00f19f10","00f19f10","UNCONDITIONAL_CALL","true","false"
"FUN_0128bfa0","0128bfa0","0128c0b2","DAT_01ad9464","01ad9464","READ","false","true"
"FUN_0128bfa0","0128bfa0","0128c0b5","FUN_01118d40","01118d40","DATA","false","true"
"FUN_0128bfa0","0128bfa0","0128c0ba","LAB_0128c0c3","0128c0c3","CONDITIONAL_JUMP","false","false"
"FUN_0128bfa0","0128bfa0","0128c0bc","FUN_01118d40","01118d40","UNCONDITIONAL_CALL","true","false"
"FUN_0128bfa0","0128bfa0","0128c0c1","LAB_0128c0c5","0128c0c5","UNCONDITIONAL_JUMP","false","false"
"FUN_0128bfa0","0128bfa0","0128c0c3","FUN_01118d40","01118d40","COMPUTED_CALL","true","false"
"FUN_0128bfa0","0128bfa0","0128c0cc","","Stack[-0x10]","READ","false","true"
"FUN_0128bfa0","0128bfa0","0128c0cf","ExceptionList","ffdff000","WRITE","false","true"
"FUN_0128c5d0","0128c5d0","0128c5d5","LAB_0199e0a7","0199e0a7","DATA","false","true"
"FUN_0128c5d0","0128c5d0","0128c5da","ExceptionList","ffdff000","READ","false","true"
"FUN_0128c5d0","0128c5d0","0128c5e4","DAT_01bbb1c0","01bbb1c0","READ","false","true"
"FUN_0128c5d0","0128c5d0","0128c5ec","","Stack[-0x10]","DATA","false","true"
"FUN_0128c5d0","0128c5d0","0128c5ef","ExceptionList","ffdff000","WRITE","false","true"
"FUN_0128c5d0","0128c5d0","0128c5fc","FUN_016830c0","016830c0","UNCONDITIONAL_CALL","true","false"
"FUN_0128c5d0","0128c5d0","0128c606","","Stack[-0x14]","WRITE","false","true"
"FUN_0128c5d0","0128c5d0","0128c609","","Stack[-0x8]","WRITE","false","true"
"FUN_0128c5d0","0128c5d0","0128c612","LAB_0128c7a3","0128c7a3","CONDITIONAL_JUMP","false","false"
"FUN_0128c5d0","0128c5d0","0128c620","VCRUNTIME140.DLL::memset","01831f34","UNCONDITIONAL_CALL","true","false"
"FUN_0128c5d0","0128c5d0","0128c62a","FUN_01287ce0","01287ce0","UNCONDITIONAL_CALL","true","false"
"FUN_0128c5d0","0128c5d0","0128c62f","DAT_01ae8554","01ae8554","DATA","false","true"
"FUN_0128c5d0","0128c5d0","0128c643","DAT_01af3544","01af3544","DATA","false","true"
"FUN_0128c5d0","0128c5d0","0128c649","DAT_01af3538","01af3538","DATA","false","true"
"FUN_0128c5d0","0128c5d0","0128c7a1","LAB_0128c7a5","0128c7a5","UNCONDITIONAL_JUMP","false","false"
"FUN_0128c5d0","0128c5d0","0128c7a7","s_EnchantOption_01ae9dc0","01ae9dc0","DATA","false","true"
"FUN_0128c5d0","0128c5d0","0128c7b2","","Stack[-0x8]","WRITE","false","true"
"FUN_0128c5d0","0128c5d0","0128c7b9","FUN_00f19f10","00f19f10","UNCONDITIONAL_CALL","true","false"
"FUN_0128c5d0","0128c5d0","0128c7c2","DAT_01af3564","01af3564","READ","false","true"
"FUN_0128c5d0","0128c5d0","0128c7c5","FUN_01371e40","01371e40","DATA","false","true"
"FUN_0128c5d0","0128c5d0","0128c7ca","LAB_0128c7d3","0128c7d3","CONDITIONAL_JUMP","false","false"
"FUN_0128c5d0","0128c5d0","0128c7cc","FUN_01371e40","01371e40","UNCONDITIONAL_CALL","true","false"
"FUN_0128c5d0","0128c5d0","0128c7d1","LAB_0128c7d5","0128c7d5","UNCONDITIONAL_JUMP","false","false"
"FUN_0128c5d0","0128c5d0","0128c7d3","FUN_01371e40","01371e40","COMPUTED_CALL","true","false"
"FUN_0128c5d0","0128c5d0","0128c7dc","","Stack[-0x10]","READ","false","true"
"FUN_0128c5d0","0128c5d0","0128c7df","ExceptionList","ffdff000","WRITE","false","true"
"FUN_0128c7f0","0128c7f0","0128c7f5","LAB_0199e10b","0199e10b","DATA","false","true"
"FUN_0128c7f0","0128c7f0","0128c7fa","ExceptionList","ffdff000","READ","false","true"
"FUN_0128c7f0","0128c7f0","0128c807","DAT_01bbb1c0","01bbb1c0","READ","false","true"
"FUN_0128c7f0","0128c7f0","0128c80f","","Stack[-0x10]","DATA","false","true"
"FUN_0128c7f0","0128c7f0","0128c812","ExceptionList","ffdff000","WRITE","false","true"
"FUN_0128c7f0","0128c7f0","0128c81f","FUN_016830c0","016830c0","UNCONDITIONAL_CALL","true","false"
"FUN_0128c7f0","0128c7f0","0128c829","","Stack[-0x14]","WRITE","false","true"
"FUN_0128c7f0","0128c7f0","0128c82c","","Stack[-0x8]","WRITE","false","true"
"FUN_0128c7f0","0128c7f0","0128c835","LAB_0128c937","0128c937","CONDITIONAL_JUMP","false","false"
"FUN_0128c7f0","0128c7f0","0128c843","VCRUNTIME140.DLL::memset","01831f34","UNCONDITIONAL_CALL","true","false"
"FUN_0128c7f0","0128c7f0","0128c84d","FUN_01287ce0","01287ce0","UNCONDITIONAL_CALL","true","false"
"FUN_0128c7f0","0128c7f0","0128c852","DAT_01ae8554","01ae8554","DATA","false","true"
"FUN_0128c7f0","0128c7f0","0128c866","","Stack[-0x8]","WRITE","false","true"
"FUN_0128c7f0","0128c7f0","0128c870","DAT_01ae89a4","01ae89a4","DATA","false","true"
"FUN_0128c7f0","0128c7f0","0128c876","DAT_01ae8a64","01ae8a64","DATA","false","true"
"FUN_0128c7f0","0128c7f0","0128c8a7","","Stack[-0x18]","WRITE","false","true"
"FUN_0128c7f0","0128c7f0","0128c8b8","operator_new","017986a9","UNCONDITIONAL_CALL","true","false"
"FUN_0128c7f0","0128c7f0","0128c8e4","","Stack[-0x8]","WRITE","false","true"
"FUN_0128c7f0","0128c7f0","0128c8f1","","Stack[-0x18]","WRITE","false","true"
"FUN_0128c7f0","0128c7f0","0128c902","operator_new","017986a9","UNCONDITIONAL_CALL","true","false"
"FUN_0128c7f0","0128c7f0","0128c935","LAB_0128c939","0128c939","UNCONDITIONAL_JUMP","false","false"
"FUN_0128c7f0","0128c7f0","0128c93b","s_EnchantOptionResultUI_01ae9df8","01ae9df8","DATA","false","true"
"FUN_0128c7f0","0128c7f0","0128c946","","Stack[-0x8]","WRITE","false","true"
"FUN_0128c7f0","0128c7f0","0128c94d","FUN_00f19f10","00f19f10","UNCONDITIONAL_CALL","true","false"
"FUN_0128c7f0","0128c7f0","0128c956","DAT_01ae89c4","01ae89c4","READ","false","true"
"FUN_0128c7f0","0128c7f0","0128c959","FUN_01267760","01267760","DATA","false","true"
"FUN_0128c7f0","0128c7f0","0128c95e","LAB_0128c967","0128c967","CONDITIONAL_JUMP","false","false"
"FUN_0128c7f0","0128c7f0","0128c960","FUN_01267760","01267760","UNCONDITIONAL_CALL","true","false"
"FUN_0128c7f0","0128c7f0","0128c965","LAB_0128c969","0128c969","UNCONDITIONAL_JUMP","false","false"
"FUN_0128c7f0","0128c7f0","0128c967","FUN_01267760","01267760","COMPUTED_CALL","true","false"
"FUN_0128c7f0","0128c7f0","0128c970","","Stack[-0x10]","READ","false","true"
"FUN_0128c7f0","0128c7f0","0128c973","ExceptionList","ffdff000","WRITE","false","true"
"FUN_0128c990","0128c990","0128c995","LAB_0199e147","0199e147","DATA","false","true"
"FUN_0128c990","0128c990","0128c99a","ExceptionList","ffdff000","READ","false","true"
"FUN_0128c990","0128c990","0128c9a4","DAT_01bbb1c0","01bbb1c0","READ","false","true"
"FUN_0128c990","0128c990","0128c9ac","","Stack[-0x10]","DATA","false","true"
"FUN_0128c990","0128c990","0128c9af","ExceptionList","ffdff000","WRITE","false","true"
"FUN_0128c990","0128c990","0128c9bc","FUN_016830c0","016830c0","UNCONDITIONAL_CALL","true","false"
"FUN_0128c990","0128c990","0128c9c6","","Stack[-0x14]","WRITE","false","true"
"FUN_0128c990","0128c990","0128c9c9","","Stack[-0x8]","WRITE","false","true"
"FUN_0128c990","0128c990","0128c9d2","LAB_0128ca9b","0128ca9b","CONDITIONAL_JUMP","false","false"
"FUN_0128c990","0128c990","0128c9e0","VCRUNTIME140.DLL::memset","01831f34","UNCONDITIONAL_CALL","true","false"
"FUN_0128c990","0128c990","0128c9ea","FUN_01287ce0","01287ce0","UNCONDITIONAL_CALL","true","false"
"FUN_0128c990","0128c990","0128c9ef","DAT_01ae8554","01ae8554","DATA","false","true"
"FUN_0128c990","0128c990","0128ca03","DAT_01ae8494","01ae8494","DATA","false","true"
"FUN_0128c990","0128c990","0128ca09","DAT_01ae8488","01ae8488","DATA","false","true"
"FUN_0128c990","0128c990","0128ca99","LAB_0128ca9d","0128ca9d","UNCONDITIONAL_JUMP","false","false"
"FUN_0128c990","0128c990","0128ca9f","s_DigiPowerEnchant_01ae9de4","01ae9de4","DATA","false","true"
"FUN_0128c990","0128c990","0128caaa","","Stack[-0x8]","WRITE","false","true"
"FUN_0128c990","0128c990","0128cab1","FUN_00f19f10","00f19f10","UNCONDITIONAL_CALL","true","false"
"FUN_0128c990","0128c990","0128caba","DAT_01ae84b4","01ae84b4","READ","false","true"
"FUN_0128c990","0128c990","0128cabd","FUN_0125dde0","0125dde0","DATA","false","true"
"FUN_0128c990","0128c990","0128cac2","LAB_0128cacb","0128cacb","CONDITIONAL_JUMP","false","false"
"FUN_0128c990","0128c990","0128cac4","FUN_0125dde0","0125dde0","UNCONDITIONAL_CALL","true","false"
"FUN_0128c990","0128c990","0128cac9","LAB_0128cacd","0128cacd","UNCONDITIONAL_JUMP","false","false"
"FUN_0128c990","0128c990","0128cacb","FUN_0125dde0","0125dde0","COMPUTED_CALL","true","false"
"FUN_0128c990","0128c990","0128cad4","","Stack[-0x10]","READ","false","true"
"FUN_0128c990","0128c990","0128cad7","ExceptionList","ffdff000","WRITE","false","true"
"FUN_012cdfc0","012cdfc0","012cdfc9","DAT_01bfe474","01bfe474","READ","false","true"
"FUN_012cdfc0","012cdfc0","012cdfd9","","Stack[-0x14]","WRITE","false","true"
"FUN_012cdfc0","012cdfc0","012cdfdd","","Stack[-0x10]","DATA","false","true"
"FUN_012cdfc0","012cdfc0","012cdfe1","","Stack[-0x18]","WRITE","false","true"
"FUN_012cdfc0","012cdfc0","012cdfe8","FUN_01247c90","01247c90","UNCONDITIONAL_CALL","true","false"
"FUN_012cdfc0","012cdfc0","012cdfed","","Stack[-0x18]","READ","false","true"
"FUN_012cdfc0","012cdfc0","012cdff7","","Stack[-0x14]","READ","false","true"
"FUN_012cdfc0","012cdfc0","012ce002","","Stack[-0x18]","WRITE","false","true"
"FUN_012cdfc0","012cdfc0","012ce006","","Stack[-0x14]","WRITE","false","true"
"FUN_012cdfc0","012cdfc0","012ce016","LAB_012ce02e","012ce02e","CONDITIONAL_JUMP","false","false"
"FUN_012cdfc0","012cdfc0","012ce01b","PTR_PtInRect_019ec700","019ec700","READ","false","true"
"FUN_012cdfc0","012cdfc0","012ce01b","USER32.DLL::PtInRect","EXTERNAL:000001a7","COMPUTED_CALL","true","false"
"FUN_012cdfc0","012cdfc0","012ce024","LAB_012ce047","012ce047","CONDITIONAL_JUMP","false","false"
"FUN_012cdfc0","012cdfc0","012ce026","","Stack[-0x18]","READ","false","true"
"FUN_012cdfc0","012cdfc0","012ce02a","","Stack[-0x14]","READ","false","true"
"FUN_012cdfc0","012cdfc0","012ce035","LAB_012ce010","012ce010","CONDITIONAL_JUMP","false","false"
"FUN_012cdfc0","012cdfc0","012ce039","FUN_012ce6a0","012ce6a0","UNCONDITIONAL_CALL","true","false"
"FUN_012cdfc0","012cdfc0","012ce05a","LAB_012ce094","012ce094","CONDITIONAL_JUMP","false","false"
"FUN_012cdfc0","012cdfc0","012ce063","LAB_012ce079","012ce079","CONDITIONAL_JUMP","false","false"
"FUN_012cdfc0","012cdfc0","012ce065","DAT_01bfb2b4","01bfb2b4","READ","false","true"
"FUN_012cdfc0","012cdfc0","012ce074","FUN_00f70840","00f70840","UNCONDITIONAL_CALL","true","false"
"FUN_012cdfc0","012cdfc0","012ce08f","FUN_012ce800","012ce800","UNCONDITIONAL_CALL","true","false"
"FUN_012cdfc0","012cdfc0","012ce096","FUN_012ce6a0","012ce6a0","UNCONDITIONAL_CALL","true","false"
"FUN_012ce0b0","012ce0b0","012ce0b6","DAT_01bfe474","01bfe474","READ","false","true"
"FUN_012ce0b0","012ce0b0","012ce0c9","","Stack[-0x10]","DATA","false","true"
"FUN_012ce0b0","012ce0b0","012ce0ce","FUN_01247c90","01247c90","UNCONDITIONAL_CALL","true","false"
"FUN_012ce0b0","012ce0b0","012ce0d8","","Stack[0x4]","READ_WRITE","false","true"
"FUN_012ce0b0","012ce0b0","012ce0dc","LAB_012ce0e9","012ce0e9","CONDITIONAL_JUMP","false","false"
"FUN_012ce0b0","012ce0b0","012ce0f8","LAB_012ce115","012ce115","CONDITIONAL_JUMP","false","false"
"FUN_012ce0b0","012ce0b0","012ce0fd","LAB_012ce151","012ce151","CONDITIONAL_JUMP","false","false"
"FUN_012ce0b0","012ce0b0","012ce108","PTR_PtInRect_019ec700","019ec700","READ","false","true"
"FUN_012ce0b0","012ce0b0","012ce108","USER32.DLL::PtInRect","EXTERNAL:000001a7","COMPUTED_CALL","true","false"
"FUN_012ce0b0","012ce0b0","012ce111","LAB_012ce147","012ce147","CONDITIONAL_JUMP","false","false"
"FUN_012ce0b0","012ce0b0","012ce113","LAB_012ce151","012ce151","UNCONDITIONAL_JUMP","false","false"
"FUN_012ce0b0","012ce0b0","012ce11e","PTR_PtInRect_019ec700","019ec700","READ","false","true"
"FUN_012ce0b0","012ce0b0","012ce11e","USER32.DLL::PtInRect","EXTERNAL:000001a7","COMPUTED_CALL","true","false"
"FUN_012ce0b0","012ce0b0","012ce127","LAB_012ce133","012ce133","CONDITIONAL_JUMP","false","false"
"FUN_012ce0b0","012ce0b0","012ce129","","Stack[0x8]","READ","false","true"
"FUN_012ce0b0","012ce0b0","012ce12e","FUN_012cf2e0","012cf2e0","UNCONDITIONAL_CALL","true","false"
"FUN_012ce0b0","012ce0b0","012ce13c","PTR_PtInRect_019ec700","019ec700","READ","false","true"
"FUN_012ce0b0","012ce0b0","012ce13c","USER32.DLL::PtInRect","EXTERNAL:000001a7","COMPUTED_CALL","true","false"
"FUN_012ce0b0","012ce0b0","012ce145","LAB_012ce151","012ce151","CONDITIONAL_JUMP","false","false"
"FUN_012ce0b0","012ce0b0","012ce147","","Stack[0x8]","READ","false","true"
"FUN_012ce0b0","012ce0b0","012ce14c","FUN_012cf2e0","012cf2e0","UNCONDITIONAL_CALL","true","false"
"FUN_012ce0b0","012ce0b0","012ce151","DAT_01bfe474","01bfe474","READ","false","true"
"FUN_012ce0b0","012ce0b0","012ce157","FUN_00ff2740","00ff2740","UNCONDITIONAL_CALL","true","false"
"FUN_012ce170","012ce170","012ce1ac","LAB_012ce1b3","012ce1b3","CONDITIONAL_JUMP","false","false"
"FUN_012ce170","012ce170","012ce1bb","LAB_012ce1c2","012ce1c2","CONDITIONAL_JUMP","false","false"
"FUN_012ce170","012ce170","012ce1ca","LAB_012ce1d1","012ce1d1","CONDITIONAL_JUMP","false","false"
"FUN_012ce170","012ce170","012ce1d9","LAB_012ce1e0","012ce1e0","CONDITIONAL_JUMP","false","false"
"FUN_012ce170","012ce170","012ce1e8","LAB_012ce1ef","012ce1ef","CONDITIONAL_JUMP","false","false"
"FUN_012ce170","012ce170","012ce1f7","LAB_012ce1fe","012ce1fe","CONDITIONAL_JUMP","false","false"
"FUN_012ce170","012ce170","012ce207","LAB_012ce20e","012ce20e","CONDITIONAL_JUMP","false","false"
"FUN_012ce210","012ce210","012ce213","FUN_01247700","01247700","UNCONDITIONAL_CALL","true","false"
"FUN_012ce210","012ce210","012ce24c","LAB_012ce253","012ce253","CONDITIONAL_JUMP","false","false"
"FUN_012ce210","012ce210","012ce25b","LAB_012ce262","012ce262","CONDITIONAL_JUMP","false","false"
"FUN_012ce210","012ce210","012ce26a","LAB_012ce271","012ce271","CONDITIONAL_JUMP","false","false"
"FUN_012ce210","012ce210","012ce279","LAB_012ce280","012ce280","CONDITIONAL_JUMP","false","false"
"FUN_012ce210","012ce210","012ce288","LAB_012ce28f","012ce28f","CONDITIONAL_JUMP","false","false"
"FUN_012ce210","012ce210","012ce297","LAB_012ce29e","012ce29e","CONDITIONAL_JUMP","false","false"
"FUN_012ce210","012ce210","012ce2a7","LAB_012ce2ae","012ce2ae","CONDITIONAL_JUMP","false","false"
"FUN_012ce2b0","012ce2b0","012ce2b9","DAT_01bbb1c0","01bbb1c0","READ","false","true"
"FUN_012ce2b0","012ce2b0","012ce2c0","","Stack[-0xc]","WRITE","false","true"
"FUN_012ce2b0","012ce2b0","012ce2d5","LAB_012ce2e1","012ce2e1","CONDITIONAL_JUMP","false","false"
"FUN_012ce2b0","012ce2b0","012ce2dc","LAB_012ce36b","012ce36b","UNCONDITIONAL_JUMP","false","false"
"FUN_012ce2b0","012ce2b0","012ce2e1","DAT_01bfb2a8","01bfb2a8","READ","false","true"
"FUN_012ce2b0","012ce2b0","012ce2f2","LAB_012ce366","012ce366","CONDITIONAL_JUMP","false","false"
"FUN_012ce2b0","012ce2b0","012ce2f4","FUN_012ce4f0","012ce4f0","UNCONDITIONAL_CALL","true","false"
"FUN_012ce2b0","012ce2b0","012ce2ff","LAB_012ce366","012ce366","CONDITIONAL_JUMP","false","false"
"FUN_012ce2b0","012ce2b0","012ce301","DAT_01bfb2b4","01bfb2b4","READ","false","true"
"FUN_012ce2b0","012ce2b0","012ce30b","LAB_012ce37d","012ce37d","CONDITIONAL_JUMP","false","false"
"FUN_012ce2b0","012ce2b0","012ce31a","","Stack[-0x10]","WRITE","false","true"
"FUN_012ce2b0","012ce2b0","012ce320","LAB_012ce353","012ce353","CONDITIONAL_JUMP","false","false"
"FUN_012ce2b0","012ce2b0","012ce323","","Stack[-0x14]","WRITE","false","true"
"FUN_012ce2b0","012ce2b0","012ce327","FUN_012cf6a0","012cf6a0","UNCONDITIONAL_CALL","true","false"
"FUN_012ce2b0","012ce2b0","012ce330","","Stack[-0x15]","WRITE","false","true"
"FUN_012ce2b0","012ce2b0","012ce334","","Stack[-0x10]","DATA","false","true"
"FUN_012ce2b0","012ce2b0","012ce339","","Stack[-0x14]","DATA","false","true"
"FUN_012ce2b0","012ce2b0","012ce33e","","Stack[-0x15]","DATA","false","true"
"FUN_012ce2b0","012ce2b0","012ce343","FUN_0161f040","0161f040","UNCONDITIONAL_CALL","true","false"
"FUN_012ce2b0","012ce2b0","012ce34a","LAB_012ce353","012ce353","CONDITIONAL_JUMP","false","false"
"FUN_012ce2b0","012ce2b0","012ce351","LAB_012ce36b","012ce36b","UNCONDITIONAL_JUMP","false","false"
"FUN_012ce2b0","012ce2b0","012ce357","","Stack[-0xc]","READ","false","true"
"FUN_012ce2b0","012ce2b0","012ce35d","__security_check_cookie","0179869b","UNCONDITIONAL_CALL","true","false"
"FUN_012ce2b0","012ce2b0","012ce375","FUN_013be010","013be010","UNCONDITIONAL_CALL","true","false"
"FUN_012ce2b0","012ce2b0","012ce37d","","Stack[-0xc]","READ","false","true"
"FUN_012ce2b0","012ce2b0","012ce387","__security_check_cookie","0179869b","UNCONDITIONAL_CALL","true","false"
"FUN_012ce390","012ce390","012ce395","LAB_0197792d","0197792d","DATA","false","true"
"FUN_012ce390","012ce390","012ce39a","ExceptionList","ffdff000","READ","false","true"
"FUN_012ce390","012ce390","012ce3a4","DAT_01bbb1c0","01bbb1c0","READ","false","true"
"FUN_012ce390","012ce390","012ce3ab","","Stack[-0x18]","WRITE","false","true"
"FUN_012ce390","012ce390","012ce3b2","","Stack[-0x10]","DATA","false","true"
"FUN_012ce390","012ce390","012ce3b5","ExceptionList","ffdff000","WRITE","false","true"
"FUN_012ce390","012ce390","012ce3ce","LAB_012ce3d5","012ce3d5","CONDITIONAL_JUMP","false","false"
"FUN_012ce390","012ce390","012ce3dc","LAB_012ce3e8","012ce3e8","CONDITIONAL_JUMP","false","false"
"FUN_012ce390","012ce390","012ce3e3","LAB_012ce4c4","012ce4c4","UNCONDITIONAL_JUMP","false","false"
"FUN_012ce390","012ce390","012ce3eb","","Stack[-0x20]","WRITE","false","true"
"FUN_012ce390","012ce390","012ce3f2","","Stack[-0x20]","WRITE","false","true"
"FUN_012ce390","012ce390","012ce3f9","","Stack[-0x1c]","WRITE","false","true"
"FUN_012ce390","012ce390","012ce400","operator_new","017986a9","UNCONDITIONAL_CALL","true","false"
"FUN_012ce390","012ce390","012ce40d","","Stack[-0x20]","WRITE","false","true"
"FUN_012ce390","012ce390","012ce410","","Stack[-0x20]","DATA","false","true"
"FUN_012ce390","012ce390","012ce413","","Stack[-0x8]","WRITE","false","true"
"FUN_012ce390","012ce390","012ce421","","Stack[0x4]","DATA","false","true"
"FUN_012ce390","012ce390","012ce425","FUN_0161e5d0","0161e5d0","UNCONDITIONAL_CALL","true","false"
"FUN_012ce390","012ce390","012ce42f","","Stack[-0x1c]","READ","false","true"
"FUN_012ce390","012ce390","012ce435","","Stack[-0x24]","WRITE","false","true"
"FUN_012ce390","012ce390","012ce43a","LAB_012ce453","012ce453","CONDITIONAL_JUMP","false","false"
"FUN_012ce390","012ce390","012ce442","LAB_012ce4e2","012ce4e2","CONDITIONAL_JUMP","false","false"
"FUN_012ce390","012ce390","012ce448","","Stack[-0x24]","DATA","false","true"
"FUN_012ce390","012ce390","012ce44e","FUN_01007cf0","01007cf0","UNCONDITIONAL_CALL","true","false"
"FUN_012ce390","012ce390","012ce453","","Stack[-0x20]","READ","false","true"
"FUN_012ce390","012ce390","012ce45a","LAB_012ce487","012ce487","CONDITIONAL_JUMP","false","false"
"FUN_012ce390","012ce390","012ce469","LAB_012ce475","012ce475","CONDITIONAL_JUMP","false","false"
"FUN_012ce390","012ce390","012ce473","LAB_012ce47e","012ce47e","UNCONDITIONAL_JUMP","false","false"
"FUN_012ce390","012ce390","012ce479","FUN_01007d90","01007d90","UNCONDITIONAL_CALL","true","false"
"FUN_012ce390","012ce390","012ce482","LAB_012ce460","012ce460","CONDITIONAL_JUMP","false","false"
"FUN_012ce390","012ce390","012ce484","","Stack[-0x20]","READ","false","true"
"FUN_012ce390","012ce390","012ce48f","","Stack[-0x24]","WRITE","false","true"
"FUN_012ce390","012ce390","012ce49f","LAB_012ce4b4","012ce4b4","CONDITIONAL_JUMP","false","false"
"FUN_012ce390","012ce390","012ce4a6","FUN_017986fc","017986fc","UNCONDITIONAL_CALL","true","false"
"FUN_012ce390","012ce390","012ce4b2","LAB_012ce4a1","012ce4a1","CONDITIONAL_JUMP","false","false"
"FUN_012ce390","012ce390","012ce4b6","","Stack[-0x20]","READ","false","true"
"FUN_012ce390","012ce390","012ce4b9","FUN_017986fc","017986fc","UNCONDITIONAL_CALL","true","false"
"FUN_012ce390","012ce390","012ce4be","","Stack[-0x24]","READ","false","true"
"FUN_012ce390","012ce390","012ce4c4","","Stack[-0x10]","READ","false","true"
"FUN_012ce390","012ce390","012ce4c7","ExceptionList","ffdff000","WRITE","false","true"
"FUN_012ce390","012ce390","012ce4d2","","Stack[-0x18]","READ","false","true"
"FUN_012ce390","012ce390","012ce4d7","__security_check_cookie","0179869b","UNCONDITIONAL_CALL","true","false"
"FUN_012ce390","012ce390","012ce4e2","FUN_00f19c70","00f19c70","UNCONDITIONAL_CALL","true","false"
"FUN_012ce4f0","012ce4f0","012ce4f0","DAT_01bfb2a8","01bfb2a8","READ","false","true"
"FUN_012ce4f0","012ce4f0","012ce50b","switchD_012ce511::default","012ce67a","CONDITIONAL_JUMP","false","false"
"FUN_012ce4f0","012ce4f0","012ce511","switchD_012ce511::caseD_0","012ce518","COMPUTED_JUMP","false","false"
"FUN_012ce4f0","012ce4f0","012ce511","switchD_012ce511::caseD_1","012ce562","COMPUTED_JUMP","false","false"
"FUN_012ce4f0","012ce4f0","012ce511","switchD_012ce511::caseD_2","012ce5a5","COMPUTED_JUMP","false","false"
"FUN_012ce4f0","012ce4f0","012ce511","switchD_012ce511::caseD_3","012ce5ec","COMPUTED_JUMP","false","false"
"FUN_012ce4f0","012ce4f0","012ce511","switchD_012ce511::caseD_4","012ce633","COMPUTED_JUMP","false","false"
"FUN_012ce4f0","012ce4f0","012ce511","switchD_012ce511::switchdataD_012ce684","012ce684","DATA","false","true"
"FUN_012ce4f0","012ce4f0","012ce51b","","Stack[-0x10]","WRITE","false","true"
"FUN_012ce4f0","012ce4f0","012ce523","","Stack[-0x10]","DATA","false","true"
"FUN_012ce4f0","012ce4f0","012ce52a","","Stack[-0xc]","DATA","false","true"
"FUN_012ce4f0","012ce4f0","012ce52f","FUN_00f1d720","00f1d720","UNCONDITIONAL_CALL","true","false"
"FUN_012ce4f0","012ce4f0","012ce534","","Stack[-0x4]","READ","false","true"
"FUN_012ce4f0","012ce4f0","012ce53c","LAB_012ce544","012ce544","CONDITIONAL_JUMP","false","false"
"FUN_012ce4f0","012ce4f0","012ce542","LAB_012ce546","012ce546","CONDITIONAL_JUMP","false","false"
"FUN_012ce4f0","012ce4f0","012ce552","LAB_012ce55b","012ce55b","CONDITIONAL_JUMP","false","false"
"FUN_012ce4f0","012ce4f0","012ce565","","Stack[-0x10]","WRITE","false","true"
"FUN_012ce4f0","012ce4f0","012ce56d","","Stack[-0x10]","DATA","false","true"
"FUN_012ce4f0","012ce4f0","012ce574","","Stack[-0xc]","DATA","false","true"
"FUN_012ce4f0","012ce4f0","012ce579","FUN_00f1d720","00f1d720","UNCONDITIONAL_CALL","true","false"
"FUN_012ce4f0","012ce4f0","012ce57e","","Stack[-0x4]","READ","false","true"
"FUN_012ce4f0","012ce4f0","012ce586","LAB_012ce58e","012ce58e","CONDITIONAL_JUMP","false","false"
"FUN_012ce4f0","012ce4f0","012ce58c","LAB_012ce590","012ce590","CONDITIONAL_JUMP","false","false"
"FUN_012ce4f0","012ce4f0","012ce59c","LAB_012ce55b","012ce55b","CONDITIONAL_JUMP","false","false"
"FUN_012ce4f0","012ce4f0","012ce5a8","","Stack[-0x10]","WRITE","false","true"
"FUN_012ce4f0","012ce4f0","012ce5b0","","Stack[-0x10]","DATA","false","true"
"FUN_012ce4f0","012ce4f0","012ce5b7","","Stack[-0xc]","DATA","false","true"
"FUN_012ce4f0","012ce4f0","012ce5bc","FUN_00f1d720","00f1d720","UNCONDITIONAL_CALL","true","false"
"FUN_012ce4f0","012ce4f0","012ce5c1","","Stack[-0x4]","READ","false","true"
"FUN_012ce4f0","012ce4f0","012ce5c9","LAB_012ce5d1","012ce5d1","CONDITIONAL_JUMP","false","false"
"FUN_012ce4f0","012ce4f0","012ce5cf","LAB_012ce5d3","012ce5d3","CONDITIONAL_JUMP","false","false"
"FUN_012ce4f0","012ce4f0","012ce5df","LAB_012ce55b","012ce55b","CONDITIONAL_JUMP","false","false"
"FUN_012ce4f0","012ce4f0","012ce5ef","","Stack[-0x10]","WRITE","false","true"
"FUN_012ce4f0","012ce4f0","012ce5f7","","Stack[-0x10]","DATA","false","true"
"FUN_012ce4f0","012ce4f0","012ce5fe","","Stack[-0xc]","DATA","false","true"
"FUN_012ce4f0","012ce4f0","012ce603","FUN_00f1d720","00f1d720","UNCONDITIONAL_CALL","true","false"
"FUN_012ce4f0","012ce4f0","012ce608","","Stack[-0x4]","READ","false","true"
"FUN_012ce4f0","012ce4f0","012ce610","LAB_012ce618","012ce618","CONDITIONAL_JUMP","false","false"
"FUN_012ce4f0","012ce4f0","012ce616","LAB_012ce61a","012ce61a","CONDITIONAL_JUMP","false","false"
"FUN_012ce4f0","012ce4f0","012ce626","LAB_012ce55b","012ce55b","CONDITIONAL_JUMP","false","false"
"FUN_012ce4f0","012ce4f0","012ce636","","Stack[-0x10]","WRITE","false","true"
"FUN_012ce4f0","012ce4f0","012ce63e","","Stack[-0x10]","DATA","false","true"
"FUN_012ce4f0","012ce4f0","012ce645","","Stack[-0xc]","DATA","false","true"
"FUN_012ce4f0","012ce4f0","012ce64a","FUN_00f1d720","00f1d720","UNCONDITIONAL_CALL","true","false"
"FUN_012ce4f0","012ce4f0","012ce64f","","Stack[-0x4]","READ","false","true"
"FUN_012ce4f0","012ce4f0","012ce657","LAB_012ce65f","012ce65f","CONDITIONAL_JUMP","false","false"
"FUN_012ce4f0","012ce4f0","012ce65d","LAB_012ce661","012ce661","CONDITIONAL_JUMP","false","false"
"FUN_012ce4f0","012ce4f0","012ce66d","LAB_012ce55b","012ce55b","CONDITIONAL_JUMP","false","false"
"FUN_012ce6a0","012ce6a0","012ce6ad","","Stack[0x0]","READ","false","true"
"FUN_012ce6a0","012ce6a0","012ce6b0","","Stack[-0xc]","WRITE","false","true"
"FUN_012ce6a0","012ce6a0","012ce6b8","LAB_019a1b8d","019a1b8d","DATA","false","true"
"FUN_012ce6a0","012ce6a0","012ce6bd","ExceptionList","ffdff000","READ","false","true"
"FUN_012ce6a0","012ce6a0","012ce6ca","DAT_01bbb1c0","01bbb1c0","READ","false","true"
"FUN_012ce6a0","012ce6a0","012ce6d2","","Stack[-0x1c]","DATA","false","true"
"FUN_012ce6a0","012ce6a0","012ce6d5","ExceptionList","ffdff000","WRITE","false","true"
"FUN_012ce6a0","012ce6a0","012ce6ea","LAB_012ce752","012ce752","CONDITIONAL_JUMP","false","false"
"FUN_012ce6a0","012ce6a0","012ce6ef","LAB_012ce7e2","012ce7e2","CONDITIONAL_JUMP","false","false"
"FUN_012ce6a0","012ce6a0","012ce6fe","DAT_01bfb258","01bfb258","READ","false","true"
"FUN_012ce6a0","012ce6a0","012ce70b","","Stack[-0x7c]","DATA","false","true"
"FUN_012ce6a0","012ce6a0","012ce70e","s_ENCHANTTACTICS_BTN_RESET_ITEM_01aebc78","01aebc78","DATA","false","true"
"FUN_012ce6a0","012ce6a0","012ce713","","Stack[-0x6c]","WRITE","false","true"
"FUN_012ce6a0","012ce6a0","012ce716","","Stack[-0x68]","WRITE","false","true"
"FUN_012ce6a0","012ce6a0","012ce719","FUN_00f19cc0","00f19cc0","UNCONDITIONAL_CALL","true","false"
"FUN_012ce6a0","012ce6a0","012ce71e","","Stack[-0x3c]","DATA","false","true"
"FUN_012ce6a0","012ce6a0","012ce724","FUN_015ce480","015ce480","UNCONDITIONAL_CALL","true","false"
"FUN_012ce6a0","012ce6a0","012ce72b","","Stack[-0x14]","WRITE","false","true"
"FUN_012ce6a0","012ce6a0","012ce736","LAB_012ce73a","012ce73a","CONDITIONAL_JUMP","false","false"
"FUN_012ce6a0","012ce6a0","012ce742","LAB_012ce74a","012ce74a","CONDITIONAL_JUMP","false","false"
"FUN_012ce6a0","012ce6a0","012ce74a","","Stack[-0x3c]","DATA","false","true"
"FUN_012ce6a0","012ce6a0","012ce74d","LAB_012ce7dd","012ce7dd","UNCONDITIONAL_JUMP","false","false"
"FUN_012ce6a0","012ce6a0","012ce765","DAT_01bfb258","01bfb258","READ","false","true"
"FUN_012ce6a0","012ce6a0","012ce76d","","Stack[-0x7c]","DATA","false","true"
"FUN_012ce6a0","012ce6a0","012ce770","","Stack[-0x6c]","WRITE","false","true"
"FUN_012ce6a0","012ce6a0","012ce777","","Stack[-0x68]","WRITE","false","true"
"FUN_012ce6a0","012ce6a0","012ce77e","LAB_012ce7a2","012ce7a2","CONDITIONAL_JUMP","false","false"
"FUN_012ce6a0","012ce6a0","012ce782","s_ENCHANTTACTICS_BTN_DIGICLONE_01aebbcc","01aebbcc","DATA","false","true"
"FUN_012ce6a0","012ce6a0","012ce787","FUN_00f19cc0","00f19cc0","UNCONDITIONAL_CALL","true","false"
"FUN_012ce6a0","012ce6a0","012ce78c","","Stack[-0x54]","DATA","false","true"
"FUN_012ce6a0","012ce6a0","012ce792","FUN_015ce480","015ce480","UNCONDITIONAL_CALL","true","false"
"FUN_012ce6a0","012ce6a0","012ce799","","Stack[-0x14]","WRITE","false","true"
"FUN_012ce6a0","012ce6a0","012ce7a0","LAB_012ce7c2","012ce7c2","UNCONDITIONAL_JUMP","false","false"
"FUN_012ce6a0","012ce6a0","012ce7a4","s_ENCHANTTACTICS_BTN_BACKUP_DISK_01aebc28","01aebc28","DATA","false","true"
"FUN_012ce6a0","012ce6a0","012ce7a9","FUN_00f19cc0","00f19cc0","UNCONDITIONAL_CALL","true","false"
"FUN_012ce6a0","012ce6a0","012ce7ae","","Stack[-0x54]","DATA","false","true"
"FUN_012ce6a0","012ce6a0","012ce7b4","FUN_015ce480","015ce480","UNCONDITIONAL_CALL","true","false"
"FUN_012ce6a0","012ce6a0","012ce7bb","","Stack[-0x14]","WRITE","false","true"
"FUN_012ce6a0","012ce6a0","012ce7c6","LAB_012ce7ca","012ce7ca","CONDITIONAL_JUMP","false","false"
"FUN_012ce6a0","012ce6a0","012ce7d2","LAB_012ce7da","012ce7da","CONDITIONAL_JUMP","false","false"
"FUN_012ce6a0","012ce6a0","012ce7da","","Stack[-0x54]","DATA","false","true"
"FUN_012ce6a0","012ce6a0","012ce7dd","FUN_00f1a330","00f1a330","UNCONDITIONAL_CALL","true","false"
"FUN_012ce6a0","012ce6a0","012ce7e2","","Stack[-0x1c]","READ","false","true"
"FUN_012ce6a0","012ce6a0","012ce7e5","ExceptionList","ffdff000","WRITE","false","true"
"FUN_012ce6a0","012ce6a0","012ce7f4","","Stack[-0x4]","DATA","false","true"
"FUN_012ce800","012ce800","012ce80d","","Stack[0x0]","READ","false","true"
"FUN_012ce800","012ce800","012ce810","","Stack[-0xc]","WRITE","false","true"
"FUN_012ce800","012ce800","012ce818","LAB_019a1bc0","019a1bc0","DATA","false","true"
"FUN_012ce800","012ce800","012ce81d","ExceptionList","ffdff000","READ","false","true"
"FUN_012ce800","012ce800","012ce82b","DAT_01bbb1c0","01bbb1c0","READ","false","true"
"FUN_012ce800","012ce800","012ce832","","Stack[-0x24]","WRITE","false","true"
"FUN_012ce800","012ce800","012ce838","","Stack[-0x1c]","DATA","false","true"
"FUN_012ce800","012ce800","012ce83b","ExceptionList","ffdff000","WRITE","false","true"
"FUN_012ce800","012ce800","012ce843","","Stack[-0x94]","WRITE","false","true"
"FUN_012ce800","012ce800","012ce849","FUN_012ce4f0","012ce4f0","UNCONDITIONAL_CALL","true","false"
"FUN_012ce800","012ce800","012ce84f","","Stack[-0x6c]","WRITE","false","true"
"FUN_012ce800","012ce800","012ce855","LAB_012cf22d","012cf22d","CONDITIONAL_JUMP","false","false"
"FUN_012ce800","012ce800","012ce85d","","Stack[-0x68]","DATA","false","true"
"FUN_012ce800","012ce800","012ce863","VCRUNTIME140.DLL::memset","01831f34","UNCONDITIONAL_CALL","true","false"
"FUN_012ce800","012ce800","012ce868","DAT_01bfb2a8","01bfb2a8","READ","false","true"
"FUN_012ce800","012ce800","012ce881","","Stack[-0x8c]","WRITE","false","true"
"FUN_012ce800","012ce800","012ce888","LAB_012ce893","012ce893","CONDITIONAL_JUMP","false","false"
"FUN_012ce800","012ce800","012ce88a","FUN_015b1930","015b1930","UNCONDITIONAL_CALL","true","false"
"FUN_012ce800","012ce800","012ce891","LAB_012ce895","012ce895","UNCONDITIONAL_JUMP","false","false"
"FUN_012ce800","012ce800","012ce89a","DAT_01bc2bb0","01bc2bb0","DATA","false","true"
"FUN_012ce800","012ce800","012ce89f","DAT_01bc2a20","01bc2a20","DATA","false","true"
"FUN_012ce800","012ce800","012ce8a4","","Stack[-0x84]","WRITE","false","true"
"FUN_012ce800","012ce800","012ce8aa","DAT_01bfb258","01bfb258","READ","false","true"
"FUN_012ce800","012ce800","012ce8b4","","Stack[-0x80]","WRITE","false","true"
"FUN_012ce800","012ce800","012ce8b7","FUN_015cea10","015cea10","UNCONDITIONAL_CALL","true","false"
"FUN_012ce800","012ce800","012ce8bd","VCRUNTIME140.DLL::__RTDynamicCast","01831f4c","UNCONDITIONAL_CALL","true","false"
"FUN_012ce800","012ce800","012ce8c7","LAB_012ce8db","012ce8db","CONDITIONAL_JUMP","false","false"
"FUN_012ce800","012ce800","012ce8c9","","Stack[-0x84]","DATA","false","true"
"FUN_012ce800","012ce800","012ce8cf","FUN_015d6b70","015d6b70","UNCONDITIONAL_CALL","true","false"
"FUN_012ce800","012ce800","012ce8d6","","Stack[-0x78]","WRITE","false","true"
"FUN_012ce800","012ce800","012ce8d9","LAB_012ce8e0","012ce8e0","UNCONDITIONAL_JUMP","false","false"
"FUN_012ce800","012ce800","012ce8dd","","Stack[-0x78]","WRITE","false","true"
"FUN_012ce800","012ce800","012ce8e0","","Stack[-0x6c]","READ","false","true"
"FUN_012ce800","012ce800","012ce8e3","","Stack[-0x94]","READ","false","true"
"FUN_012ce800","012ce800","012ce8eb","FUN_012ce390","012ce390","UNCONDITIONAL_CALL","true","false"
"FUN_012ce800","012ce800","012ce8f0","","Stack[-0x94]","READ","false","true"
"FUN_012ce800","012ce800","012ce8f6","","Stack[-0x84]","WRITE","false","true"
"FUN_012ce800","012ce800","012ce901","LAB_012ce95a","012ce95a","CONDITIONAL_JUMP","false","false"
"FUN_012ce800","012ce800","012ce90b","LAB_012ce922","012ce922","CONDITIONAL_JUMP","false","false"
"FUN_012ce800","012ce800","012ce90f","","Stack[-0x7c]","DATA","false","true"
"FUN_012ce800","012ce800","012ce913","","Stack[-0x7c]","WRITE","false","true"
"FUN_012ce800","012ce800","012ce916","FUN_015db910","015db910","UNCONDITIONAL_CALL","true","false"
"FUN_012ce800","012ce800","012ce91d","","Stack[-0x84]","READ","false","true"
"FUN_012ce800","012ce800","012ce920","LAB_012ce924","012ce924","UNCONDITIONAL_JUMP","false","false"
"FUN_012ce800","012ce800","012ce926","LAB_012ce95a","012ce95a","CONDITIONAL_JUMP","false","false"
"FUN_012ce800","012ce800","012ce928","","Stack[-0x94]","READ","false","true"
"FUN_012ce800","012ce800","012ce92e","","Stack[-0x74]","WRITE","false","true"
"FUN_012ce800","012ce800","012ce937","LAB_012ce952","012ce952","CONDITIONAL_JUMP","false","false"
"FUN_012ce800","012ce800","012ce944","","Stack[-0x74]","READ","false","true"
"FUN_012ce800","012ce800","012ce94d","LAB_012ce957","012ce957","CONDITIONAL_JUMP","false","false"
"FUN_012ce800","012ce800","012ce94f","","Stack[-0x84]","READ","false","true"
"FUN_012ce800","012ce800","012ce955","LAB_012ce935","012ce935","CONDITIONAL_JUMP","false","false"
"FUN_012ce800","012ce800","012ce957","","Stack[-0x78]","READ","false","true"
"FUN_012ce800","012ce800","012ce95a","DAT_01bfb2a8","01bfb2a8","READ","false","true"
"FUN_012ce800","012ce800","012ce95f","","Stack[-0x78]","WRITE","false","true"
"FUN_012ce800","012ce800","012ce966","","Stack[-0x84]","WRITE","false","true"
"FUN_012ce800","012ce800","012ce96d","","Stack[-0x85]","WRITE","false","true"
"FUN_012ce800","012ce800","012ce97a","","Stack[-0x94]","READ","false","true"
"FUN_012ce800","012ce800","012ce980","","Stack[-0x7c]","WRITE","false","true"
"FUN_012ce800","012ce800","012ce994","switchD_012ce99d::caseD_158c","012ce9a8","CONDITIONAL_JUMP","false","false"
"FUN_012ce800","012ce800","012ce996","switchD_012ce99d::switchdataD_012cf2bc","012cf2bc","DATA","false","true"
"FUN_012ce800","012ce800","012ce99d","switchD_012ce99d::caseD_1587","012ce9a4","COMPUTED_JUMP","false","false"
"FUN_012ce800","012ce800","012ce99d","switchD_012ce99d::caseD_158c","012ce9a8","COMPUTED_JUMP","false","false"
"FUN_012ce800","012ce800","012ce99d","switchD_012ce99d::switchdataD_012cf2b4","012cf2b4","DATA","false","true"
"FUN_012ce800","012ce800","012ce9a4","","Stack[-0x85]","WRITE","false","true"
"FUN_012ce800","012ce800","012ce9a8","","Stack[-0x94]","READ","false","true"
"FUN_012ce800","012ce800","012ce9bc","LAB_012ce9f7","012ce9f7","CONDITIONAL_JUMP","false","false"
"FUN_012ce800","012ce800","012ce9bf","FUN_012cf6a0","012cf6a0","UNCONDITIONAL_CALL","true","false"
"FUN_012ce800","012ce800","012ce9c6","","Stack[-0x8d]","WRITE","false","true"
"FUN_012ce800","012ce800","012ce9c9","","Stack[-0x6c]","DATA","false","true"
"FUN_012ce800","012ce800","012ce9cd","","Stack[-0x8d]","DATA","false","true"
"FUN_012ce800","012ce800","012ce9d1","FUN_0161e740","0161e740","UNCONDITIONAL_CALL","true","false"
"FUN_012ce800","012ce800","012ce9d6","","Stack[-0x7c]","READ","false","true"
"FUN_012ce800","012ce800","012ce9db","LAB_012ce9f7","012ce9f7","CONDITIONAL_JUMP","false","false"
"FUN_012ce800","012ce800","012ce9dd","","Stack[-0x85]","READ","false","true"
"FUN_012ce800","012ce800","012ce9e1","LAB_012ce9eb","012ce9eb","CONDITIONAL_JUMP","false","false"
"FUN_012ce800","012ce800","012ce9e6","","Stack[-0x84]","WRITE","false","true"
"FUN_012ce800","012ce800","012ce9e9","LAB_012ce9f4","012ce9f4","UNCONDITIONAL_JUMP","false","false"
"FUN_012ce800","012ce800","012ce9f1","","Stack[-0x84]","WRITE","false","true"
"FUN_012ce800","012ce800","012ce9f4","","Stack[-0x78]","WRITE","false","true"
"FUN_012ce800","012ce800","012ce9fc","LAB_012cf1e5","012cf1e5","CONDITIONAL_JUMP","false","false"
"FUN_012ce800","012ce800","012cea02","switchD_012cea02::caseD_0","012cea09","COMPUTED_JUMP","false","false"
"FUN_012ce800","012ce800","012cea02","switchD_012cea02::caseD_1","012cebd8","COMPUTED_JUMP","false","false"
"FUN_012ce800","012ce800","012cea02","switchD_012cea02::caseD_2","012cec97","COMPUTED_JUMP","false","false"
"FUN_012ce800","012ce800","012cea02","switchD_012cea02::caseD_3","012cee40","COMPUTED_JUMP","false","false"
"FUN_012ce800","012ce800","012cea02","switchD_012cea02::caseD_4","012cefd1","COMPUTED_JUMP","false","false"
"FUN_012ce800","012ce800","012cea02","switchD_012cea02::switchdataD_012cf2cc","012cf2cc","DATA","false","true"
"FUN_012ce800","012ce800","012cea0b","LAB_012cea16","012cea16","CONDITIONAL_JUMP","false","false"
"FUN_012ce800","012ce800","012cea11","LAB_012ceb38","012ceb38","UNCONDITIONAL_JUMP","false","false"
"FUN_012ce800","012ce800","012cea16","DAT_01bfb258","01bfb258","READ","false","true"
"FUN_012ce800","012ce800","012cea1e","DAT_01bc2b4c","01bc2b4c","DATA","false","true"
"FUN_012ce800","012ce800","012cea23","DAT_01bc2a20","01bc2a20","DATA","false","true"
"FUN_012ce800","012ce800","012cea2c","FUN_015cea10","015cea10","UNCONDITIONAL_CALL","true","false"
"FUN_012ce800","012ce800","012cea32","VCRUNTIME140.DLL::__RTDynamicCast","01831f4c","UNCONDITIONAL_CALL","true","false"
"FUN_012ce800","012ce800","012cea3e","LAB_012cea44","012cea44","CONDITIONAL_JUMP","false","false"
"FUN_012ce800","012ce800","012cea42","LAB_012cea82","012cea82","UNCONDITIONAL_JUMP","false","false"
"FUN_012ce800","012ce800","012cea44","","Stack[-0x80]","READ","false","true"
"FUN_012ce800","012ce800","012cea4a","","Stack[-0x74]","WRITE","false","true"
"FUN_012ce800","012ce800","012cea51","","Stack[-0x70]","WRITE","false","true"
"FUN_012ce800","012ce800","012cea54","","Stack[-0x74]","DATA","false","true"
"FUN_012ce800","012ce800","012cea58","","Stack[-0x70]","DATA","false","true"
"FUN_012ce800","012ce800","012cea5c","FUN_015e33f0","015e33f0","UNCONDITIONAL_CALL","true","false"
"FUN_012ce800","012ce800","012cea65","LAB_012cea6b","012cea6b","CONDITIONAL_JUMP","false","false"
"FUN_012ce800","012ce800","012cea69","LAB_012cea82","012cea82","UNCONDITIONAL_JUMP","false","false"
"FUN_012ce800","012ce800","012cea76","","Stack[-0x8c]","READ","false","true"
"FUN_012ce800","012ce800","012cea82","DAT_01bfb258","01bfb258","READ","false","true"
"FUN_012ce800","012ce800","012cea8a","DAT_01bc2b4c","01bc2b4c","DATA","false","true"
"FUN_012ce800","012ce800","012cea8f","DAT_01bc2a20","01bc2a20","DATA","false","true"
"FUN_012ce800","012ce800","012cea98","FUN_015cea10","015cea10","UNCONDITIONAL_CALL","true","false"
"FUN_012ce800","012ce800","012cea9e","VCRUNTIME140.DLL::__RTDynamicCast","01831f4c","UNCONDITIONAL_CALL","true","false"
"FUN_012ce800","012ce800","012ceaaa","LAB_012ceb38","012ceb38","CONDITIONAL_JUMP","false","false"
"FUN_012ce800","012ce800","012ceab0","","Stack[-0x80]","READ","false","true"
"FUN_012ce800","012ce800","012ceab6","","Stack[-0x70]","WRITE","false","true"
"FUN_012ce800","012ce800","012ceabd","","Stack[-0x74]","WRITE","false","true"
"FUN_012ce800","012ce800","012ceac0","","Stack[-0x70]","DATA","false","true"
"FUN_012ce800","012ce800","012ceac4","","Stack[-0x74]","DATA","false","true"
"FUN_012ce800","012ce800","012ceac8","FUN_015e33f0","015e33f0","UNCONDITIONAL_CALL","true","false"
"FUN_012ce800","012ce800","012ceacd","","Stack[-0x80]","WRITE","false","true"
"FUN_012ce800","012ce800","012cead2","LAB_012ceb38","012ceb38","CONDITIONAL_JUMP","false","false"
"FUN_012ce800","012ce800","012cead4","DAT_01bfb258","01bfb258","READ","false","true"
"FUN_012ce800","012ce800","012ceadc","DAT_01bc2b28","01bc2b28","DATA","false","true"
"FUN_012ce800","012ce800","012ceae1","DAT_01bc2a20","01bc2a20","DATA","false","true"
"FUN_012ce800","012ce800","012ceaea","FUN_015cea10","015cea10","UNCONDITIONAL_CALL","true","false"
"FUN_012ce800","012ce800","012ceaf0","VCRUNTIME140.DLL::__RTDynamicCast","01831f4c","UNCONDITIONAL_CALL","true","false"
"FUN_012ce800","012ce800","012ceafc","LAB_012ceb03","012ceb03","CONDITIONAL_JUMP","false","false"
"FUN_012ce800","012ce800","012ceb01","LAB_012ceb25","012ceb25","UNCONDITIONAL_JUMP","false","false"
"FUN_012ce800","012ce800","012ceb07","","Stack[-0x8c]","WRITE","false","true"
"FUN_012ce800","012ce800","012ceb0a","","Stack[-0x8c]","DATA","false","true"
"FUN_012ce800","012ce800","012ceb0e","FUN_015e5990","015e5990","UNCONDITIONAL_CALL","true","false"
"FUN_012ce800","012ce800","012ceb1d","DAT_01b02528","01b02528","READ","false","true"
"FUN_012ce800","012ce800","012ceb25","","Stack[-0x80]","READ","false","true"
"FUN_012ce800","012ce800","012ceb3a","","Stack[-0x70]","WRITE","false","true"
"FUN_012ce800","012ce800","012ceb41","","Stack[-0x7c]","READ","false","true"
"FUN_012ce800","012ce800","012ceb44","","Stack[-0x74]","WRITE","false","true"
"FUN_012ce800","012ce800","012ceb47","","Stack[-0x70]","DATA","false","true"
"FUN_012ce800","012ce800","012ceb4b","","Stack[-0xa0]","DATA","false","true"
"FUN_012ce800","012ce800","012ceb55","FUN_00f1d720","00f1d720","UNCONDITIONAL_CALL","true","false"
"FUN_012ce800","012ce800","012ceb5a","","Stack[-0x98]","READ","false","true"
"FUN_012ce800","012ce800","012ceb64","LAB_012ceb6c","012ceb6c","CONDITIONAL_JUMP","false","false"
"FUN_012ce800","012ce800","012ceb6a","LAB_012ceb6f","012ceb6f","CONDITIONAL_JUMP","false","false"
"FUN_012ce800","012ce800","012ceb7e","LAB_012ceb84","012ceb84","CONDITIONAL_JUMP","false","false"
"FUN_012ce800","012ce800","012ceb82","LAB_012ceb87","012ceb87","UNCONDITIONAL_JUMP","false","false"
"FUN_012ce800","012ce800","012ceb87","","Stack[-0x78]","READ","false","true"
"FUN_012ce800","012ce800","012ceb8d","","Stack[-0x70]","WRITE","false","true"
"FUN_012ce800","012ce800","012ceb98","","Stack[-0x70]","DATA","false","true"
"FUN_012ce800","012ce800","012ceb9c","","Stack[-0xa0]","DATA","false","true"
"FUN_012ce800","012ce800","012ceba6","FUN_00f1d720","00f1d720","UNCONDITIONAL_CALL","true","false"
"FUN_012ce800","012ce800","012cebab","","Stack[-0x98]","READ","false","true"
"FUN_012ce800","012ce800","012cebb5","LAB_012cebbd","012cebbd","CONDITIONAL_JUMP","false","false"
"FUN_012ce800","012ce800","012cebbb","LAB_012cebbf","012cebbf","CONDITIONAL_JUMP","false","false"
"FUN_012ce800","012ce800","012cebcb","LAB_012cf199","012cf199","CONDITIONAL_JUMP","false","false"
"FUN_012ce800","012ce800","012cebd3","LAB_012cf19c","012cf19c","UNCONDITIONAL_JUMP","false","false"
"FUN_012ce800","012ce800","012cebd8","","Stack[-0x70]","DATA","false","true"
"FUN_012ce800","012ce800","012cebdb","","Stack[-0x70]","WRITE","false","true"
"FUN_012ce800","012ce800","012cebe6","","Stack[-0xa0]","DATA","false","true"
"FUN_012ce800","012ce800","012cebef","FUN_00f1d720","00f1d720","UNCONDITIONAL_CALL","true","false"
"FUN_012ce800","012ce800","012cebf4","","Stack[-0x98]","READ","false","true"
"FUN_012ce800","012ce800","012cebfe","LAB_012cec06","012cec06","CONDITIONAL_JUMP","false","false"
"FUN_012ce800","012ce800","012cec04","LAB_012cec08","012cec08","CONDITIONAL_JUMP","false","false"
"FUN_012ce800","012ce800","012cec16","LAB_012cec1c","012cec1c","CONDITIONAL_JUMP","false","false"
"FUN_012ce800","012ce800","012cec1a","LAB_012cec1f","012cec1f","UNCONDITIONAL_JUMP","false","false"
"FUN_012ce800","012ce800","012cec1f","","Stack[-0x78]","READ","false","true"
"FUN_012ce800","012ce800","012cec24","","Stack[-0x70]","WRITE","false","true"
"FUN_012ce800","012ce800","012cec2f","","Stack[-0x70]","DATA","false","true"
"FUN_012ce800","012ce800","012cec33","","Stack[-0xa0]","DATA","false","true"
"FUN_012ce800","012ce800","012cec3d","FUN_00f1d720","00f1d720","UNCONDITIONAL_CALL","true","false"
"FUN_012ce800","012ce800","012cec42","","Stack[-0x98]","READ","false","true"
"FUN_012ce800","012ce800","012cec4c","LAB_012cec54","012cec54","CONDITIONAL_JUMP","false","false"
"FUN_012ce800","012ce800","012cec52","LAB_012cec56","012cec56","CONDITIONAL_JUMP","false","false"
"FUN_012ce800","012ce800","012cec62","LAB_012cec68","012cec68","CONDITIONAL_JUMP","false","false"
"FUN_012ce800","012ce800","012cec66","LAB_012cec6b","012cec6b","UNCONDITIONAL_JUMP","false","false"
"FUN_012ce800","012ce800","012cec6b","","Stack[-0x84]","READ","false","true"
"FUN_012ce800","012ce800","012cec7f","u_%d%%_~_%d%%_01aebcac","01aebcac","DATA","false","true"
"FUN_012ce800","012ce800","012cec84","","Stack[-0x68]","DATA","false","true"
"FUN_012ce800","012ce800","012cec8a","FUN_00f222a0","00f222a0","UNCONDITIONAL_CALL","true","false"
"FUN_012ce800","012ce800","012cec92","LAB_012cf216","012cf216","UNCONDITIONAL_JUMP","false","false"
"FUN_012ce800","012ce800","012cec97","","Stack[-0x70]","DATA","false","true"
"FUN_012ce800","012ce800","012cec9a","","Stack[-0x70]","WRITE","false","true"
"FUN_012ce800","012ce800","012ceca5","","Stack[-0xa0]","DATA","false","true"
"FUN_012ce800","012ce800","012cecae","FUN_00f1d720","00f1d720","UNCONDITIONAL_CALL","true","false"
"FUN_012ce800","012ce800","012cecb3","","Stack[-0x98]","READ","false","true"
"FUN_012ce800","012ce800","012cecbd","LAB_012cecc5","012cecc5","CONDITIONAL_JUMP","false","false"
"FUN_012ce800","012ce800","012cecc3","LAB_012cecc7","012cecc7","CONDITIONAL_JUMP","false","false"
"FUN_012ce800","012ce800","012cecd3","LAB_012cecda","012cecda","CONDITIONAL_JUMP","false","false"
"FUN_012ce800","012ce800","012cecd5","","Stack[-0x7c]","WRITE","false","true"
"FUN_012ce800","012ce800","012cecd8","LAB_012cece0","012cece0","UNCONDITIONAL_JUMP","false","false"
"FUN_012ce800","012ce800","012cecdd","","Stack[-0x7c]","WRITE","false","true"
"FUN_012ce800","012ce800","012cece2","LAB_012cece8","012cece8","CONDITIONAL_JUMP","false","false"
"FUN_012ce800","012ce800","012cece6","LAB_012ced50","012ced50","UNCONDITIONAL_JUMP","false","false"
"FUN_012ce800","012ce800","012cece8","DAT_01bfb258","01bfb258","READ","false","true"
"FUN_012ce800","012ce800","012cecf0","DAT_01bc2b4c","01bc2b4c","DATA","false","true"
"FUN_012ce800","012ce800","012cecf5","DAT_01bc2a20","01bc2a20","DATA","false","true"
"FUN_012ce800","012ce800","012cecfe","FUN_015cea10","015cea10","UNCONDITIONAL_CALL","true","false"
"FUN_012ce800","012ce800","012ced04","VCRUNTIME140.DLL::__RTDynamicCast","01831f4c","UNCONDITIONAL_CALL","true","false"
"FUN_012ce800","012ce800","012ced10","LAB_012ced50","012ced50","CONDITIONAL_JUMP","false","false"
"FUN_012ce800","012ce800","012ced12","","Stack[-0x80]","READ","false","true"
"FUN_012ce800","012ce800","012ced18","","Stack[-0x70]","WRITE","false","true"
"FUN_012ce800","012ce800","012ced1f","","Stack[-0x74]","WRITE","false","true"
"FUN_012ce800","012ce800","012ced22","","Stack[-0x70]","DATA","false","true"
"FUN_012ce800","012ce800","012ced26","","Stack[-0x74]","DATA","false","true"
"FUN_012ce800","012ce800","012ced2a","FUN_015e33f0","015e33f0","UNCONDITIONAL_CALL","true","false"
"FUN_012ce800","012ce800","012ced33","LAB_012ced39","012ced39","CONDITIONAL_JUMP","false","false"
"FUN_012ce800","012ce800","012ced37","LAB_012ced50","012ced50","UNCONDITIONAL_JUMP","false","false"
"FUN_012ce800","012ce800","012ced44","","Stack[-0x8c]","READ","false","true"
"FUN_012ce800","012ce800","012ced50","","Stack[-0x7c]","READ","false","true"
"FUN_012ce800","012ce800","012ced53","","Stack[-0x78]","READ","false","true"
"FUN_012ce800","012ce800","012ced5b","","Stack[-0x70]","WRITE","false","true"
"FUN_012ce800","012ce800","012ced66","","Stack[-0x70]","DATA","false","true"
"FUN_012ce800","012ce800","012ced6d","","Stack[-0xa0]","DATA","false","true"
"FUN_012ce800","012ce800","012ced74","DAT_01b02a84","01b02a84","READ","false","true"
"FUN_012ce800","012ce800","012ced7c","","Stack[-0x78]","WRITE","false","true"
"FUN_012ce800","012ce800","012ced81","FUN_00f1d720","00f1d720","UNCONDITIONAL_CALL","true","false"
"FUN_012ce800","012ce800","012ced86","","Stack[-0x98]","READ","false","true"
"FUN_012ce800","012ce800","012ced90","LAB_012ced98","012ced98","CONDITIONAL_JUMP","false","false"
"FUN_012ce800","012ce800","012ced96","LAB_012ced9a","012ced9a","CONDITIONAL_JUMP","false","false"
"FUN_012ce800","012ce800","012ceda6","LAB_012cedac","012cedac","CONDITIONAL_JUMP","false","false"
"FUN_012ce800","012ce800","012cedaa","LAB_012cedaf","012cedaf","UNCONDITIONAL_JUMP","false","false"
"FUN_012ce800","012ce800","012cedb1","LAB_012cedb7","012cedb7","CONDITIONAL_JUMP","false","false"
"FUN_012ce800","012ce800","012cedb5","LAB_012cee24","012cee24","UNCONDITIONAL_JUMP","false","false"
"FUN_012ce800","012ce800","012cedb7","DAT_01bfb258","01bfb258","READ","false","true"
"FUN_012ce800","012ce800","012cedbf","DAT_01bc2b4c","01bc2b4c","DATA","false","true"
"FUN_012ce800","012ce800","012cedc4","DAT_01bc2a20","01bc2a20","DATA","false","true"
"FUN_012ce800","012ce800","012cedcd","FUN_015cea10","015cea10","UNCONDITIONAL_CALL","true","false"
"FUN_012ce800","012ce800","012cedd3","VCRUNTIME140.DLL::__RTDynamicCast","01831f4c","UNCONDITIONAL_CALL","true","false"
"FUN_012ce800","012ce800","012ceddf","LAB_012cede5","012cede5","CONDITIONAL_JUMP","false","false"
"FUN_012ce800","012ce800","012cede3","LAB_012cee1f","012cee1f","UNCONDITIONAL_JUMP","false","false"
"FUN_012ce800","012ce800","012cede5","","Stack[-0x80]","READ","false","true"
"FUN_012ce800","012ce800","012cedeb","","Stack[-0x70]","WRITE","false","true"
"FUN_012ce800","012ce800","012cedf2","","Stack[-0x74]","WRITE","false","true"
"FUN_012ce800","012ce800","012cedf5","","Stack[-0x70]","DATA","false","true"
"FUN_012ce800","012ce800","012cedf9","","Stack[-0x74]","DATA","false","true"
"FUN_012ce800","012ce800","012cedfd","FUN_015e33f0","015e33f0","UNCONDITIONAL_CALL","true","false"
"FUN_012ce800","012ce800","012cee06","LAB_012cede1","012cede1","CONDITIONAL_JUMP","false","false"
"FUN_012ce800","012ce800","012cee13","","Stack[-0x8c]","READ","false","true"
"FUN_012ce800","012ce800","012cee1f","","Stack[-0x78]","READ","false","true"
"FUN_012ce800","012ce800","012cee24","","Stack[-0x84]","READ","false","true"
"FUN_012ce800","012ce800","012cee33","DAT_01b02a84","01b02a84","READ","false","true"
"FUN_012ce800","012ce800","012cee3b","switchD_012cea02::default","012cf1ef","UNCONDITIONAL_JUMP","false","false"
"FUN_012ce800","012ce800","012cee40","","Stack[-0x8c]","WRITE","false","true"
"FUN_012ce800","012ce800","012cee49","LAB_012cee4f","012cee4f","CONDITIONAL_JUMP","false","false"
"FUN_012ce800","012ce800","012cee4d","LAB_012ceea9","012ceea9","UNCONDITIONAL_JUMP","false","false"
"FUN_012ce800","012ce800","012cee4f","DAT_01bfb258","01bfb258","READ","false","true"
"FUN_012ce800","012ce800","012cee57","DAT_01bc2b4c","01bc2b4c","DATA","false","true"
"FUN_012ce800","012ce800","012cee5c","DAT_01bc2a20","01bc2a20","DATA","false","true"
"FUN_012ce800","012ce800","012cee65","FUN_015cea10","015cea10","UNCONDITIONAL_CALL","true","false"
"FUN_012ce800","012ce800","012cee6b","VCRUNTIME140.DLL::__RTDynamicCast","01831f4c","UNCONDITIONAL_CALL","true","false"
"FUN_012ce800","012ce800","012cee77","LAB_012cee7d","012cee7d","CONDITIONAL_JUMP","false","false"
"FUN_012ce800","012ce800","012cee7b","LAB_012ceea9","012ceea9","UNCONDITIONAL_JUMP","false","false"
"FUN_012ce800","012ce800","012cee7d","","Stack[-0x80]","READ","false","true"
"FUN_012ce800","012ce800","012cee83","","Stack[-0x70]","WRITE","false","true"
"FUN_012ce800","012ce800","012cee8a","","Stack[-0x74]","WRITE","false","true"
"FUN_012ce800","012ce800","012cee8d","","Stack[-0x70]","DATA","false","true"
"FUN_012ce800","012ce800","012cee91","","Stack[-0x74]","DATA","false","true"
"FUN_012ce800","012ce800","012cee95","FUN_015e33f0","015e33f0","UNCONDITIONAL_CALL","true","false"
"FUN_012ce800","012ce800","012cee9c","LAB_012ceea2","012ceea2","CONDITIONAL_JUMP","false","false"
"FUN_012ce800","012ce800","012ceea0","LAB_012ceea9","012ceea9","UNCONDITIONAL_JUMP","false","false"
"FUN_012ce800","012ce800","012ceea9","","Stack[-0x7c]","READ","false","true"
"FUN_012ce800","012ce800","012ceeac","","Stack[-0x8c]","DATA","false","true"
"FUN_012ce800","012ce800","012ceeb0","","Stack[-0xa0]","DATA","false","true"
"FUN_012ce800","012ce800","012ceeba","FUN_00f1d720","00f1d720","UNCONDITIONAL_CALL","true","false"
"FUN_012ce800","012ce800","012ceebf","","Stack[-0x98]","READ","false","true"
"FUN_012ce800","012ce800","012ceec9","LAB_012ceed1","012ceed1","CONDITIONAL_JUMP","false","false"
"FUN_012ce800","012ce800","012ceecf","LAB_012ceed7","012ceed7","CONDITIONAL_JUMP","false","false"
"FUN_012ce800","012ce800","012ceed1","","Stack[-0x7c]","READ","false","true"
"FUN_012ce800","012ce800","012ceed7","","Stack[-0x7c]","READ","false","true"
"FUN_012ce800","012ce800","012ceee7","LAB_012ceeed","012ceeed","CONDITIONAL_JUMP","false","false"
"FUN_012ce800","012ce800","012ceeeb","LAB_012ceef0","012ceef0","UNCONDITIONAL_JUMP","false","false"
"FUN_012ce800","012ce800","012ceef0","","Stack[-0x78]","READ","false","true"
"FUN_012ce800","012ce800","012ceef6","","Stack[-0x7c]","READ","false","true"
"FUN_012ce800","012ce800","012ceef9","","Stack[-0x70]","WRITE","false","true"
"FUN_012ce800","012ce800","012cef07","","Stack[-0x70]","DATA","false","true"
"FUN_012ce800","012ce800","012cef0e","","Stack[-0xa0]","DATA","false","true"
"FUN_012ce800","012ce800","012cef15","DAT_01b02a84","01b02a84","READ","false","true"
"FUN_012ce800","012ce800","012cef1d","","Stack[-0x78]","WRITE","false","true"
"FUN_012ce800","012ce800","012cef22","FUN_00f1d720","00f1d720","UNCONDITIONAL_CALL","true","false"
"FUN_012ce800","012ce800","012cef27","","Stack[-0x98]","READ","false","true"
"FUN_012ce800","012ce800","012cef31","LAB_012cef39","012cef39","CONDITIONAL_JUMP","false","false"
"FUN_012ce800","012ce800","012cef37","LAB_012cef3c","012cef3c","CONDITIONAL_JUMP","false","false"
"FUN_012ce800","012ce800","012cef49","LAB_012cef4f","012cef4f","CONDITIONAL_JUMP","false","false"
"FUN_012ce800","012ce800","012cef4d","LAB_012cef52","012cef52","UNCONDITIONAL_JUMP","false","false"
"FUN_012ce800","012ce800","012cef54","LAB_012cef5a","012cef5a","CONDITIONAL_JUMP","false","false"
"FUN_012ce800","012ce800","012cef58","LAB_012cefb5","012cefb5","UNCONDITIONAL_JUMP","false","false"
"FUN_012ce800","012ce800","012cef5a","DAT_01bfb258","01bfb258","READ","false","true"
"FUN_012ce800","012ce800","012cef62","DAT_01bc2b4c","01bc2b4c","DATA","false","true"
"FUN_012ce800","012ce800","012cef67","DAT_01bc2a20","01bc2a20","DATA","false","true"
"FUN_012ce800","012ce800","012cef70","FUN_015cea10","015cea10","UNCONDITIONAL_CALL","true","false"
"FUN_012ce800","012ce800","012cef76","VCRUNTIME140.DLL::__RTDynamicCast","01831f4c","UNCONDITIONAL_CALL","true","false"
"FUN_012ce800","012ce800","012cef82","LAB_012cef88","012cef88","CONDITIONAL_JUMP","false","false"
"FUN_012ce800","012ce800","012cef86","LAB_012cefb0","012cefb0","UNCONDITIONAL_JUMP","false","false"
"FUN_012ce800","012ce800","012cef88","","Stack[-0x80]","READ","false","true"
"FUN_012ce800","012ce800","012cef8e","","Stack[-0x70]","WRITE","false","true"
"FUN_012ce800","012ce800","012cef95","","Stack[-0x74]","WRITE","false","true"
"FUN_012ce800","012ce800","012cef98","","Stack[-0x70]","DATA","false","true"
"FUN_012ce800","012ce800","012cef9c","","Stack[-0x74]","DATA","false","true"
"FUN_012ce800","012ce800","012cefa0","FUN_015e33f0","015e33f0","UNCONDITIONAL_CALL","true","false"
"FUN_012ce800","012ce800","012cefa7","LAB_012cef84","012cef84","CONDITIONAL_JUMP","false","false"
"FUN_012ce800","012ce800","012cefb0","","Stack[-0x78]","READ","false","true"
"FUN_012ce800","012ce800","012cefb5","","Stack[-0x84]","READ","false","true"
"FUN_012ce800","012ce800","012cefc4","DAT_01b02a84","01b02a84","READ","false","true"
"FUN_012ce800","012ce800","012cefcc","switchD_012cea02::default","012cf1ef","UNCONDITIONAL_JUMP","false","false"
"FUN_012ce800","012ce800","012cefd3","LAB_012cefde","012cefde","CONDITIONAL_JUMP","false","false"
"FUN_012ce800","012ce800","012cefd9","LAB_012cf100","012cf100","UNCONDITIONAL_JUMP","false","false"
"FUN_012ce800","012ce800","012cefde","DAT_01bfb258","01bfb258","READ","false","true"
"FUN_012ce800","012ce800","012cefe6","DAT_01bc2b4c","01bc2b4c","DATA","false","true"
"FUN_012ce800","012ce800","012cefeb","DAT_01bc2a20","01bc2a20","DATA","false","true"
"FUN_012ce800","012ce800","012ceff4","FUN_015cea10","015cea10","UNCONDITIONAL_CALL","true","false"
"FUN_012ce800","012ce800","012ceffa","VCRUNTIME140.DLL::__RTDynamicCast","01831f4c","UNCONDITIONAL_CALL","true","false"
"FUN_012ce800","012ce800","012cf006","LAB_012cf00c","012cf00c","CONDITIONAL_JUMP","false","false"
"FUN_012ce800","012ce800","012cf00a","LAB_012cf04a","012cf04a","UNCONDITIONAL_JUMP","false","false"
"FUN_012ce800","012ce800","012cf00c","","Stack[-0x80]","READ","false","true"
"FUN_012ce800","012ce800","012cf012","","Stack[-0x70]","WRITE","false","true"
"FUN_012ce800","012ce800","012cf019","","Stack[-0x74]","WRITE","false","true"
"FUN_012ce800","012ce800","012cf01c","","Stack[-0x70]","DATA","false","true"
"FUN_012ce800","012ce800","012cf020","","Stack[-0x74]","DATA","false","true"
"FUN_012ce800","012ce800","012cf024","FUN_015e33f0","015e33f0","UNCONDITIONAL_CALL","true","false"
"FUN_012ce800","012ce800","012cf02d","LAB_012cf033","012cf033","CONDITIONAL_JUMP","false","false"
"FUN_012ce800","012ce800","012cf031","LAB_012cf04a","012cf04a","UNCONDITIONAL_JUMP","false","false"
"FUN_012ce800","012ce800","012cf03e","","Stack[-0x8c]","READ","false","true"
"FUN_012ce800","012ce800","012cf04a","DAT_01bfb258","01bfb258","READ","false","true"
"FUN_012ce800","012ce800","012cf052","DAT_01bc2b4c","01bc2b4c","DATA","false","true"
"FUN_012ce800","012ce800","012cf057","DAT_01bc2a20","01bc2a20","DATA","false","true"
"FUN_012ce800","012ce800","012cf060","FUN_015cea10","015cea10","UNCONDITIONAL_CALL","true","false"
"FUN_012ce800","012ce800","012cf066","VCRUNTIME140.DLL::__RTDynamicCast","01831f4c","UNCONDITIONAL_CALL","true","false"
"FUN_012ce800","012ce800","012cf072","LAB_012cf100","012cf100","CONDITIONAL_JUMP","false","false"
"FUN_012ce800","012ce800","012cf078","","Stack[-0x80]","READ","false","true"
"FUN_012ce800","012ce800","012cf07e","","Stack[-0x70]","WRITE","false","true"
"FUN_012ce800","012ce800","012cf085","","Stack[-0x74]","WRITE","false","true"
"FUN_012ce800","012ce800","012cf088","","Stack[-0x70]","DATA","false","true"
"FUN_012ce800","012ce800","012cf08c","","Stack[-0x74]","DATA","false","true"
"FUN_012ce800","012ce800","012cf090","FUN_015e33f0","015e33f0","UNCONDITIONAL_CALL","true","false"
"FUN_012ce800","012ce800","012cf095","","Stack[-0x80]","WRITE","false","true"
"FUN_012ce800","012ce800","012cf09a","LAB_012cf100","012cf100","CONDITIONAL_JUMP","false","false"
"FUN_012ce800","012ce800","012cf09c","DAT_01bfb258","01bfb258","READ","false","true"
"FUN_012ce800","012ce800","012cf0a4","DAT_01bc2b28","01bc2b28","DATA","false","true"
"FUN_012ce800","012ce800","012cf0a9","DAT_01bc2a20","01bc2a20","DATA","false","true"
"FUN_012ce800","012ce800","012cf0b2","FUN_015cea10","015cea10","UNCONDITIONAL_CALL","true","false"
"FUN_012ce800","012ce800","012cf0b8","VCRUNTIME140.DLL::__RTDynamicCast","01831f4c","UNCONDITIONAL_CALL","true","false"
"FUN_012ce800","012ce800","012cf0c4","LAB_012cf0cb","012cf0cb","CONDITIONAL_JUMP","false","false"
"FUN_012ce800","012ce800","012cf0c9","LAB_012cf0ed","012cf0ed","UNCONDITIONAL_JUMP","false","false"
"FUN_012ce800","012ce800","012cf0cf","","Stack[-0x8c]","WRITE","false","true"
"FUN_012ce800","012ce800","012cf0d2","","Stack[-0x8c]","DATA","false","true"
"FUN_012ce800","012ce800","012cf0d6","FUN_015e5990","015e5990","UNCONDITIONAL_CALL","true","false"
"FUN_012ce800","012ce800","012cf0e5","DAT_01b02528","01b02528","READ","false","true"
"FUN_012ce800","012ce800","012cf0ed","","Stack[-0x80]","READ","false","true"
"FUN_012ce800","012ce800","012cf102","","Stack[-0x70]","WRITE","false","true"
"FUN_012ce800","012ce800","012cf109","","Stack[-0x7c]","READ","false","true"
"FUN_012ce800","012ce800","012cf10c","","Stack[-0x74]","WRITE","false","true"
"FUN_012ce800","012ce800","012cf10f","","Stack[-0x70]","DATA","false","true"
"FUN_012ce800","012ce800","012cf113","","Stack[-0xa0]","DATA","false","true"
"FUN_012ce800","012ce800","012cf11d","FUN_00f1d720","00f1d720","UNCONDITIONAL_CALL","true","false"
"FUN_012ce800","012ce800","012cf122","","Stack[-0x98]","READ","false","true"
"FUN_012ce800","012ce800","012cf12c","LAB_012cf134","012cf134","CONDITIONAL_JUMP","false","false"
"FUN_012ce800","012ce800","012cf132","LAB_012cf137","012cf137","CONDITIONAL_JUMP","false","false"
"FUN_012ce800","012ce800","012cf146","LAB_012cf14c","012cf14c","CONDITIONAL_JUMP","false","false"
"FUN_012ce800","012ce800","012cf14a","LAB_012cf14f","012cf14f","UNCONDITIONAL_JUMP","false","false"
"FUN_012ce800","012ce800","012cf14f","","Stack[-0x78]","READ","false","true"
"FUN_012ce800","012ce800","012cf155","","Stack[-0x70]","WRITE","false","true"
"FUN_012ce800","012ce800","012cf160","","Stack[-0x70]","DATA","false","true"
"FUN_012ce800","012ce800","012cf164","","Stack[-0xa0]","DATA","false","true"
"FUN_012ce800","012ce800","012cf16e","FUN_00f1d720","00f1d720","UNCONDITIONAL_CALL","true","false"
"FUN_012ce800","012ce800","012cf173","","Stack[-0x98]","READ","false","true"
"FUN_012ce800","012ce800","012cf17d","LAB_012cf185","012cf185","CONDITIONAL_JUMP","false","false"
"FUN_012ce800","012ce800","012cf183","LAB_012cf187","012cf187","CONDITIONAL_JUMP","false","false"
"FUN_012ce800","012ce800","012cf193","LAB_012cf199","012cf199","CONDITIONAL_JUMP","false","false"
"FUN_012ce800","012ce800","012cf197","LAB_012cf19c","012cf19c","UNCONDITIONAL_JUMP","false","false"
"FUN_012ce800","012ce800","012cf19c","","Stack[-0x84]","READ","false","true"
"FUN_012ce800","012ce800","012cf19f","DAT_01b02970","01b02970","READ","false","true"
"FUN_012ce800","012ce800","012cf1ae","","Stack[-0x74]","READ","false","true"
"FUN_012ce800","012ce800","012cf1b3","DAT_01b02970","01b02970","READ","false","true"
"FUN_012ce800","012ce800","012cf1d0","u_%d_~_%d_01aebc98","01aebc98","DATA","false","true"
"FUN_012ce800","012ce800","012cf1d5","","Stack[-0x68]","DATA","false","true"
"FUN_012ce800","012ce800","012cf1db","FUN_00f222a0","00f222a0","UNCONDITIONAL_CALL","true","false"
"FUN_012ce800","012ce800","012cf1e3","LAB_012cf216","012cf216","UNCONDITIONAL_JUMP","false","false"
"FUN_012ce800","012ce800","012cf1e5","","Stack[-0x70]","READ","false","true"
"FUN_012ce800","012ce800","012cf1ea","","Stack[-0x70]","READ","false","true"
"FUN_012ce800","012ce800","012cf1f5","","Stack[-0x68]","DATA","false","true"
"FUN_012ce800","012ce800","012cf206","u_%.2f%%_~_%.2f%%_01aebc58","01aebc58","DATA","false","true"
"FUN_012ce800","012ce800","012cf20e","FUN_00f222a0","00f222a0","UNCONDITIONAL_CALL","true","false"
"FUN_012ce800","012ce800","012cf216","","Stack[-0x94]","READ","false","true"
"FUN_012ce800","012ce800","012cf21c","","Stack[-0x68]","DATA","false","true"
"FUN_012ce800","012ce800","012cf22b","LAB_012cf294","012cf294","UNCONDITIONAL_JUMP","false","false"
"FUN_012ce800","012ce800","012cf236","DAT_01bfb258","01bfb258","READ","false","true"
"FUN_012ce800","012ce800","012cf245","","Stack[-0xd4]","DATA","false","true"
"FUN_012ce800","012ce800","012cf248","s_ENCHANTTACTICS_CANNOT_ENCHANT_01aebcd8","01aebcd8","DATA","false","true"
"FUN_012ce800","012ce800","012cf250","","Stack[-0x70]","WRITE","false","true"
"FUN_012ce800","012ce800","012cf253","","Stack[-0xc4]","WRITE","false","true"
"FUN_012ce800","012ce800","012cf25a","","Stack[-0xc0]","WRITE","false","true"
"FUN_012ce800","012ce800","012cf261","FUN_00f19cc0","00f19cc0","UNCONDITIONAL_CALL","true","false"
"FUN_012ce800","012ce800","012cf266","","Stack[-0xac]","DATA","false","true"
"FUN_012ce800","012ce800","012cf26f","FUN_015ce480","015ce480","UNCONDITIONAL_CALL","true","false"
"FUN_012ce800","012ce800","012cf274","","Stack[-0x14]","WRITE","false","true"
"FUN_012ce800","012ce800","012cf27f","LAB_012cf283","012cf283","CONDITIONAL_JUMP","false","false"
"FUN_012ce800","012ce800","012cf286","","Stack[-0x70]","READ","false","true"
"FUN_012ce800","012ce800","012cf289","","Stack[-0xac]","DATA","false","true"
"FUN_012ce800","012ce800","012cf28f","FUN_00f1a330","00f1a330","UNCONDITIONAL_CALL","true","false"
"FUN_012ce800","012ce800","012cf294","","Stack[-0x1c]","READ","false","true"
"FUN_012ce800","012ce800","012cf297","ExceptionList","ffdff000","WRITE","false","true"
"FUN_012ce800","012ce800","012cf2a1","","Stack[-0x24]","READ","false","true"
"FUN_012ce800","012ce800","012cf2a6","__security_check_cookie","0179869b","UNCONDITIONAL_CALL","true","false"
"FUN_012ce800","012ce800","012cf2b0","","Stack[-0x4]","DATA","false","true"
"FUN_012cf2e0","012cf2e0","012cf2ea","","Stack[0x4]","READ","false","true"
"FUN_012cf2e0","012cf2e0","012cf2f8","LAB_012cf31a","012cf31a","CONDITIONAL_JUMP","false","false"
"FUN_012cf2e0","012cf2e0","012cf309","FUN_013be010","013be010","UNCONDITIONAL_CALL","true","false"
"FUN_012cf2e0","012cf2e0","012cf31a","DAT_01bfb2b4","01bfb2b4","READ","false","true"
"FUN_012cf2e0","012cf2e0","012cf322","LAB_012cf692","012cf692","CONDITIONAL_JUMP","false","false"
"FUN_012cf2e0","012cf2e0","012cf32d","LAB_012cf692","012cf692","CONDITIONAL_JUMP","false","false"
"FUN_012cf2e0","012cf2e0","012cf33c","LAB_012cf692","012cf692","CONDITIONAL_JUMP","false","false"
"FUN_012cf2e0","012cf2e0","012cf347","LAB_012cf692","012cf692","CONDITIONAL_JUMP","false","false"
"FUN_012cf2e0","012cf2e0","012cf35c","LAB_012cf41b","012cf41b","CONDITIONAL_JUMP","false","false"
"FUN_012cf2e0","012cf2e0","012cf365","LAB_012cf659","012cf659","CONDITIONAL_JUMP","false","false"
"FUN_012cf2e0","012cf2e0","012cf36b","DAT_01bfb2a8","01bfb2a8","READ","false","true"
"FUN_012cf2e0","012cf2e0","012cf37c","LAB_012cf388","012cf388","CONDITIONAL_JUMP","false","false"
"FUN_012cf2e0","012cf2e0","012cf383","LAB_012cf647","012cf647","UNCONDITIONAL_JUMP","false","false"
"FUN_012cf2e0","012cf2e0","012cf38d","LAB_012cf393","012cf393","CONDITIONAL_JUMP","false","false"
"FUN_012cf2e0","012cf2e0","012cf391","LAB_012cf395","012cf395","UNCONDITIONAL_JUMP","false","false"
"FUN_012cf2e0","012cf2e0","012cf39d","LAB_012cf642","012cf642","CONDITIONAL_JUMP","false","false"
"FUN_012cf2e0","012cf2e0","012cf3a3","","Stack[-0x20]","WRITE","false","true"
"FUN_012cf2e0","012cf2e0","012cf3a7","","Stack[-0x20]","DATA","false","true"
"FUN_012cf2e0","012cf2e0","012cf3ac","FUN_015db910","015db910","UNCONDITIONAL_CALL","true","false"
"FUN_012cf2e0","012cf2e0","012cf3b3","LAB_012cf642","012cf642","CONDITIONAL_JUMP","false","false"
"FUN_012cf2e0","012cf2e0","012cf3be","LAB_012cf642","012cf642","CONDITIONAL_JUMP","false","false"
"FUN_012cf2e0","012cf2e0","012cf3cb","DAT_01bfb2b4","01bfb2b4","READ","false","true"
"FUN_012cf2e0","012cf2e0","012cf3d1","LAB_012cf3e1","012cf3e1","CONDITIONAL_JUMP","false","false"
"FUN_012cf2e0","012cf2e0","012cf3dc","FUN_00f70840","00f70840","UNCONDITIONAL_CALL","true","false"
"FUN_012cf2e0","012cf2e0","012cf3ee","","Stack[-0x24]","WRITE","false","true"
"FUN_012cf2e0","012cf2e0","012cf3f4","LAB_012cf414","012cf414","CONDITIONAL_JUMP","false","false"
"FUN_012cf2e0","012cf2e0","012cf402","LAB_012cf61b","012cf61b","CONDITIONAL_JUMP","false","false"
"FUN_012cf2e0","012cf2e0","012cf40e","LAB_012cf400","012cf400","CONDITIONAL_JUMP","false","false"
"FUN_012cf2e0","012cf2e0","012cf410","","Stack[-0x24]","READ","false","true"
"FUN_012cf2e0","012cf2e0","012cf416","LAB_012cf60f","012cf60f","UNCONDITIONAL_JUMP","false","false"
"FUN_012cf2e0","012cf2e0","012cf423","LAB_012cf642","012cf642","CONDITIONAL_JUMP","false","false"
"FUN_012cf2e0","012cf2e0","012cf42b","","Stack[-0x1c]","WRITE","false","true"
"FUN_012cf2e0","012cf2e0","012cf42f","","Stack[-0x1c]","DATA","false","true"
"FUN_012cf2e0","012cf2e0","012cf434","FUN_015db910","015db910","UNCONDITIONAL_CALL","true","false"
"FUN_012cf2e0","012cf2e0","012cf43d","LAB_012cf642","012cf642","CONDITIONAL_JUMP","false","false"
"FUN_012cf2e0","012cf2e0","012cf44c","LAB_012cf5c7","012cf5c7","CONDITIONAL_JUMP","false","false"
"FUN_012cf2e0","012cf2e0","012cf45a","LAB_012cf479","012cf479","CONDITIONAL_JUMP","false","false"
"FUN_012cf2e0","012cf2e0","012cf465","","Stack[-0x20]","WRITE","false","true"
"FUN_012cf2e0","012cf2e0","012cf469","","Stack[-0x20]","DATA","false","true"
"FUN_012cf2e0","012cf2e0","012cf46e","FUN_0161e6e0","0161e6e0","UNCONDITIONAL_CALL","true","false"
"FUN_012cf2e0","012cf2e0","012cf473","","Stack[-0x24]","WRITE","false","true"
"FUN_012cf2e0","012cf2e0","012cf477","LAB_012cf48e","012cf48e","UNCONDITIONAL_JUMP","false","false"
"FUN_012cf2e0","012cf2e0","012cf47c","","Stack[-0x10]","WRITE","false","true"
"FUN_012cf2e0","012cf2e0","012cf482","","Stack[-0xc]","READ","false","true"
"FUN_012cf2e0","012cf2e0","012cf486","","Stack[-0x24]","WRITE","false","true"
"FUN_012cf2e0","012cf2e0","012cf48a","","Stack[-0x10]","READ","false","true"
"FUN_012cf2e0","012cf2e0","012cf490","","Stack[-0x20]","WRITE","false","true"
"FUN_012cf2e0","012cf2e0","012cf494","FUN_012ce2b0","012ce2b0","UNCONDITIONAL_CALL","true","false"
"FUN_012cf2e0","012cf2e0","012cf49b","LAB_012cf659","012cf659","CONDITIONAL_JUMP","false","false"
"FUN_012cf2e0","012cf2e0","012cf4a3","FUN_012ce4f0","012ce4f0","UNCONDITIONAL_CALL","true","false"
"FUN_012cf2e0","012cf2e0","012cf4ac","FUN_012ce390","012ce390","UNCONDITIONAL_CALL","true","false"
"FUN_012cf2e0","012cf2e0","012cf4b3","","Stack[-0x10]","WRITE","false","true"
"FUN_012cf2e0","012cf2e0","012cf4b9","LAB_012cf4e9","012cf4e9","CONDITIONAL_JUMP","false","false"
"FUN_012cf2e0","012cf2e0","012cf4c5","","Stack[-0x14]","WRITE","false","true"
"FUN_012cf2e0","012cf2e0","012cf4c9","","Stack[-0x18]","WRITE","false","true"
"FUN_012cf2e0","012cf2e0","012cf4d5","","Stack[-0x18]","READ","false","true"
"FUN_012cf2e0","012cf2e0","012cf4d9","","Stack[-0x14]","READ","false","true"
"FUN_012cf2e0","012cf2e0","012cf4dd","LAB_012cf4f3","012cf4f3","CONDITIONAL_JUMP","false","false"
"FUN_012cf2e0","012cf2e0","012cf4e3","","Stack[-0x10]","READ","false","true"
"FUN_012cf2e0","012cf2e0","012cf4e7","LAB_012cf4d1","012cf4d1","CONDITIONAL_JUMP","false","false"
"FUN_012cf2e0","012cf2e0","012cf4ee","LAB_012cf647","012cf647","UNCONDITIONAL_JUMP","false","false"
"FUN_012cf2e0","012cf2e0","012cf4fe","","Stack[-0x24]","READ","false","true"
"FUN_012cf2e0","012cf2e0","012cf502","","Stack[-0x4c]","DATA","false","true"
"FUN_012cf2e0","012cf2e0","012cf508","","Stack[-0x20]","READ","false","true"
"FUN_012cf2e0","012cf2e0","012cf50c","","Stack[-0x48]","WRITE","false","true"
"FUN_012cf2e0","012cf2e0","012cf513","","Stack[-0x44]","WRITE","false","true"
"FUN_012cf2e0","012cf2e0","012cf51a","","Stack[-0x40]","WRITE","false","true"
"FUN_012cf2e0","012cf2e0","012cf521","","Stack[-0x3c]","WRITE","false","true"
"FUN_012cf2e0","012cf2e0","012cf528","","Stack[-0x38]","WRITE","false","true"
"FUN_012cf2e0","012cf2e0","012cf52f","","Stack[-0x34]","WRITE","false","true"
"FUN_012cf2e0","012cf2e0","012cf536","FUN_00f65090","00f65090","UNCONDITIONAL_CALL","true","false"
"FUN_012cf2e0","012cf2e0","012cf53d","FUN_013f3620","013f3620","UNCONDITIONAL_CALL","true","false"
"FUN_012cf2e0","012cf2e0","012cf549","DAT_01bfb2b4","01bfb2b4","READ","false","true"
"FUN_012cf2e0","012cf2e0","012cf54f","LAB_012cf55f","012cf55f","CONDITIONAL_JUMP","false","false"
"FUN_012cf2e0","012cf2e0","012cf55a","FUN_00f70840","00f70840","UNCONDITIONAL_CALL","true","false"
"FUN_012cf2e0","012cf2e0","012cf56c","","Stack[-0x10]","WRITE","false","true"
"FUN_012cf2e0","012cf2e0","012cf572","LAB_012cf587","012cf587","CONDITIONAL_JUMP","false","false"
"FUN_012cf2e0","012cf2e0","012cf579","LAB_012cf595","012cf595","CONDITIONAL_JUMP","false","false"
"FUN_012cf2e0","012cf2e0","012cf581","LAB_012cf577","012cf577","CONDITIONAL_JUMP","false","false"
"FUN_012cf2e0","012cf2e0","012cf583","","Stack[-0x10]","READ","false","true"
"FUN_012cf2e0","012cf2e0","012cf58a","FUN_00f70890","00f70890","UNCONDITIONAL_CALL","true","false"
"FUN_012cf2e0","012cf2e0","012cf58f","DAT_01bfb2b4","01bfb2b4","READ","false","true"
"FUN_012cf2e0","012cf2e0","012cf5a0","LAB_012cf5ac","012cf5ac","CONDITIONAL_JUMP","false","false"
"FUN_012cf2e0","012cf2e0","012cf5aa","LAB_012cf5ae","012cf5ae","UNCONDITIONAL_JUMP","false","false"
"FUN_012cf2e0","012cf2e0","012cf5b6","FUN_012ce6a0","012ce6a0","UNCONDITIONAL_CALL","true","false"
"FUN_012cf2e0","012cf2e0","012cf5bd","FUN_012ce800","012ce800","UNCONDITIONAL_CALL","true","false"
"FUN_012cf2e0","012cf2e0","012cf5c2","LAB_012cf659","012cf659","UNCONDITIONAL_JUMP","false","false"
"FUN_012cf2e0","012cf2e0","012cf5ca","LAB_012cf642","012cf642","CONDITIONAL_JUMP","false","false"
"FUN_012cf2e0","012cf2e0","012cf5d3","DAT_01bfb2b4","01bfb2b4","READ","false","true"
"FUN_012cf2e0","012cf2e0","012cf5d9","LAB_012cf5e9","012cf5e9","CONDITIONAL_JUMP","false","false"
"FUN_012cf2e0","012cf2e0","012cf5e4","FUN_00f70840","00f70840","UNCONDITIONAL_CALL","true","false"
"FUN_012cf2e0","012cf2e0","012cf5f6","LAB_012cf60c","012cf60c","CONDITIONAL_JUMP","false","false"
"FUN_012cf2e0","012cf2e0","012cf602","LAB_012cf61b","012cf61b","CONDITIONAL_JUMP","false","false"
"FUN_012cf2e0","012cf2e0","012cf60a","LAB_012cf600","012cf600","CONDITIONAL_JUMP","false","false"
"FUN_012cf2e0","012cf2e0","012cf610","FUN_00f70890","00f70890","UNCONDITIONAL_CALL","true","false"
"FUN_012cf2e0","012cf2e0","012cf615","DAT_01bfb2b4","01bfb2b4","READ","false","true"
"FUN_012cf2e0","012cf2e0","012cf626","LAB_012cf638","012cf638","CONDITIONAL_JUMP","false","false"
"FUN_012cf2e0","012cf2e0","012cf636","LAB_012cf659","012cf659","UNCONDITIONAL_JUMP","false","false"
"FUN_012cf2e0","012cf2e0","012cf640","LAB_012cf659","012cf659","UNCONDITIONAL_JUMP","false","false"
"FUN_012cf2e0","012cf2e0","012cf651","FUN_013be010","013be010","UNCONDITIONAL_CALL","true","false"
"FUN_012cf2e0","012cf2e0","012cf659","DAT_01bfb32c","01bfb32c","READ","false","true"
"FUN_012cf2e0","012cf2e0","012cf661","LAB_012cf692","012cf692","CONDITIONAL_JUMP","false","false"
"FUN_012cf2e0","012cf2e0","012cf665","s_System\interface_person_01.wav_01ae83c0","01ae83c0","DATA","false","true"
"FUN_012cf2e0","012cf2e0","012cf671","LAB_012cf683","012cf683","CONDITIONAL_JUMP","false","false"
"FUN_012cf2e0","012cf2e0","012cf673","DAT_01bfb32c","01bfb32c","READ","false","true"
"FUN_012cf2e0","012cf2e0","012cf679","s_System\interface_person_01.wav_01ae83c0","01ae83c0","DATA","false","true"
"FUN_012cf2e0","012cf2e0","012cf683","DAT_01bfb32c","01bfb32c","READ","false","true"
"FUN_012cf2e0","012cf2e0","012cf689","s_System\interface_person_01.wav_01ae83c0","01ae83c0","DATA","false","true"
"FUN_012cf6a0","012cf6a0","012cf6a0","","Stack[0x4]","READ","false","true"
"FUN_012cf6a0","012cf6a0","012cf6a9","switchD_012cf6ab::default","012cf6d7","CONDITIONAL_JUMP","false","false"
"FUN_012cf6a0","012cf6a0","012cf6ab","switchD_012cf6ab::caseD_0","012cf6b2","COMPUTED_JUMP","false","false"
"FUN_012cf6a0","012cf6a0","012cf6ab","switchD_012cf6ab::caseD_1","012cf6b7","COMPUTED_JUMP","false","false"
"FUN_012cf6a0","012cf6a0","012cf6ab","switchD_012cf6ab::caseD_2","012cf6bf","COMPUTED_JUMP","false","false"
"FUN_012cf6a0","012cf6a0","012cf6ab","switchD_012cf6ab::caseD_3","012cf6c7","COMPUTED_JUMP","false","false"
"FUN_012cf6a0","012cf6a0","012cf6ab","switchD_012cf6ab::caseD_4","012cf6cf","COMPUTED_JUMP","false","false"
"FUN_012cf6a0","012cf6a0","012cf6ab","switchD_012cf6ab::switchdataD_012cf6e0","012cf6e0","DATA","false","true"
"FUN_012cf700","012cf700","012cf709","DAT_01bbb1c0","01bbb1c0","READ","false","true"
"FUN_012cf700","012cf700","012cf710","","Stack[-0xc]","WRITE","false","true"
"FUN_012cf700","012cf700","012cf719","DAT_01bfb2b4","01bfb2b4","READ","false","true"
"FUN_012cf700","012cf700","012cf731","LAB_012cf741","012cf741","CONDITIONAL_JUMP","false","false"
"FUN_012cf700","012cf700","012cf73c","FUN_00f70840","00f70840","UNCONDITIONAL_CALL","true","false"
"FUN_012cf700","012cf700","012cf748","LAB_012cf758","012cf758","CONDITIONAL_JUMP","false","false"
"FUN_012cf700","012cf700","012cf753","FUN_00f70840","00f70840","UNCONDITIONAL_CALL","true","false"
"FUN_012cf700","012cf700","012cf760","LAB_012cf7ad","012cf7ad","CONDITIONAL_JUMP","false","false"
"FUN_012cf700","012cf700","012cf76b","","Stack[-0x64]","DATA","false","true"
"FUN_012cf700","012cf700","012cf771","","Stack[-0x60]","WRITE","false","true"
"FUN_012cf700","012cf700","012cf778","","Stack[-0x5c]","WRITE","false","true"
"FUN_012cf700","012cf700","012cf77f","","Stack[-0x58]","WRITE","false","true"
"FUN_012cf700","012cf700","012cf786","","Stack[-0x54]","WRITE","false","true"
"FUN_012cf700","012cf700","012cf78d","","Stack[-0x50]","WRITE","false","true"
"FUN_012cf700","012cf700","012cf794","","Stack[-0x4c]","WRITE","false","true"
"FUN_012cf700","012cf700","012cf79b","FUN_00f65090","00f65090","UNCONDITIONAL_CALL","true","false"
"FUN_012cf700","012cf700","012cf7a2","FUN_013f3620","013f3620","UNCONDITIONAL_CALL","true","false"
"FUN_012cf700","012cf700","012cf7a7","DAT_01bfb2b4","01bfb2b4","READ","false","true"
"FUN_012cf700","012cf700","012cf7b5","LAB_012cf7bb","012cf7bb","CONDITIONAL_JUMP","false","false"
"FUN_012cf700","012cf700","012cf7b9","LAB_012cf7bd","012cf7bd","UNCONDITIONAL_JUMP","false","false"
"FUN_012cf700","012cf700","012cf7c6","","Stack[-0x10]","WRITE","false","true"
"FUN_012cf700","012cf700","012cf7ca","","Stack[-0x18]","WRITE","false","true"
"FUN_012cf700","012cf700","012cf7d2","LAB_012cf815","012cf815","CONDITIONAL_JUMP","false","false"
"FUN_012cf700","012cf700","012cf7d4","","Stack[-0x10]","DATA","false","true"
"FUN_012cf700","012cf700","012cf7d9","FUN_015db910","015db910","UNCONDITIONAL_CALL","true","false"
"FUN_012cf700","012cf700","012cf7e0","LAB_012cf80f","012cf80f","CONDITIONAL_JUMP","false","false"
"FUN_012cf700","012cf700","012cf7ea","LAB_012cf80f","012cf80f","CONDITIONAL_JUMP","false","false"
"FUN_012cf700","012cf700","012cf7f9","","Stack[-0x38]","DATA","false","true"
"FUN_012cf700","012cf700","012cf7fe","","Stack[-0x38]","WRITE","false","true"
"FUN_012cf700","012cf700","012cf802","FUN_0161e6e0","0161e6e0","UNCONDITIONAL_CALL","true","false"
"FUN_012cf700","012cf700","012cf807","","Stack[-0x18]","WRITE","false","true"
"FUN_012cf700","012cf700","012cf80b","","Stack[-0x14]","WRITE","false","true"
"FUN_012cf700","012cf700","012cf80f","DAT_01bfb2b4","01bfb2b4","READ","false","true"
"FUN_012cf700","012cf700","012cf817","LAB_012cf834","012cf834","CONDITIONAL_JUMP","false","false"
"FUN_012cf700","012cf700","012cf81c","LAB_012cf836","012cf836","CONDITIONAL_JUMP","false","false"
"FUN_012cf700","012cf700","012cf81e","","Stack[-0x14]","READ","false","true"
"FUN_012cf700","012cf700","012cf822","","Stack[-0x34]","DATA","false","true"
"FUN_012cf700","012cf700","012cf828","","Stack[-0x18]","READ","false","true"
"FUN_012cf700","012cf700","012cf82d","FUN_00f61da0","00f61da0","UNCONDITIONAL_CALL","true","false"
"FUN_012cf700","012cf700","012cf832","LAB_012cf836","012cf836","UNCONDITIONAL_JUMP","false","false"
"FUN_012cf700","012cf700","012cf836","","Stack[-0x14]","READ","false","true"
"FUN_012cf700","012cf700","012cf83b","LAB_012cf844","012cf844","CONDITIONAL_JUMP","false","false"
"FUN_012cf700","012cf700","012cf83d","","Stack[-0x18]","READ","false","true"
"FUN_012cf700","012cf700","012cf842","LAB_012cf859","012cf859","CONDITIONAL_JUMP","false","false"
"FUN_012cf700","012cf700","012cf844","DAT_01bfe464","01bfe464","READ","false","true"
"FUN_012cf700","012cf700","012cf84a","","Stack[-0x18]","DATA","false","true"
"FUN_012cf700","012cf700","012cf854","FUN_014414a0","014414a0","UNCONDITIONAL_CALL","true","false"
"FUN_012cf700","012cf700","012cf85b","LAB_012cf8a5","012cf8a5","CONDITIONAL_JUMP","false","false"
"FUN_012cf700","012cf700","012cf868","LAB_012cf874","012cf874","CONDITIONAL_JUMP","false","false"
"FUN_012cf700","012cf700","012cf872","LAB_012cf876","012cf876","UNCONDITIONAL_JUMP","false","false"
"FUN_012cf700","012cf700","012cf87e","LAB_012cf8ab","012cf8ab","CONDITIONAL_JUMP","false","false"
"FUN_012cf700","012cf700","012cf896","LAB_012cf8ab","012cf8ab","CONDITIONAL_JUMP","false","false"
"FUN_012cf700","012cf700","012cf89d","VCRUNTIME140.DLL::memset","01831f34","UNCONDITIONAL_CALL","true","false"
"FUN_012cf700","012cf700","012cf8c6","LAB_012cf902","012cf902","CONDITIONAL_JUMP","false","false"
"FUN_012cf700","012cf700","012cf8ca","LAB_012cf902","012cf902","CONDITIONAL_JUMP","false","false"
"FUN_012cf700","012cf700","012cf8d1","LAB_012cf8dd","012cf8dd","CONDITIONAL_JUMP","false","false"
"FUN_012cf700","012cf700","012cf8db","LAB_012cf8df","012cf8df","UNCONDITIONAL_JUMP","false","false"
"FUN_012cf700","012cf700","012cf8e1","LAB_012cf902","012cf902","CONDITIONAL_JUMP","false","false"
"FUN_012cf700","012cf700","012cf8f3","LAB_012cf902","012cf902","CONDITIONAL_JUMP","false","false"
"FUN_012cf700","012cf700","012cf8fa","VCRUNTIME140.DLL::memset","01831f34","UNCONDITIONAL_CALL","true","false"
"FUN_012cf700","012cf700","012cf918","FUN_012ce6a0","012ce6a0","UNCONDITIONAL_CALL","true","false"
"FUN_012cf700","012cf700","012cf91d","","Stack[-0xc]","READ","false","true"
"FUN_012cf700","012cf700","012cf926","__security_check_cookie","0179869b","UNCONDITIONAL_CALL","true","false"
"FUN_012cf930","012cf930","012cf935","LAB_0196707d","0196707d","DATA","false","true"
"FUN_012cf930","012cf930","012cf93a","ExceptionList","ffdff000","READ","false","true"
"FUN_012cf930","012cf930","012cf944","DAT_01bbb1c0","01bbb1c0","READ","false","true"
"FUN_012cf930","012cf930","012cf94b","","Stack[-0x14]","WRITE","false","true"
"FUN_012cf930","012cf930","012cf950","","Stack[-0x10]","DATA","false","true"
"FUN_012cf930","012cf930","012cf953","ExceptionList","ffdff000","WRITE","false","true"
"FUN_012cf930","012cf930","012cf964","LAB_012cf982","012cf982","CONDITIONAL_JUMP","false","false"
"FUN_012cf930","012cf930","012cf975","FUN_013bdff0","013bdff0","UNCONDITIONAL_CALL","true","false"
"FUN_012cf930","012cf930","012cf97d","LAB_012cfa64","012cfa64","UNCONDITIONAL_JUMP","false","false"
"FUN_012cf930","012cf930","012cf98b","LAB_012cf9b4","012cf9b4","CONDITIONAL_JUMP","false","false"
"FUN_012cf930","012cf930","012cf98d","switchD_012cf98d::caseD_0","012cf994","COMPUTED_JUMP","false","false"
"FUN_012cf930","012cf930","012cf98d","switchD_012cf98d::caseD_1","012cf998","COMPUTED_JUMP","false","false"
"FUN_012cf930","012cf930","012cf98d","switchD_012cf98d::caseD_2","012cf99f","COMPUTED_JUMP","false","false"
"FUN_012cf930","012cf930","012cf98d","switchD_012cf98d::caseD_3","012cf9a6","COMPUTED_JUMP","false","false"
"FUN_012cf930","012cf930","012cf98d","switchD_012cf98d::caseD_4","012cf9ad","COMPUTED_JUMP","false","false"
"FUN_012cf930","012cf930","012cf98d","switchD_012cf98d::switchdataD_012cfa80","012cfa80","DATA","false","true"
"FUN_012cf930","012cf930","012cf996","switchD_012cf98d::default","012cf9b7","UNCONDITIONAL_JUMP","false","false"
"FUN_012cf930","012cf930","012cf99d","switchD_012cf98d::default","012cf9b7","UNCONDITIONAL_JUMP","false","false"
"FUN_012cf930","012cf930","012cf9a4","switchD_012cf98d::default","012cf9b7","UNCONDITIONAL_JUMP","false","false"
"FUN_012cf930","012cf930","012cf9ab","switchD_012cf98d::default","012cf9b7","UNCONDITIONAL_JUMP","false","false"
"FUN_012cf930","012cf930","012cf9b2","switchD_012cf98d::default","012cf9b7","UNCONDITIONAL_JUMP","false","false"
"FUN_012cf930","012cf930","012cf9b4","","Stack[-0x40]","READ","false","true"
"FUN_012cf930","012cf930","012cf9b9","LAB_012cfa64","012cfa64","CONDITIONAL_JUMP","false","false"
"FUN_012cf930","012cf930","012cf9ca","","Stack[-0x1c]","WRITE","false","true"
"FUN_012cf930","012cf930","012cf9cf","","Stack[-0x3c]","DATA","false","true"
"FUN_012cf930","012cf930","012cf9d2","","Stack[-0x40]","WRITE","false","true"
"FUN_012cf930","012cf930","012cf9d5","","Stack[-0x3c]","WRITE","false","true"
"FUN_012cf930","012cf930","012cf9d9","","Stack[-0x2c]","WRITE","false","true"
"FUN_012cf930","012cf930","012cf9dd","FUN_014f08d0","014f08d0","UNCONDITIONAL_CALL","true","false"
"FUN_012cf930","012cf930","012cf9ec","","Stack[-0x3c]","DATA","false","true"
"FUN_012cf930","012cf930","012cf9ef","","Stack[-0x8]","WRITE","false","true"
"FUN_012cf930","012cf930","012cf9f6","FUN_014f0c50","014f0c50","UNCONDITIONAL_CALL","true","false"
"FUN_012cf930","012cf930","012cf9fd","","Stack[-0x40]","DATA","false","true"
"FUN_012cf930","012cf930","012cfa01","","Stack[-0x3c]","DATA","false","true"
"FUN_012cf930","012cf930","012cfa04","FUN_00f26b60","00f26b60","UNCONDITIONAL_CALL","true","false"
"FUN_012cf930","012cf930","012cfa12","","Stack[-0x3c]","DATA","false","true"
"FUN_012cf930","012cf930","012cfa15","FUN_00f26b60","00f26b60","UNCONDITIONAL_CALL","true","false"
"FUN_012cf930","012cf930","012cfa1f","","Stack[-0x3c]","DATA","false","true"
"FUN_012cf930","012cf930","012cfa22","FUN_014f0ab0","014f0ab0","UNCONDITIONAL_CALL","true","false"
"FUN_012cf930","012cf930","012cfa27","DAT_01bfe460","01bfe460","READ","false","true"
"FUN_012cf930","012cf930","012cfa30","LAB_012cfa58","012cfa58","CONDITIONAL_JUMP","false","false"
"FUN_012cf930","012cf930","012cfa39","LAB_012cfa58","012cfa58","CONDITIONAL_JUMP","false","false"
"FUN_012cf930","012cf930","012cfa42","LAB_012cfa58","012cfa58","CONDITIONAL_JUMP","false","false"
"FUN_012cf930","012cf930","012cfa4b","LAB_012cfa58","012cfa58","CONDITIONAL_JUMP","false","false"
"FUN_012cf930","012cf930","012cfa4f","","Stack[-0x3c]","DATA","false","true"
"FUN_012cf930","012cf930","012cfa53","FUN_014e3b80","014e3b80","UNCONDITIONAL_CALL","true","false"
"FUN_012cf930","012cf930","012cfa58","","Stack[-0x3c]","DATA","false","true"
"FUN_012cf930","012cf930","012cfa5b","FUN_00f26790","00f26790","UNCONDITIONAL_CALL","true","false"
"FUN_012cf930","012cf930","012cfa64","","Stack[-0x10]","READ","false","true"
"FUN_012cf930","012cf930","012cfa67","ExceptionList","ffdff000","WRITE","false","true"
"FUN_012cf930","012cf930","012cfa70","","Stack[-0x14]","READ","false","true"
"FUN_012cf930","012cf930","012cfa75","__security_check_cookie","0179869b","UNCONDITIONAL_CALL","true","false"
"FUN_012cfb00","012cfb00","012cfb01","","Stack[0x4]","READ","false","true"
"FUN_012cfb00","012cfb00","012cfb07","","Stack[0x8]","READ","false","true"
"FUN_012cfb00","012cfb00","012cfb24","LAB_012cfb31","012cfb31","CONDITIONAL_JUMP","false","false"
"FUN_012cfb00","012cfb00","012cfb2b","","Stack[0x4]","WRITE","false","true"
"FUN_012cfb00","012cfb00","012cfb2f","LAB_012cfb35","012cfb35","UNCONDITIONAL_JUMP","false","false"
"FUN_012cfb00","012cfb00","012cfb31","","Stack[0x4]","WRITE","false","true"
"FUN_012cfb00","012cfb00","012cfb3a","s_State_AT_01ad1294","01ad1294","DATA","false","true"
"FUN_012cfb00","012cfb00","012cfb3f","FUN_0105ff70","0105ff70","UNCONDITIONAL_CALL","true","false"
"FUN_012cfb00","012cfb00","012cfb49","LAB_012cfb6b","012cfb6b","CONDITIONAL_JUMP","false","false"
"FUN_012cfb00","012cfb00","012cfb71","LAB_012cfb79","012cfb79","CONDITIONAL_JUMP","false","false"
"FUN_012cfb00","012cfb00","012cfb75","","Stack[0x4]","READ","false","true"
"FUN_012cfb00","012cfb00","012cfb7e","s_State_BL_01ad12a0","01ad12a0","DATA","false","true"
"FUN_012cfb00","012cfb00","012cfb83","FUN_0105ff70","0105ff70","UNCONDITIONAL_CALL","true","false"
"FUN_012cfb00","012cfb00","012cfb8d","LAB_012cfbaf","012cfbaf","CONDITIONAL_JUMP","false","false"
"FUN_012cfb00","012cfb00","012cfbb5","LAB_012cfbc2","012cfbc2","CONDITIONAL_JUMP","false","false"
"FUN_012cfb00","012cfb00","012cfbbc","","Stack[0x4]","WRITE","false","true"
"FUN_012cfb00","012cfb00","012cfbc0","LAB_012cfbc6","012cfbc6","UNCONDITIONAL_JUMP","false","false"
"FUN_012cfb00","012cfb00","012cfbc2","","Stack[0x4]","WRITE","false","true"
"FUN_012cfb00","012cfb00","012cfbcb","s_State_BL_01ad12a0","01ad12a0","DATA","false","true"
"FUN_012cfb00","012cfb00","012cfbd0","FUN_0105ff70","0105ff70","UNCONDITIONAL_CALL","true","false"
"FUN_012cfb00","012cfb00","012cfbda","LAB_012cfbfc","012cfbfc","CONDITIONAL_JUMP","false","false"
"FUN_012cfb00","012cfb00","012cfc03","LAB_012cfc07","012cfc07","CONDITIONAL_JUMP","false","false"
"FUN_012cfb00","012cfb00","012cfc09","s_State_BL_01ad12a0","01ad12a0","DATA","false","true"
"FUN_012cfb00","012cfb00","012cfc10","FUN_0105ff70","0105ff70","UNCONDITIONAL_CALL","true","false"
"FUN_012cfb00","012cfb00","012cfc1a","LAB_012cfc36","012cfc36","CONDITIONAL_JUMP","false","false"
"FUN_012cfb00","012cfb00","012cfc30","","Stack[0x4]","READ","false","true"
"FUN_012cfc40","012cfc40","012cfc4d","","Stack[0x0]","READ","false","true"
"FUN_012cfc40","012cfc40","012cfc50","","Stack[-0xc]","WRITE","false","true"
"FUN_012cfc40","012cfc40","012cfc58","LAB_019a1c05","019a1c05","DATA","false","true"
"FUN_012cfc40","012cfc40","012cfc5d","ExceptionList","ffdff000","READ","false","true"
"FUN_012cfc40","012cfc40","012cfc68","DAT_01bbb1c0","01bbb1c0","READ","false","true"
"FUN_012cfc40","012cfc40","012cfc6f","","Stack[-0x24]","WRITE","false","true"
"FUN_012cfc40","012cfc40","012cfc75","","Stack[-0x1c]","DATA","false","true"
"FUN_012cfc40","012cfc40","012cfc78","ExceptionList","ffdff000","WRITE","false","true"
"FUN_012cfc40","012cfc40","012cfc80","DAT_01bfb2a8","01bfb2a8","READ","false","true"
"FUN_012cfc40","012cfc40","012cfc87","switchD_012d0165::default","012d01a2","CONDITIONAL_JUMP","false","false"
"FUN_012cfc40","012cfc40","012cfc92","switchD_012d0165::default","012d01a2","CONDITIONAL_JUMP","false","false"
"FUN_012cfc40","012cfc40","012cfc9e","","Stack[-0x5c]","WRITE","false","true"
"FUN_012cfc40","012cfc40","012cfca3","switchD_012d0165::default","012d01a2","CONDITIONAL_JUMP","false","false"
"FUN_012cfc40","012cfc40","012cfcb1","switchD_012d0165::default","012d01a2","CONDITIONAL_JUMP","false","false"
"FUN_012cfc40","012cfc40","012cfcbf","switchD_012d0165::default","012d01a2","CONDITIONAL_JUMP","false","false"
"FUN_012cfc40","012cfc40","012cfcc7","","Stack[-0x60]","WRITE","false","true"
"FUN_012cfc40","012cfc40","012cfcca","","Stack[-0x60]","DATA","false","true"
"FUN_012cfc40","012cfc40","012cfcce","FUN_015db910","015db910","UNCONDITIONAL_CALL","true","false"
"FUN_012cfc40","012cfc40","012cfcd5","switchD_012d0165::default","012d01a2","CONDITIONAL_JUMP","false","false"
"FUN_012cfc40","012cfc40","012cfce0","LAB_012d015a","012d015a","CONDITIONAL_JUMP","false","false"
"FUN_012cfc40","012cfc40","012cfce6","DAT_01bfb258","01bfb258","READ","false","true"
"FUN_012cfc40","012cfc40","012cfcf6","","Stack[-0x94]","DATA","false","true"
"FUN_012cfc40","012cfc40","012cfcf9","s_ENCHANTTACTICS_ENCHANT_LEVEL_01aebd1c","01aebd1c","DATA","false","true"
"FUN_012cfc40","012cfc40","012cfcfe","","Stack[-0x84]","WRITE","false","true"
"FUN_012cfc40","012cfc40","012cfd05","","Stack[-0x80]","WRITE","false","true"
"FUN_012cfc40","012cfc40","012cfd0c","FUN_00f19cc0","00f19cc0","UNCONDITIONAL_CALL","true","false"
"FUN_012cfc40","012cfc40","012cfd11","","Stack[-0x3c]","DATA","false","true"
"FUN_012cfc40","012cfc40","012cfd17","FUN_015ce480","015ce480","UNCONDITIONAL_CALL","true","false"
"FUN_012cfc40","012cfc40","012cfd1c","","Stack[-0x14]","WRITE","false","true"
"FUN_012cfc40","012cfc40","012cfd28","","Stack[-0x44]","WRITE","false","true"
"FUN_012cfc40","012cfc40","012cfd2f","","Stack[-0x54]","WRITE","false","true"
"FUN_012cfc40","012cfc40","012cfd33","","Stack[-0x40]","WRITE","false","true"
"FUN_012cfc40","012cfc40","012cfd3a","","Stack[-0x54]","WRITE","false","true"
"FUN_012cfc40","012cfc40","012cfd3e","","Stack[-0x14]","WRITE","false","true"
"FUN_012cfc40","012cfc40","012cfd4b","switchD_012cfd51::default","012d0148","CONDITIONAL_JUMP","false","false"
"FUN_012cfc40","012cfc40","012cfd51","switchD_012cfd51::caseD_0","012cfd58","COMPUTED_JUMP","false","false"
"FUN_012cfc40","012cfc40","012cfd51","switchD_012cfd51::caseD_1","012cfe1d","COMPUTED_JUMP","false","false"
"FUN_012cfc40","012cfc40","012cfd51","switchD_012cfd51::caseD_2","012cfee2","COMPUTED_JUMP","false","false"
"FUN_012cfc40","012cfc40","012cfd51","switchD_012cfd51::caseD_3","012cffa7","COMPUTED_JUMP","false","false"
"FUN_012cfc40","012cfc40","012cfd51","switchD_012cfd51::caseD_4","012d006c","COMPUTED_JUMP","false","false"
"FUN_012cfc40","012cfc40","012cfd51","switchD_012cfd51::switchdataD_012d01c0","012d01c0","DATA","false","true"
"FUN_012cfc40","012cfc40","012cfd58","","Stack[-0x28]","READ","false","true"
"FUN_012cfc40","012cfc40","012cfd5c","","Stack[-0x3c]","DATA","false","true"
"FUN_012cfc40","012cfc40","012cfd5f","","Stack[-0x5c]","READ","false","true"
"FUN_012cfc40","012cfc40","012cfd62","","Stack[-0x3c]","DATA","false","true"
"FUN_012cfc40","012cfc40","012cfd66","","Stack[-0x64]","WRITE","false","true"
"FUN_012cfc40","012cfc40","012cfd69","","Stack[-0x60]","DATA","false","true"
"FUN_012cfc40","012cfc40","012cfd6d","","Stack[-0x70]","DATA","false","true"
"FUN_012cfc40","012cfc40","012cfd70","","Stack[-0x60]","WRITE","false","true"
"FUN_012cfc40","012cfc40","012cfd7b","FUN_00f1d720","00f1d720","UNCONDITIONAL_CALL","true","false"
"FUN_012cfc40","012cfc40","012cfd80","","Stack[-0x68]","READ","false","true"
"FUN_012cfc40","012cfc40","012cfd87","LAB_012cfd8f","012cfd8f","CONDITIONAL_JUMP","false","false"
"FUN_012cfc40","012cfc40","012cfd8d","LAB_012cfd92","012cfd92","CONDITIONAL_JUMP","false","false"
"FUN_012cfc40","012cfc40","012cfda1","LAB_012cfda7","012cfda7","CONDITIONAL_JUMP","false","false"
"FUN_012cfc40","012cfc40","012cfda5","LAB_012cfda9","012cfda9","UNCONDITIONAL_JUMP","false","false"
"FUN_012cfc40","012cfc40","012cfdaa","","Stack[-0x60]","WRITE","false","true"
"FUN_012cfc40","012cfc40","012cfdb1","","Stack[-0x28]","READ","false","true"
"FUN_012cfc40","012cfc40","012cfdb8","","Stack[-0x5c]","WRITE","false","true"
"FUN_012cfc40","012cfc40","012cfdbb","","Stack[-0x3c]","DATA","false","true"
"FUN_012cfc40","012cfc40","012cfdbe","","Stack[-0x3c]","DATA","false","true"
"FUN_012cfc40","012cfc40","012cfdc2","","Stack[-0x58]","WRITE","false","true"
"FUN_012cfc40","012cfc40","012cfdc5","","Stack[-0x60]","DATA","false","true"
"FUN_012cfc40","012cfc40","012cfdc9","","Stack[-0x70]","DATA","false","true"
"FUN_012cfc40","012cfc40","012cfdcd","FUN_00f1d720","00f1d720","UNCONDITIONAL_CALL","true","false"
"FUN_012cfc40","012cfc40","012cfdd2","","Stack[-0x68]","READ","false","true"
"FUN_012cfc40","012cfc40","012cfdd9","LAB_012cfde1","012cfde1","CONDITIONAL_JUMP","false","false"
"FUN_012cfc40","012cfc40","012cfddf","LAB_012cfde3","012cfde3","CONDITIONAL_JUMP","false","false"
"FUN_012cfc40","012cfc40","012cfdef","LAB_012cfe07","012cfe07","CONDITIONAL_JUMP","false","false"
"FUN_012cfc40","012cfc40","012cfdf1","","Stack[-0x64]","READ","false","true"
"FUN_012cfc40","012cfc40","012cfdf6","","Stack[-0x5c]","READ","false","true"
"FUN_012cfc40","012cfc40","012cfdf9","","Stack[-0x58]","READ","false","true"
"FUN_012cfc40","012cfc40","012cfdfd","DAT_01add8a0","01add8a0","DATA","false","true"
"FUN_012cfc40","012cfc40","012cfe02","LAB_012d011a","012d011a","UNCONDITIONAL_JUMP","false","false"
"FUN_012cfc40","012cfc40","012cfe07","","Stack[-0x64]","READ","false","true"
"FUN_012cfc40","012cfc40","012cfe0c","","Stack[-0x5c]","READ","false","true"
"FUN_012cfc40","012cfc40","012cfe0f","","Stack[-0x58]","READ","false","true"
"FUN_012cfc40","012cfc40","012cfe13","DAT_01add8a0","01add8a0","DATA","false","true"
"FUN_012cfc40","012cfc40","012cfe18","LAB_012d011a","012d011a","UNCONDITIONAL_JUMP","false","false"
"FUN_012cfc40","012cfc40","012cfe1d","","Stack[-0x28]","READ","false","true"
"FUN_012cfc40","012cfc40","012cfe21","","Stack[-0x3c]","DATA","false","true"
"FUN_012cfc40","012cfc40","012cfe24","","Stack[-0x5c]","READ","false","true"
"FUN_012cfc40","012cfc40","012cfe27","","Stack[-0x3c]","DATA","false","true"
"FUN_012cfc40","012cfc40","012cfe2b","","Stack[-0x64]","WRITE","false","true"
"FUN_012cfc40","012cfc40","012cfe2e","","Stack[-0x58]","DATA","false","true"
"FUN_012cfc40","012cfc40","012cfe32","","Stack[-0x70]","DATA","false","true"
"FUN_012cfc40","012cfc40","012cfe35","","Stack[-0x58]","WRITE","false","true"
"FUN_012cfc40","012cfc40","012cfe40","FUN_00f1d720","00f1d720","UNCONDITIONAL_CALL","true","false"
"FUN_012cfc40","012cfc40","012cfe45","","Stack[-0x68]","READ","false","true"
"FUN_012cfc40","012cfc40","012cfe4c","LAB_012cfe54","012cfe54","CONDITIONAL_JUMP","false","false"
"FUN_012cfc40","012cfc40","012cfe52","LAB_012cfe57","012cfe57","CONDITIONAL_JUMP","false","false"
"FUN_012cfc40","012cfc40","012cfe66","LAB_012cfe6c","012cfe6c","CONDITIONAL_JUMP","false","false"
"FUN_012cfc40","012cfc40","012cfe6a","LAB_012cfe6e","012cfe6e","UNCONDITIONAL_JUMP","false","false"
"FUN_012cfc40","012cfc40","012cfe6f","","Stack[-0x58]","WRITE","false","true"
"FUN_012cfc40","012cfc40","012cfe76","","Stack[-0x28]","READ","false","true"
"FUN_012cfc40","012cfc40","012cfe7d","","Stack[-0x60]","WRITE","false","true"
"FUN_012cfc40","012cfc40","012cfe80","","Stack[-0x3c]","DATA","false","true"
"FUN_012cfc40","012cfc40","012cfe83","","Stack[-0x3c]","DATA","false","true"
"FUN_012cfc40","012cfc40","012cfe87","","Stack[-0x5c]","WRITE","false","true"
"FUN_012cfc40","012cfc40","012cfe8a","","Stack[-0x58]","DATA","false","true"
"FUN_012cfc40","012cfc40","012cfe8e","","Stack[-0x70]","DATA","false","true"
"FUN_012cfc40","012cfc40","012cfe92","FUN_00f1d720","00f1d720","UNCONDITIONAL_CALL","true","false"
"FUN_012cfc40","012cfc40","012cfe97","","Stack[-0x68]","READ","false","true"
"FUN_012cfc40","012cfc40","012cfe9e","LAB_012cfea6","012cfea6","CONDITIONAL_JUMP","false","false"
"FUN_012cfc40","012cfc40","012cfea4","LAB_012cfea8","012cfea8","CONDITIONAL_JUMP","false","false"
"FUN_012cfc40","012cfc40","012cfeb4","LAB_012cfecc","012cfecc","CONDITIONAL_JUMP","false","false"
"FUN_012cfc40","012cfc40","012cfeb6","","Stack[-0x64]","READ","false","true"
"FUN_012cfc40","012cfc40","012cfebb","","Stack[-0x60]","READ","false","true"
"FUN_012cfc40","012cfc40","012cfebe","","Stack[-0x5c]","READ","false","true"
"FUN_012cfc40","012cfc40","012cfec2","DAT_01add8c4","01add8c4","DATA","false","true"
"FUN_012cfc40","012cfc40","012cfec7","LAB_012d011a","012d011a","UNCONDITIONAL_JUMP","false","false"
"FUN_012cfc40","012cfc40","012cfecc","","Stack[-0x64]","READ","false","true"
"FUN_012cfc40","012cfc40","012cfed1","","Stack[-0x60]","READ","false","true"
"FUN_012cfc40","012cfc40","012cfed4","","Stack[-0x5c]","READ","false","true"
"FUN_012cfc40","012cfc40","012cfed8","DAT_01add8c4","01add8c4","DATA","false","true"
"FUN_012cfc40","012cfc40","012cfedd","LAB_012d011a","012d011a","UNCONDITIONAL_JUMP","false","false"
"FUN_012cfc40","012cfc40","012cfee2","","Stack[-0x28]","READ","false","true"
"FUN_012cfc40","012cfc40","012cfee6","","Stack[-0x3c]","DATA","false","true"
"FUN_012cfc40","012cfc40","012cfee9","","Stack[-0x5c]","READ","false","true"
"FUN_012cfc40","012cfc40","012cfeec","","Stack[-0x3c]","DATA","false","true"
"FUN_012cfc40","012cfc40","012cfef0","","Stack[-0x64]","WRITE","false","true"
"FUN_012cfc40","012cfc40","012cfef3","","Stack[-0x58]","DATA","false","true"
"FUN_012cfc40","012cfc40","012cfef7","","Stack[-0x70]","DATA","false","true"
"FUN_012cfc40","012cfc40","012cfefa","","Stack[-0x58]","WRITE","false","true"
"FUN_012cfc40","012cfc40","012cff05","FUN_00f1d720","00f1d720","UNCONDITIONAL_CALL","true","false"
"FUN_012cfc40","012cfc40","012cff0a","","Stack[-0x68]","READ","false","true"
"FUN_012cfc40","012cfc40","012cff11","LAB_012cff19","012cff19","CONDITIONAL_JUMP","false","false"
"FUN_012cfc40","012cfc40","012cff17","LAB_012cff1c","012cff1c","CONDITIONAL_JUMP","false","false"
"FUN_012cfc40","012cfc40","012cff2b","LAB_012cff31","012cff31","CONDITIONAL_JUMP","false","false"
"FUN_012cfc40","012cfc40","012cff2f","LAB_012cff33","012cff33","UNCONDITIONAL_JUMP","false","false"
"FUN_012cfc40","012cfc40","012cff34","","Stack[-0x58]","WRITE","false","true"
"FUN_012cfc40","012cfc40","012cff3b","","Stack[-0x28]","READ","false","true"
"FUN_012cfc40","012cfc40","012cff42","","Stack[-0x60]","WRITE","false","true"
"FUN_012cfc40","012cfc40","012cff45","","Stack[-0x3c]","DATA","false","true"
"FUN_012cfc40","012cfc40","012cff48","","Stack[-0x3c]","DATA","false","true"
"FUN_012cfc40","012cfc40","012cff4c","","Stack[-0x5c]","WRITE","false","true"
"FUN_012cfc40","012cfc40","012cff4f","","Stack[-0x58]","DATA","false","true"
"FUN_012cfc40","012cfc40","012cff53","","Stack[-0x70]","DATA","false","true"
"FUN_012cfc40","012cfc40","012cff57","FUN_00f1d720","00f1d720","UNCONDITIONAL_CALL","true","false"
"FUN_012cfc40","012cfc40","012cff5c","","Stack[-0x68]","READ","false","true"
"FUN_012cfc40","012cfc40","012cff63","LAB_012cff6b","012cff6b","CONDITIONAL_JUMP","false","false"
"FUN_012cfc40","012cfc40","012cff69","LAB_012cff6d","012cff6d","CONDITIONAL_JUMP","false","false"
"FUN_012cfc40","012cfc40","012cff79","LAB_012cff91","012cff91","CONDITIONAL_JUMP","false","false"
"FUN_012cfc40","012cfc40","012cff7b","","Stack[-0x64]","READ","false","true"
"FUN_012cfc40","012cfc40","012cff80","","Stack[-0x60]","READ","false","true"
"FUN_012cfc40","012cfc40","012cff83","","Stack[-0x5c]","READ","false","true"
"FUN_012cfc40","012cfc40","012cff87","DAT_01add8b4","01add8b4","DATA","false","true"
"FUN_012cfc40","012cfc40","012cff8c","LAB_012d011a","012d011a","UNCONDITIONAL_JUMP","false","false"
"FUN_012cfc40","012cfc40","012cff91","","Stack[-0x64]","READ","false","true"
"FUN_012cfc40","012cfc40","012cff96","","Stack[-0x60]","READ","false","true"
"FUN_012cfc40","012cfc40","012cff99","","Stack[-0x5c]","READ","false","true"
"FUN_012cfc40","012cfc40","012cff9d","DAT_01add8b4","01add8b4","DATA","false","true"
"FUN_012cfc40","012cfc40","012cffa2","LAB_012d011a","012d011a","UNCONDITIONAL_JUMP","false","false"
"FUN_012cfc40","012cfc40","012cffa7","","Stack[-0x28]","READ","false","true"
"FUN_012cfc40","012cfc40","012cffab","","Stack[-0x3c]","DATA","false","true"
"FUN_012cfc40","012cfc40","012cffae","","Stack[-0x5c]","READ","false","true"
"FUN_012cfc40","012cfc40","012cffb1","","Stack[-0x3c]","DATA","false","true"
"FUN_012cfc40","012cfc40","012cffb5","","Stack[-0x64]","WRITE","false","true"
"FUN_012cfc40","012cfc40","012cffb8","","Stack[-0x58]","DATA","false","true"
"FUN_012cfc40","012cfc40","012cffbc","","Stack[-0x70]","DATA","false","true"
"FUN_012cfc40","012cfc40","012cffbf","","Stack[-0x58]","WRITE","false","true"
"FUN_012cfc40","012cfc40","012cffca","FUN_00f1d720","00f1d720","UNCONDITIONAL_CALL","true","false"
"FUN_012cfc40","012cfc40","012cffcf","","Stack[-0x68]","READ","false","true"
"FUN_012cfc40","012cfc40","012cffd6","LAB_012cffde","012cffde","CONDITIONAL_JUMP","false","false"
"FUN_012cfc40","012cfc40","012cffdc","LAB_012cffe1","012cffe1","CONDITIONAL_JUMP","false","false"
"FUN_012cfc40","012cfc40","012cfff0","LAB_012cfff6","012cfff6","CONDITIONAL_JUMP","false","false"
"FUN_012cfc40","012cfc40","012cfff4","LAB_012cfff8","012cfff8","UNCONDITIONAL_JUMP","false","false"
"FUN_012cfc40","012cfc40","012cfff9","","Stack[-0x58]","WRITE","false","true"
"FUN_012cfc40","012cfc40","012d0000","","Stack[-0x28]","READ","false","true"
"FUN_012cfc40","012cfc40","012d0007","","Stack[-0x60]","WRITE","false","true"
"FUN_012cfc40","012cfc40","012d000a","","Stack[-0x3c]","DATA","false","true"
"FUN_012cfc40","012cfc40","012d000d","","Stack[-0x3c]","DATA","false","true"
"FUN_012cfc40","012cfc40","012d0011","","Stack[-0x5c]","WRITE","false","true"
"FUN_012cfc40","012cfc40","012d0014","","Stack[-0x58]","DATA","false","true"
"FUN_012cfc40","012cfc40","012d0018","","Stack[-0x70]","DATA","false","true"
"FUN_012cfc40","012cfc40","012d001c","FUN_00f1d720","00f1d720","UNCONDITIONAL_CALL","true","false"
"FUN_012cfc40","012cfc40","012d0021","","Stack[-0x68]","READ","false","true"
"FUN_012cfc40","012cfc40","012d0028","LAB_012d0030","012d0030","CONDITIONAL_JUMP","false","false"
"FUN_012cfc40","012cfc40","012d002e","LAB_012d0032","012d0032","CONDITIONAL_JUMP","false","false"
"FUN_012cfc40","012cfc40","012d003e","LAB_012d0056","012d0056","CONDITIONAL_JUMP","false","false"
"FUN_012cfc40","012cfc40","012d0040","","Stack[-0x64]","READ","false","true"
"FUN_012cfc40","012cfc40","012d0045","","Stack[-0x60]","READ","false","true"
"FUN_012cfc40","012cfc40","012d0048","","Stack[-0x5c]","READ","false","true"
"FUN_012cfc40","012cfc40","012d004c","DAT_01add8bc","01add8bc","DATA","false","true"
"FUN_012cfc40","012cfc40","012d0051","LAB_012d011a","012d011a","UNCONDITIONAL_JUMP","false","false"
"FUN_012cfc40","012cfc40","012d0056","","Stack[-0x64]","READ","false","true"
"FUN_012cfc40","012cfc40","012d005b","","Stack[-0x60]","READ","false","true"
"FUN_012cfc40","012cfc40","012d005e","","Stack[-0x5c]","READ","false","true"
"FUN_012cfc40","012cfc40","012d0062","DAT_01add8bc","01add8bc","DATA","false","true"
"FUN_012cfc40","012cfc40","012d0067","LAB_012d011a","012d011a","UNCONDITIONAL_JUMP","false","false"
"FUN_012cfc40","012cfc40","012d006c","","Stack[-0x28]","READ","false","true"
"FUN_012cfc40","012cfc40","012d0070","","Stack[-0x3c]","DATA","false","true"
"FUN_012cfc40","012cfc40","012d0073","","Stack[-0x5c]","READ","false","true"
"FUN_012cfc40","012cfc40","012d0076","","Stack[-0x3c]","DATA","false","true"
"FUN_012cfc40","012cfc40","012d007a","","Stack[-0x64]","WRITE","false","true"
"FUN_012cfc40","012cfc40","012d007d","","Stack[-0x58]","DATA","false","true"
"FUN_012cfc40","012cfc40","012d0081","","Stack[-0x70]","DATA","false","true"
"FUN_012cfc40","012cfc40","012d0084","","Stack[-0x58]","WRITE","false","true"
"FUN_012cfc40","012cfc40","012d008f","FUN_00f1d720","00f1d720","UNCONDITIONAL_CALL","true","false"
"FUN_012cfc40","012cfc40","012d0094","","Stack[-0x68]","READ","false","true"
"FUN_012cfc40","012cfc40","012d009b","LAB_012d00a3","012d00a3","CONDITIONAL_JUMP","false","false"
"FUN_012cfc40","012cfc40","012d00a1","LAB_012d00a6","012d00a6","CONDITIONAL_JUMP","false","false"
"FUN_012cfc40","012cfc40","012d00b5","LAB_012d00bb","012d00bb","CONDITIONAL_JUMP","false","false"
"FUN_012cfc40","012cfc40","012d00b9","LAB_012d00bd","012d00bd","UNCONDITIONAL_JUMP","false","false"
"FUN_012cfc40","012cfc40","012d00be","","Stack[-0x58]","WRITE","false","true"
"FUN_012cfc40","012cfc40","012d00c5","","Stack[-0x28]","READ","false","true"
"FUN_012cfc40","012cfc40","012d00cc","","Stack[-0x60]","WRITE","false","true"
"FUN_012cfc40","012cfc40","012d00cf","","Stack[-0x3c]","DATA","false","true"
"FUN_012cfc40","012cfc40","012d00d2","","Stack[-0x3c]","DATA","false","true"
"FUN_012cfc40","012cfc40","012d00d6","","Stack[-0x5c]","WRITE","false","true"
"FUN_012cfc40","012cfc40","012d00d9","","Stack[-0x58]","DATA","false","true"
"FUN_012cfc40","012cfc40","012d00dd","","Stack[-0x70]","DATA","false","true"
"FUN_012cfc40","012cfc40","012d00e1","FUN_00f1d720","00f1d720","UNCONDITIONAL_CALL","true","false"
"FUN_012cfc40","012cfc40","012d00e6","","Stack[-0x68]","READ","false","true"
"FUN_012cfc40","012cfc40","012d00ed","LAB_012d00f5","012d00f5","CONDITIONAL_JUMP","false","false"
"FUN_012cfc40","012cfc40","012d00f3","LAB_012d00f7","012d00f7","CONDITIONAL_JUMP","false","false"
"FUN_012cfc40","012cfc40","012d0103","LAB_012d0109","012d0109","CONDITIONAL_JUMP","false","false"
"FUN_012cfc40","012cfc40","012d0107","LAB_012d010b","012d010b","UNCONDITIONAL_JUMP","false","false"
"FUN_012cfc40","012cfc40","012d010b","","Stack[-0x64]","READ","false","true"
"FUN_012cfc40","012cfc40","012d010e","","Stack[-0x60]","READ","false","true"
"FUN_012cfc40","012cfc40","012d0111","","Stack[-0x5c]","READ","false","true"
"FUN_012cfc40","012cfc40","012d0115","DAT_01aebd3c","01aebd3c","DATA","false","true"
"FUN_012cfc40","012cfc40","012d011a","","Stack[-0x54]","DATA","false","true"
"FUN_012cfc40","012cfc40","012d011d","u_%s_(%d%s_->_%d%s)_01aebcf8","01aebcf8","DATA","false","true"
"FUN_012cfc40","012cfc40","012d0123","FUN_01500f80","01500f80","UNCONDITIONAL_CALL","true","false"
"FUN_012cfc40","012cfc40","012d0128","","Stack[-0x40]","READ","false","true"
"FUN_012cfc40","012cfc40","012d012c","","Stack[-0x54]","DATA","false","true"
"FUN_012cfc40","012cfc40","012d0131","","Stack[-0x54]","DATA","false","true"
"FUN_012cfc40","012cfc40","012d0140","FUN_013bdff0","013bdff0","UNCONDITIONAL_CALL","true","false"
"FUN_012cfc40","012cfc40","012d0148","","Stack[-0x54]","DATA","false","true"
"FUN_012cfc40","012cfc40","012d014b","FUN_00f1a330","00f1a330","UNCONDITIONAL_CALL","true","false"
"FUN_012cfc40","012cfc40","012d0150","","Stack[-0x3c]","DATA","false","true"
"FUN_012cfc40","012cfc40","012d0153","FUN_00f1a330","00f1a330","UNCONDITIONAL_CALL","true","false"
"FUN_012cfc40","012cfc40","012d0158","switchD_012d0165::default","012d01a2","UNCONDITIONAL_JUMP","false","false"
"FUN_012cfc40","012cfc40","012d0163","switchD_012d0165::default","012d01a2","CONDITIONAL_JUMP","false","false"
"FUN_012cfc40","012cfc40","012d0165","switchD_012d0165::caseD_0","012d016c","COMPUTED_JUMP","false","false"
"FUN_012cfc40","012cfc40","012d0165","switchD_012d0165::caseD_1","012d0173","COMPUTED_JUMP","false","false"
"FUN_012cfc40","012cfc40","012d0165","switchD_012d0165::caseD_2","012d017a","COMPUTED_JUMP","false","false"
"FUN_012cfc40","012cfc40","012d0165","switchD_012d0165::caseD_3","012d0181","COMPUTED_JUMP","false","false"
"FUN_012cfc40","012cfc40","012d0165","switchD_012d0165::caseD_4","012d0188","COMPUTED_JUMP","false","false"
"FUN_012cfc40","012cfc40","012d0165","switchD_012d0165::switchdataD_012d01d4","012d01d4","DATA","false","true"
"FUN_012cfc40","012cfc40","012d016c","DAT_01add8a0","01add8a0","DATA","false","true"
"FUN_012cfc40","012cfc40","012d0171","LAB_012d018d","012d018d","UNCONDITIONAL_JUMP","false","false"
"FUN_012cfc40","012cfc40","012d0173","DAT_01add8c4","01add8c4","DATA","false","true"
"FUN_012cfc40","012cfc40","012d0178","LAB_012d018d","012d018d","UNCONDITIONAL_JUMP","false","false"
"FUN_012cfc40","012cfc40","012d017a","DAT_01add8b4","01add8b4","DATA","false","true"
"FUN_012cfc40","012cfc40","012d017f","LAB_012d018d","012d018d","UNCONDITIONAL_JUMP","false","false"
"FUN_012cfc40","012cfc40","012d0181","DAT_01add8bc","01add8bc","DATA","false","true"
"FUN_012cfc40","012cfc40","012d0186","LAB_012d018d","012d018d","UNCONDITIONAL_JUMP","false","false"
"FUN_012cfc40","012cfc40","012d0188","DAT_01aebd3c","01aebd3c","DATA","false","true"
"FUN_012cfc40","012cfc40","012d019a","FUN_013be010","013be010","UNCONDITIONAL_CALL","true","false"
"FUN_012cfc40","012cfc40","012d01a2","","Stack[-0x1c]","READ","false","true"
"FUN_012cfc40","012cfc40","012d01a5","ExceptionList","ffdff000","WRITE","false","true"
"FUN_012cfc40","012cfc40","012d01af","","Stack[-0x24]","READ","false","true"
"FUN_012cfc40","012cfc40","012d01b4","__security_check_cookie","0179869b","UNCONDITIONAL_CALL","true","false"
"FUN_012cfc40","012cfc40","012d01be","","Stack[-0x4]","DATA","false","true"
"FUN_013121c0","013121c0","013121c9","DAT_01bbb1c0","01bbb1c0","READ","false","true"
"FUN_013121c0","013121c0","013121d0","","Stack[-0xc]","WRITE","false","true"
"FUN_013121c0","013121c0","013121d4","DAT_01bfb2d8","01bfb2d8","READ","false","true"
"FUN_013121c0","013121c0","013121df","LAB_013121f7","013121f7","CONDITIONAL_JUMP","false","false"
"FUN_013121c0","013121c0","013121e1","s_Enchant_Room.mp3_01ac8de8","01ac8de8","DATA","false","true"
"FUN_013121c0","013121c0","013121e8","","Stack[-0xc]","READ","false","true"
"FUN_013121c0","013121c0","013121ee","__security_check_cookie","0179869b","UNCONDITIONAL_CALL","true","false"
"FUN_013121c0","013121c0","013121f7","DAT_01bfe478","01bfe478","READ","false","true"
"FUN_013121c0","013121c0","013121fc","DAT_01bfb258","01bfb258","READ","false","true"
"FUN_013121c0","013121c0","01312204","DAT_01bc357c","01bc357c","DATA","false","true"
"FUN_013121c0","013121c0","0131220f","DAT_01bc2a20","01bc2a20","DATA","false","true"
"FUN_013121c0","013121c0","01312218","","Stack[-0x28]","WRITE","false","true"
"FUN_013121c0","013121c0","0131221c","FUN_015cea10","015cea10","UNCONDITIONAL_CALL","true","false"
"FUN_013121c0","013121c0","01312222","VCRUNTIME140.DLL::__RTDynamicCast","01831f4c","UNCONDITIONAL_CALL","true","false"
"FUN_013121c0","013121c0","0131222e","LAB_01312344","01312344","CONDITIONAL_JUMP","false","false"
"FUN_013121c0","013121c0","01312234","DAT_01bfb258","01bfb258","READ","false","true"
"FUN_013121c0","013121c0","0131223c","DAT_01bc3558","01bc3558","DATA","false","true"
"FUN_013121c0","013121c0","01312241","DAT_01bc2a20","01bc2a20","DATA","false","true"
"FUN_013121c0","013121c0","0131224a","FUN_015cea10","015cea10","UNCONDITIONAL_CALL","true","false"
"FUN_013121c0","013121c0","01312250","VCRUNTIME140.DLL::__RTDynamicCast","01831f4c","UNCONDITIONAL_CALL","true","false"
"FUN_013121c0","013121c0","0131225c","LAB_01312344","01312344","CONDITIONAL_JUMP","false","false"
"FUN_013121c0","013121c0","01312269","FUN_015d17e0","015d17e0","UNCONDITIONAL_CALL","true","false"
"FUN_013121c0","013121c0","01312272","LAB_01312344","01312344","CONDITIONAL_JUMP","false","false"
"FUN_013121c0","013121c0","01312278","DAT_01bfb2a8","01bfb2a8","READ","false","true"
"FUN_013121c0","013121c0","013122c3","FUN_0160b740","0160b740","UNCONDITIONAL_CALL","true","false"
"FUN_013121c0","013121c0","013122cd","LAB_013122f9","013122f9","CONDITIONAL_JUMP","false","false"
"FUN_013121c0","013121c0","013122e1","FUN_00f1a420","00f1a420","UNCONDITIONAL_CALL","true","false"
"FUN_013121c0","013121c0","013122f0","__security_check_cookie","0179869b","UNCONDITIONAL_CALL","true","false"
"FUN_013121c0","013121c0","013122fd","LAB_01312326","01312326","CONDITIONAL_JUMP","false","false"
"FUN_013121c0","013121c0","01312306","LAB_01312328","01312328","CONDITIONAL_JUMP","false","false"
"FUN_013121c0","013121c0","0131230e","FUN_00f1a420","00f1a420","UNCONDITIONAL_CALL","true","false"
"FUN_013121c0","013121c0","0131231d","__security_check_cookie","0179869b","UNCONDITIONAL_CALL","true","false"
"FUN_013121c0","013121c0","0131232c","FUN_00f1a420","00f1a420","UNCONDITIONAL_CALL","true","false"
"FUN_013121c0","013121c0","0131233b","__security_check_cookie","0179869b","UNCONDITIONAL_CALL","true","false"
"FUN_013121c0","013121c0","0131234e","__security_check_cookie","0179869b","UNCONDITIONAL_CALL","true","false"
"FUN_01371450","01371450","01371455","LAB_019abb85","019abb85","DATA","false","true"
"FUN_01371450","01371450","0137145a","ExceptionList","ffdff000","READ","false","true"
"FUN_01371450","01371450","01371464","DAT_01bbb1c0","01bbb1c0","READ","false","true"
"FUN_01371450","01371450","0137146b","","Stack[-0x14]","WRITE","false","true"
"FUN_01371450","01371450","01371471","","Stack[-0x10]","DATA","false","true"
"FUN_01371450","01371450","01371474","ExceptionList","ffdff000","WRITE","false","true"
"FUN_01371450","01371450","0137147c","","Stack[0x4]","READ","false","true"
"FUN_01371450","01371450","01371490","LAB_013714dd","013714dd","CONDITIONAL_JUMP","false","false"
"FUN_01371450","01371450","0137149f","s_System\Btn_Radio5.tga_01adb7f4","01adb7f4","DATA","false","true"
"FUN_01371450","01371450","013714a4","FUN_012462c0","012462c0","UNCONDITIONAL_CALL","true","false"
"FUN_01371450","01371450","013714b4","LAB_013715cb","013715cb","CONDITIONAL_JUMP","false","false"
"FUN_01371450","01371450","013714bd","","Stack[-0x34]","WRITE","false","true"
"FUN_01371450","01371450","013714c6","","Stack[-0x30]","WRITE","false","true"
"FUN_01371450","01371450","013714cd","","Stack[-0x44]","WRITE","false","true"
"FUN_01371450","01371450","013714d1","","Stack[-0x44]","WRITE","false","true"
"FUN_01371450","01371450","013714d5","","Stack[-0x18]","WRITE","false","true"
"FUN_01371450","01371450","013714d8","","Stack[-0x8]","WRITE","false","true"
"FUN_01371450","01371450","013714db","LAB_0137152c","0137152c","UNCONDITIONAL_JUMP","false","false"
"FUN_01371450","01371450","013714ec","s_System\Btn_Radio5.tga_01adb7f4","01adb7f4","DATA","false","true"
"FUN_01371450","01371450","013714f1","FUN_012462c0","012462c0","UNCONDITIONAL_CALL","true","false"
"FUN_01371450","01371450","01371501","LAB_013715cb","013715cb","CONDITIONAL_JUMP","false","false"
"FUN_01371450","01371450","0137150a","","Stack[-0x34]","WRITE","false","true"
"FUN_01371450","01371450","01371513","","Stack[-0x30]","WRITE","false","true"
"FUN_01371450","01371450","0137151a","","Stack[-0x44]","WRITE","false","true"
"FUN_01371450","01371450","0137151e","","Stack[-0x44]","WRITE","false","true"
"FUN_01371450","01371450","01371522","","Stack[-0x18]","WRITE","false","true"
"FUN_01371450","01371450","01371525","","Stack[-0x8]","WRITE","false","true"
"FUN_01371450","01371450","0137152c","DAT_01bfe468","01bfe468","READ","false","true"
"FUN_01371450","01371450","01371531","DAT_01bb9b2c","01bb9b2c","READ","false","true"
"FUN_01371450","01371450","0137153c","","Stack[-0x24]","WRITE","false","true"
"FUN_01371450","01371450","0137153f","DAT_01bb9b34","01bb9b34","READ","false","true"
"FUN_01371450","01371450","01371544","","Stack[-0x48]","WRITE","false","true"
"FUN_01371450","01371450","01371544","DAT_3f800000","3f800000","DATA","false","true"
"FUN_01371450","01371450","01371547","","Stack[-0x50]","DATA","false","true"
"FUN_01371450","01371450","0137154b","","Stack[-0x20]","WRITE","false","true"
"FUN_01371450","01371450","01371552","","Stack[-0x50]","WRITE","false","true"
"FUN_01371450","01371450","01371557","","Stack[-0x2c]","WRITE","false","true"
"FUN_01371450","01371450","0137155b","","Stack[-0x1c]","WRITE","false","true"
"FUN_01371450","01371450","01371562","","Stack[-0x28]","WRITE","false","true"
"FUN_01371450","01371450","01371569","FUN_01224f40","01224f40","UNCONDITIONAL_CALL","true","false"
"FUN_01371450","01371450","01371577","","Stack[-0x54]","WRITE","false","true"
"FUN_01371450","01371450","0137157a","operator_new","017986a9","UNCONDITIONAL_CALL","true","false"
"FUN_01371450","01371450","0137157f","","Stack[-0x54]","READ","false","true"
"FUN_01371450","01371450","01371585","","Stack[-0x58]","WRITE","false","true"
"FUN_01371450","01371450","01371588","DAT_01af3328","01af3328","DATA","false","true"
"FUN_01371450","01371450","01371596","LAB_013715a1","013715a1","CONDITIONAL_JUMP","false","false"
"FUN_01371450","01371450","0137159e","","Stack[-0x58]","READ","false","true"
"FUN_01371450","01371450","013715a1","","Stack[-0x54]","READ","false","true"
"FUN_01371450","01371450","013715a6","FUN_013715f0","013715f0","DATA","false","true"
"FUN_01371450","01371450","013715b7","FUN_01371a00","01371a00","UNCONDITIONAL_CALL","true","false"
"FUN_01371450","01371450","013715bc","","Stack[-0x44]","DATA","false","true"
"FUN_01371450","01371450","013715bf","","Stack[-0x24]","WRITE","false","true"
"FUN_01371450","01371450","013715c6","FUN_00f1a330","00f1a330","UNCONDITIONAL_CALL","true","false"
"FUN_01371450","01371450","013715cb","","Stack[-0x10]","READ","false","true"
"FUN_01371450","01371450","013715ce","ExceptionList","ffdff000","WRITE","false","true"
"FUN_01371450","01371450","013715d8","","Stack[-0x14]","READ","false","true"
"FUN_01371450","01371450","013715dd","__security_check_cookie","0179869b","UNCONDITIONAL_CALL","true","false"
"FUN_013715f0","013715f0","013715f5","LAB_0197c65d","0197c65d","DATA","false","true"
"FUN_013715f0","013715f0","013715fa","ExceptionList","ffdff000","READ","false","true"
"FUN_013715f0","013715f0","01371604","DAT_01bbb1c0","01bbb1c0","READ","false","true"
"FUN_013715f0","013715f0","0137160b","","Stack[-0x14]","WRITE","false","true"
"FUN_013715f0","013715f0","01371610","","Stack[-0x10]","DATA","false","true"
"FUN_013715f0","013715f0","01371613","ExceptionList","ffdff000","WRITE","false","true"
"FUN_013715f0","013715f0","0137161b","","Stack[0x4]","READ","false","true"
"FUN_013715f0","013715f0","01371620","LAB_0137166e","0137166e","CONDITIONAL_JUMP","false","false"
"FUN_013715f0","013715f0","01371624","DAT_01bc742c","01bc742c","DATA","false","true"
"FUN_013715f0","013715f0","01371629","DAT_01bc4a94","01bc4a94","DATA","false","true"
"FUN_013715f0","013715f0","01371633","VCRUNTIME140.DLL::__RTDynamicCast","01831f4c","UNCONDITIONAL_CALL","true","false"
"FUN_013715f0","013715f0","0137163d","LAB_0137166e","0137166e","CONDITIONAL_JUMP","false","false"
"FUN_013715f0","013715f0","01371642","","Stack[-0x2c]","DATA","false","true"
"FUN_013715f0","013715f0","01371645","FUN_0105cb70","0105cb70","UNCONDITIONAL_CALL","true","false"
"FUN_013715f0","013715f0","0137164a","","Stack[-0x8]","WRITE","false","true"
"FUN_013715f0","013715f0","01371651","","Stack[-0x1c]","READ","false","true"
"FUN_013715f0","013715f0","01371655","LAB_01371666","01371666","CONDITIONAL_JUMP","false","false"
"FUN_013715f0","013715f0","0137165d","","Stack[-0x2c]","DATA","false","true"
"FUN_013715f0","013715f0","01371661","FUN_0136f850","0136f850","UNCONDITIONAL_CALL","true","false"
"FUN_013715f0","013715f0","01371666","","Stack[-0x2c]","DATA","false","true"
"FUN_013715f0","013715f0","01371669","FUN_00f1a330","00f1a330","UNCONDITIONAL_CALL","true","false"
"FUN_013715f0","013715f0","0137166e","","Stack[-0x10]","READ","false","true"
"FUN_013715f0","013715f0","01371671","ExceptionList","ffdff000","WRITE","false","true"
"FUN_013715f0","013715f0","0137167a","","Stack[-0x14]","READ","false","true"
"FUN_013715f0","013715f0","0137167f","__security_check_cookie","0179869b","UNCONDITIONAL_CALL","true","false"
"FUN_01371690","01371690","01371696","DAT_01bfe470","01bfe470","READ","false","true"
"FUN_01371690","01371690","013716a5","LAB_0137174e","0137174e","CONDITIONAL_JUMP","false","false"
"FUN_01371690","01371690","013716ae","","Stack[-0x18]","WRITE","false","true"
"FUN_01371690","01371690","013716b6","","Stack[-0x18]","DATA","false","true"
"FUN_01371690","01371690","013716bd","","Stack[-0x14]","DATA","false","true"
"FUN_01371690","01371690","013716c8","FUN_00f1d720","00f1d720","UNCONDITIONAL_CALL","true","false"
"FUN_01371690","01371690","013716cd","","Stack[-0xc]","READ","false","true"
"FUN_01371690","01371690","013716d5","LAB_013716e6","013716e6","CONDITIONAL_JUMP","false","false"
"FUN_01371690","01371690","013716db","LAB_013716e6","013716e6","CONDITIONAL_JUMP","false","false"
"FUN_01371690","01371690","013716df","LAB_013716e6","013716e6","CONDITIONAL_JUMP","false","false"
"FUN_01371690","01371690","013716e4","LAB_013716e8","013716e8","UNCONDITIONAL_JUMP","false","false"
"FUN_01371690","01371690","013716ea","DAT_01bdf750","01bdf750","DATA","false","true"
"FUN_01371690","01371690","013716ef","DAT_01bc3cf8","01bc3cf8","DATA","false","true"
"FUN_01371690","01371690","013716f7","VCRUNTIME140.DLL::__RTDynamicCast","01831f4c","UNCONDITIONAL_CALL","true","false"
"FUN_01371690","01371690","0137170a","LAB_0137174e","0137174e","CONDITIONAL_JUMP","false","false"
"FUN_01371690","01371690","01371724","FUN_010d4490","010d4490","UNCONDITIONAL_CALL","true","false"
"FUN_01371690","01371690","01371740","FUN_010d4490","010d4490","UNCONDITIONAL_CALL","true","false"
"FUN_01371760","01371760","01371765","LAB_019abbd5","019abbd5","DATA","false","true"
"FUN_01371760","01371760","0137176a","ExceptionList","ffdff000","READ","false","true"
"FUN_01371760","01371760","01371774","DAT_01bbb1c0","01bbb1c0","READ","false","true"
"FUN_01371760","01371760","0137177b","","Stack[-0x14]","WRITE","false","true"
"FUN_01371760","01371760","01371781","","Stack[-0x10]","DATA","false","true"
"FUN_01371760","01371760","01371784","ExceptionList","ffdff000","WRITE","false","true"
"FUN_01371760","01371760","0137178c","","Stack[0x4]","READ","false","true"
"FUN_01371760","01371760","01371792","LAB_013718e9","013718e9","CONDITIONAL_JUMP","false","false"
"FUN_01371760","01371760","0137179b","","Stack[-0x30]","WRITE","false","true"
"FUN_01371760","01371760","013717a4","","Stack[-0x2c]","WRITE","false","true"
"FUN_01371760","01371760","013717ab","","Stack[-0x40]","WRITE","false","true"
"FUN_01371760","01371760","013717af","","Stack[-0x40]","WRITE","false","true"
"FUN_01371760","01371760","013717b3","","Stack[-0x8]","WRITE","false","true"
"FUN_01371760","01371760","013717b6","","Stack[-0x20]","WRITE","false","true"
"FUN_01371760","01371760","013717bb","","Stack[-0x18]","WRITE","false","true"
"FUN_01371760","01371760","013717be","","Stack[-0x20]","WRITE","false","true"
"FUN_01371760","01371760","013717c1","","Stack[-0x1c]","WRITE","false","true"
"FUN_01371760","01371760","013717c4","","Stack[-0x18]","WRITE","false","true"
"FUN_01371760","01371760","013717c7","","Stack[-0x8]","WRITE","false","true"
"FUN_01371760","01371760","013717cb","","Stack[-0x40]","DATA","false","true"
"FUN_01371760","01371760","013717d4","","Stack[-0x4c]","WRITE","false","true"
"FUN_01371760","01371760","013717da","","Stack[-0x48]","WRITE","false","true"
"FUN_01371760","01371760","013717e0","","Stack[-0x28]","WRITE","false","true"
"FUN_01371760","01371760","013717e9","","Stack[-0x24]","WRITE","false","true"
"FUN_01371760","01371760","013717f4","LAB_0137180b","0137180b","CONDITIONAL_JUMP","false","false"
"FUN_01371760","01371760","013717fd","LAB_01371801","01371801","CONDITIONAL_JUMP","false","false"
"FUN_01371760","01371760","01371803","","Stack[-0x40]","DATA","false","true"
"FUN_01371760","01371760","01371806","FUN_00f1a040","00f1a040","UNCONDITIONAL_CALL","true","false"
"FUN_01371760","01371760","01371811","","Stack[-0x20]","DATA","false","true"
"FUN_01371760","01371760","01371816","LAB_0137182c","0137182c","CONDITIONAL_JUMP","false","false"
"FUN_01371760","01371760","01371824","","Stack[-0x20]","DATA","false","true"
"FUN_01371760","01371760","01371827","FUN_0136fd10","0136fd10","UNCONDITIONAL_CALL","true","false"
"FUN_01371760","01371760","0137183c","","Stack[-0x50]","WRITE","false","true"
"FUN_01371760","01371760","01371846","","Stack[-0x54]","WRITE","false","true"
"FUN_01371760","01371760","01371849","","Stack[-0x70]","DATA","false","true"
"FUN_01371760","01371760","0137184c","","Stack[-0x7c]","DATA","false","true"
"FUN_01371760","01371760","01371852","","Stack[-0x78]","WRITE","false","true"
"FUN_01371760","01371760","01371859","","Stack[-0x74]","WRITE","false","true"
"FUN_01371760","01371760","01371860","","Stack[-0x1c]","READ","false","true"
"FUN_01371760","01371760","01371863","","Stack[-0x20]","READ","false","true"
"FUN_01371760","01371760","0137186b","LAB_013718ab","013718ab","CONDITIONAL_JUMP","false","false"
"FUN_01371760","01371760","01371873","LAB_01371906","01371906","CONDITIONAL_JUMP","false","false"
"FUN_01371760","01371760","01371879","","Stack[-0x44]","DATA","false","true"
"FUN_01371760","01371760","0137187c","","Stack[-0x44]","WRITE","false","true"
"FUN_01371760","01371760","0137187f","FUN_00fce380","00fce380","UNCONDITIONAL_CALL","true","false"
"FUN_01371760","01371760","01371887","","Stack[-0x7c]","DATA","false","true"
"FUN_01371760","01371760","0137188b","","Stack[-0x78]","WRITE","false","true"
"FUN_01371760","01371760","0137188e","","Stack[-0x74]","WRITE","false","true"
"FUN_01371760","01371760","01371891","","Stack[-0x44]","WRITE","false","true"
"FUN_01371760","01371760","01371894","","Stack[-0x8]","WRITE","false","true"
"FUN_01371760","01371760","01371898","","Stack[-0x1c]","READ","false","true"
"FUN_01371760","01371760","0137189b","","Stack[-0x20]","READ","false","true"
"FUN_01371760","01371760","013718a0","FUN_00fce3d0","00fce3d0","UNCONDITIONAL_CALL","true","false"
"FUN_01371760","01371760","013718a8","","Stack[-0x78]","WRITE","false","true"
"FUN_01371760","01371760","013718ae","","Stack[-0x8]","WRITE","false","true"
"FUN_01371760","01371760","013718b2","","Stack[-0x40]","DATA","false","true"
"FUN_01371760","01371760","013718b8","FUN_00f221a0","00f221a0","UNCONDITIONAL_CALL","true","false"
"FUN_01371760","01371760","013718bd","","Stack[-0x50]","READ","false","true"
"FUN_01371760","01371760","013718c0","","Stack[-0x24]","DATA","false","true"
"FUN_01371760","01371760","013718c4","","Stack[-0x28]","DATA","false","true"
"FUN_01371760","01371760","013718c7","","Stack[-0x8]","WRITE","false","true"
"FUN_01371760","01371760","013718cc","","Stack[-0x48]","DATA","false","true"
"FUN_01371760","01371760","013718d0","","Stack[-0x4c]","DATA","false","true"
"FUN_01371760","01371760","013718d4","FUN_01370c90","01370c90","UNCONDITIONAL_CALL","true","false"
"FUN_01371760","01371760","013718d9","","Stack[-0x20]","DATA","false","true"
"FUN_01371760","01371760","013718dc","FUN_00fcec10","00fcec10","UNCONDITIONAL_CALL","true","false"
"FUN_01371760","01371760","013718e1","","Stack[-0x40]","DATA","false","true"
"FUN_01371760","01371760","013718e4","FUN_00f1a330","00f1a330","UNCONDITIONAL_CALL","true","false"
"FUN_01371760","01371760","013718e9","","Stack[-0x10]","READ","false","true"
"FUN_01371760","01371760","013718ec","ExceptionList","ffdff000","WRITE","false","true"
"FUN_01371760","01371760","013718f6","","Stack[-0x14]","READ","false","true"
"FUN_01371760","01371760","013718fb","__security_check_cookie","0179869b","UNCONDITIONAL_CALL","true","false"
"FUN_01371760","01371760","01371906","FUN_00f19c70","00f19c70","UNCONDITIONAL_CALL","true","false"
"FUN_01371910","01371910","01371912","","Stack[0x8]","READ","false","true"
"FUN_01371910","01371910","01371925","LAB_01371920","01371920","CONDITIONAL_JUMP","false","false"
"FUN_01371910","01371910","01371927","","Stack[0xc]","READ","false","true"
"FUN_01371910","01371910","01371939","LAB_013719ab","013719ab","CONDITIONAL_JUMP","false","false"
"FUN_01371910","01371910","01371947","LAB_0137194b","0137194b","CONDITIONAL_JUMP","false","false"
"FUN_01371910","01371910","01371950","LAB_01371971","01371971","CONDITIONAL_JUMP","false","false"
"FUN_01371910","01371910","01371957","LAB_01371971","01371971","CONDITIONAL_JUMP","false","false"
"FUN_01371910","01371910","0137195b","LAB_01371967","01371967","CONDITIONAL_JUMP","false","false"
"FUN_01371910","01371910","0137195d","","Stack[0xc]","WRITE","false","true"
"FUN_01371910","01371910","01371965","LAB_01371975","01371975","UNCONDITIONAL_JUMP","false","false"
"FUN_01371910","01371910","0137196b","","Stack[0xc]","WRITE","false","true"
"FUN_01371910","01371910","0137196f","LAB_01371975","01371975","UNCONDITIONAL_JUMP","false","false"
"FUN_01371910","01371910","01371971","","Stack[0xc]","WRITE","false","true"
"FUN_01371910","01371910","0137197e","VCRUNTIME140.DLL::memcpy","01831f28","UNCONDITIONAL_CALL","true","false"
"FUN_01371910","01371910","01371983","","Stack[0xc]","READ","false","true"
"FUN_01371910","01371910","01371989","VCRUNTIME140.DLL::memcpy","01831f22","UNCONDITIONAL_CALL","true","false"
"FUN_01371910","01371910","0137198e","","Stack[0xc]","READ","false","true"
"FUN_01371910","01371910","013719a0","VCRUNTIME140.DLL::memcpy","01831f22","UNCONDITIONAL_CALL","true","false"
"FUN_01371910","01371910","013719a9","LAB_013719bd","013719bd","UNCONDITIONAL_JUMP","false","false"
"FUN_01371910","01371910","013719af","","Stack[0xc]","READ","false","true"
"FUN_01371910","01371910","013719b6","FUN_01371ba0","01371ba0","UNCONDITIONAL_CALL","true","false"
"FUN_01371910","01371910","013719bd","","Stack[0x4]","READ","false","true"
"FUN_01371a00","01371a00","01371a0d","","Stack[0x0]","READ","false","true"
"FUN_01371a00","01371a00","01371a10","","Stack[-0xc]","WRITE","false","true"
"FUN_01371a00","01371a00","01371a18","LAB_0197f7bd","0197f7bd","DATA","false","true"
"FUN_01371a00","01371a00","01371a1d","ExceptionList","ffdff000","READ","false","true"
"FUN_01371a00","01371a00","01371a2a","DAT_01bbb1c0","01bbb1c0","READ","false","true"
"FUN_01371a00","01371a00","01371a32","","Stack[-0x1c]","DATA","false","true"
"FUN_01371a00","01371a00","01371a35","ExceptionList","ffdff000","WRITE","false","true"
"FUN_01371a00","01371a00","01371a3d","","Stack[-0x24]","WRITE","false","true"
"FUN_01371a00","01371a00","01371a42","","Stack[-0x34]","WRITE","false","true"
"FUN_01371a00","01371a00","01371a49","FUN_016830c0","016830c0","UNCONDITIONAL_CALL","true","false"
"FUN_01371a00","01371a00","01371a53","","Stack[-0x28]","WRITE","false","true"
"FUN_01371a00","01371a00","01371a58","LAB_01371b65","01371b65","CONDITIONAL_JUMP","false","false"
"FUN_01371a00","01371a00","01371a5e","","Stack[0x8]","READ","false","true"
"FUN_01371a00","01371a00","01371a6f","DAT_01af331c","01af331c","DATA","false","true"
"FUN_01371a00","01371a00","01371a7c","","Stack[0xc]","READ","false","true"
"FUN_01371a00","01371a00","01371a7f","","Stack[0x10]","READ","false","true"
"FUN_01371a00","01371a00","01371a85","","Stack[-0x34]","DATA","false","true"
"FUN_01371a00","01371a00","01371a8f","","Stack[-0x30]","DATA","false","true"
"FUN_01371a00","01371a00","01371a98","FUN_00f1b390","00f1b390","UNCONDITIONAL_CALL","true","false"
"FUN_01371a00","01371a00","01371a9d","","Stack[-0x28]","READ","false","true"
"FUN_01371a00","01371a00","01371aa4","LAB_01371ada","01371ada","CONDITIONAL_JUMP","false","false"
"FUN_01371a00","01371a00","01371aaa","LAB_01371ada","01371ada","CONDITIONAL_JUMP","false","false"
"FUN_01371a00","01371a00","01371aae","LAB_01371ada","01371ada","CONDITIONAL_JUMP","false","false"
"FUN_01371a00","01371a00","01371ab5","LAB_01371ac7","01371ac7","CONDITIONAL_JUMP","false","false"
"FUN_01371a00","01371a00","01371abd","","Stack[-0x28]","READ","false","true"
"FUN_01371a00","01371a00","01371aca","FUN_00f5d5c0","00f5d5c0","UNCONDITIONAL_CALL","true","false"
"FUN_01371a00","01371a00","01371ad2","FUN_017986fc","017986fc","UNCONDITIONAL_CALL","true","false"
"FUN_01371a00","01371a00","01371ada","","Stack[-0x2c]","DATA","false","true"
"FUN_01371a00","01371a00","01371add","","Stack[-0x2c]","WRITE","false","true"
"FUN_01371a00","01371a00","01371ae5","","Stack[-0x4c]","DATA","false","true"
"FUN_01371a00","01371a00","01371ae8","","Stack[-0x28]","WRITE","false","true"
"FUN_01371a00","01371a00","01371aee","FUN_00f1b390","00f1b390","UNCONDITIONAL_CALL","true","false"
"FUN_01371a00","01371a00","01371afa","","Stack[-0x40]","WRITE","false","true"
"FUN_01371a00","01371a00","01371b03","LAB_01371b0b","01371b0b","CONDITIONAL_JUMP","false","false"
"FUN_01371a00","01371a00","01371b09","LAB_01371b65","01371b65","CONDITIONAL_JUMP","false","false"
"FUN_01371a00","01371a00","01371b12","LAB_01371b7d","01371b7d","CONDITIONAL_JUMP","false","false"
"FUN_01371a00","01371a00","01371b14","","Stack[-0x24]","READ","false","true"
"FUN_01371a00","01371a00","01371b1c","","Stack[-0x2c]","WRITE","false","true"
"FUN_01371a00","01371a00","01371b1f","","Stack[-0x14]","WRITE","false","true"
"FUN_01371a00","01371a00","01371b28","","Stack[-0x28]","WRITE","false","true"
"FUN_01371a00","01371a00","01371b2f","operator_new","017986a9","UNCONDITIONAL_CALL","true","false"
"FUN_01371a00","01371a00","01371b34","","Stack[-0x24]","READ","false","true"
"FUN_01371a00","01371a00","01371b42","","Stack[-0x3c]","READ","false","true"
"FUN_01371a00","01371a00","01371b4b","","Stack[-0x40]","READ","false","true"
"FUN_01371a00","01371a00","01371b5c","FUN_00f27390","00f27390","UNCONDITIONAL_CALL","true","false"
"FUN_01371a00","01371a00","01371b63","LAB_01371b67","01371b67","UNCONDITIONAL_JUMP","false","false"
"FUN_01371a00","01371a00","01371b67","","Stack[-0x1c]","READ","false","true"
"FUN_01371a00","01371a00","01371b6a","ExceptionList","ffdff000","WRITE","false","true"
"FUN_01371a00","01371a00","01371b79","","Stack[-0x4]","DATA","false","true"
"FUN_01371a00","01371a00","01371b7d","FUN_00f1b5f0","00f1b5f0","UNCONDITIONAL_CALL","true","false"
"FUN_01371ba0","01371ba0","01371ba3","","Stack[0x10]","READ","false","true"
"FUN_01371ba0","01371ba0","01371bae","","Stack[0xc]","READ","false","true"
"FUN_01371ba0","01371ba0","01371bb5","","Stack[-0xc]","WRITE","false","true"
"FUN_01371ba0","01371ba0","01371bb9","","Stack[0x4]","READ","false","true"
"FUN_01371ba0","01371ba0","01371bc6","LAB_01371ce5","01371ce5","CONDITIONAL_JUMP","false","false"
"FUN_01371ba0","01371ba0","01371bd1","","Stack[-0x10]","WRITE","false","true"
"FUN_01371ba0","01371ba0","01371bdc","","Stack[-0x8]","WRITE","false","true"
"FUN_01371ba0","01371ba0","01371be2","LAB_01371be8","01371be8","CONDITIONAL_JUMP","false","false"
"FUN_01371ba0","01371ba0","01371be6","LAB_01371c00","01371c00","UNCONDITIONAL_JUMP","false","false"
"FUN_01371ba0","01371ba0","01371bf0","LAB_01371bf9","01371bf9","CONDITIONAL_JUMP","false","false"
"FUN_01371ba0","01371ba0","01371bf7","LAB_01371c00","01371c00","UNCONDITIONAL_JUMP","false","false"
"FUN_01371ba0","01371ba0","01371c00","","Stack[-0x14]","DATA","false","true"
"FUN_01371ba0","01371ba0","01371c04","","Stack[-0x14]","WRITE","false","true"
"FUN_01371ba0","01371ba0","01371c0a","FUN_00f1a660","00f1a660","UNCONDITIONAL_CALL","true","false"
"FUN_01371ba0","01371ba0","01371c14","","Stack[-0x10]","READ","false","true"
"FUN_01371ba0","01371ba0","01371c1e","","Stack[-0x14]","READ","false","true"
"FUN_01371ba0","01371ba0","01371c28","","Stack[-0x14]","WRITE","false","true"
"FUN_01371ba0","01371ba0","01371c2c","","Stack[0x14]","READ","false","true"
"FUN_01371ba0","01371ba0","01371c30","","Stack[-0x4]","WRITE","false","true"
"FUN_01371ba0","01371ba0","01371c34","","Stack[-0x10]","WRITE","false","true"
"FUN_01371ba0","01371ba0","01371c3c","LAB_01371caa","01371caa","CONDITIONAL_JUMP","false","false"
"FUN_01371ba0","01371ba0","01371c42","VCRUNTIME140.DLL::memcpy","01831f22","UNCONDITIONAL_CALL","true","false"
"FUN_01371ba0","01371ba0","01371c47","","Stack[0x14]","READ","false","true"
"FUN_01371ba0","01371ba0","01371c4b","","Stack[-0xc]","READ","false","true"
"FUN_01371ba0","01371ba0","01371c4f","","Stack[-0x14]","READ","false","true"
"FUN_01371ba0","01371ba0","01371c53","VCRUNTIME140.DLL::memcpy","01831f22","UNCONDITIONAL_CALL","true","false"
"FUN_01371ba0","01371ba0","01371c5d","","Stack[-0x10]","READ","false","true"
"FUN_01371ba0","01371ba0","01371c61","VCRUNTIME140.DLL::memcpy","01831f22","UNCONDITIONAL_CALL","true","false"
"FUN_01371ba0","01371ba0","01371c66","","Stack[-0x8]","READ","false","true"
"FUN_01371ba0","01371ba0","01371c74","LAB_01371c88","01371c88","CONDITIONAL_JUMP","false","false"
"FUN_01371ba0","01371ba0","01371c84","LAB_01371ca4","01371ca4","CONDITIONAL_JUMP","false","false"
"FUN_01371ba0","01371ba0","01371c8a","FUN_017986fc","017986fc","UNCONDITIONAL_CALL","true","false"
"FUN_01371ba0","01371ba0","01371c8f","","Stack[-0x4]","READ","false","true"
"FUN_01371ba0","01371ba0","01371ca4","PTR__invalid_parameter_noinfo_noreturn_019ec944","019ec944","READ","false","true"
"FUN_01371ba0","01371ba0","01371ca4","UCRTBASE.DLL::_invalid_parameter_noinfo_noreturn","EXTERNAL:0000022a","COMPUTED_CALL_TERMINATOR","true","false"
"FUN_01371ba0","01371ba0","01371cac","VCRUNTIME140.DLL::memcpy","01831f22","UNCONDITIONAL_CALL","true","false"
"FUN_01371ba0","01371ba0","01371cb1","","Stack[0x14]","READ","false","true"
"FUN_01371ba0","01371ba0","01371cb5","","Stack[-0xc]","READ","false","true"
"FUN_01371ba0","01371ba0","01371cb9","","Stack[-0x14]","READ","false","true"
"FUN_01371ba0","01371ba0","01371cbd","VCRUNTIME140.DLL::memcpy","01831f22","UNCONDITIONAL_CALL","true","false"
"FUN_01371ba0","01371ba0","01371cc7","","Stack[-0x10]","READ","false","true"
"FUN_01371ba0","01371ba0","01371ccb","VCRUNTIME140.DLL::memcpy","01831f22","UNCONDITIONAL_CALL","true","false"
"FUN_01371ba0","01371ba0","01371cd0","","Stack[-0x4]","READ","false","true"
"FUN_01371ba0","01371ba0","01371ce5","FUN_00f1a480","00f1a480","UNCONDITIONAL_CALL","true","false"
"FUN_01371da0","01371da0","01371da9","DAT_01af3544","01af3544","DATA","false","true"
"FUN_01371da0","01371da0","01371daf","DAT_01af3538","01af3538","DATA","false","true"
"FUN_01371da0","01371da0","01371db9","FID_conflict:_Tidy","00f2efe0","UNCONDITIONAL_CALL","true","false"
"FUN_01371da0","01371da0","01371dc4","FID_conflict:_Tidy","00f2efe0","UNCONDITIONAL_CALL","true","false"
"FUN_01371da0","01371da0","01371dcf","FID_conflict:_Tidy","00f2efe0","UNCONDITIONAL_CALL","true","false"
"FUN_01371da0","01371da0","01371dda","FID_conflict:_Tidy","00f2efe0","UNCONDITIONAL_CALL","true","false"
"FUN_01371da0","01371da0","01371de5","FID_conflict:_Tidy","00f2efe0","UNCONDITIONAL_CALL","true","false"
"FUN_01371da0","01371da0","01371df0","DAT_01ae8554","01ae8554","DATA","false","true"
"FUN_01371da0","01371da0","01371dfa","DAT_01ad324c","01ad324c","DATA","false","true"
"FUN_01371da0","01371da0","01371e00","FUN_00f1a420","00f1a420","UNCONDITIONAL_CALL","true","false"
"FUN_01371da0","01371da0","01371e07","FUN_012456d0","012456d0","UNCONDITIONAL_CALL","true","false"
"FUN_01371da0","01371da0","01371e0c","","Stack[0x4]","READ","false","true"
"FUN_01371da0","01371da0","01371e12","LAB_01371e34","01371e34","CONDITIONAL_JUMP","false","false"
"FUN_01371da0","01371da0","01371e1c","LAB_01371e2c","01371e2c","CONDITIONAL_JUMP","false","false"
"FUN_01371da0","01371da0","01371e1e","FUN_01683120","01683120","UNCONDITIONAL_CALL","true","false"
"FUN_01371da0","01371da0","01371e2c","FUN_00f199b0","00f199b0","UNCONDITIONAL_CALL","true","false"
"FUN_01371e40","01371e40","01371e46","DAT_01bfe470","01bfe470","READ","false","true"
"FUN_01371e40","01371e40","01371e55","LAB_01371f8e","01371f8e","CONDITIONAL_JUMP","false","false"
"FUN_01371e40","01371e40","01371e5e","","Stack[-0x18]","WRITE","false","true"
"FUN_01371e40","01371e40","01371e66","","Stack[-0x18]","DATA","false","true"
"FUN_01371e40","01371e40","01371e6d","","Stack[-0x14]","DATA","false","true"
"FUN_01371e40","01371e40","01371e78","FUN_00f1d720","00f1d720","UNCONDITIONAL_CALL","true","false"
"FUN_01371e40","01371e40","01371e7d","","Stack[-0xc]","READ","false","true"
"FUN_01371e40","01371e40","01371e85","LAB_01371e96","01371e96","CONDITIONAL_JUMP","false","false"
"FUN_01371e40","01371e40","01371e8b","LAB_01371e96","01371e96","CONDITIONAL_JUMP","false","false"
"FUN_01371e40","01371e40","01371e8f","LAB_01371e96","01371e96","CONDITIONAL_JUMP","false","false"
"FUN_01371e40","01371e40","01371e94","LAB_01371e98","01371e98","UNCONDITIONAL_JUMP","false","false"
"FUN_01371e40","01371e40","01371e9a","DAT_01bc6948","01bc6948","DATA","false","true"
"FUN_01371e40","01371e40","01371e9f","DAT_01bc3cf8","01bc3cf8","DATA","false","true"
"FUN_01371e40","01371e40","01371ea7","VCRUNTIME140.DLL::__RTDynamicCast","01831f4c","UNCONDITIONAL_CALL","true","false"
"FUN_01371e40","01371e40","01371eba","LAB_01371f8e","01371f8e","CONDITIONAL_JUMP","false","false"
"FUN_01371e40","01371e40","01371ed8","FUN_00ff8bc0","00ff8bc0","UNCONDITIONAL_CALL","true","false"
"FUN_01371e40","01371e40","01371ef4","FUN_00ff8bc0","00ff8bc0","UNCONDITIONAL_CALL","true","false"
"FUN_01371e40","01371e40","01371f10","FUN_00ff8bc0","00ff8bc0","UNCONDITIONAL_CALL","true","false"
"FUN_01371e40","01371e40","01371f2c","FUN_00ff8bc0","00ff8bc0","UNCONDITIONAL_CALL","true","false"
"FUN_01371e40","01371e40","01371f48","FUN_00ff8bc0","00ff8bc0","UNCONDITIONAL_CALL","true","false"
"FUN_01371e40","01371e40","01371f64","FUN_00ff8bc0","00ff8bc0","UNCONDITIONAL_CALL","true","false"
"FUN_01371e40","01371e40","01371f80","FUN_00ff8bc0","00ff8bc0","UNCONDITIONAL_CALL","true","false"
"FUN_01371fa0","01371fa0","01371fa9","DAT_01bbb1c0","01bbb1c0","READ","false","true"
"FUN_01371fa0","01371fa0","01371fb0","","Stack[-0xc]","WRITE","false","true"
"FUN_01371fa0","01371fa0","01371fb4","","Stack[0x4]","READ","false","true"
"FUN_01371fa0","01371fa0","01371fb9","","Stack[0x8]","READ","false","true"
"FUN_01371fa0","01371fa0","01371fc4","switchD_01371fca::default","01372389","CONDITIONAL_JUMP","false","false"
"FUN_01371fa0","01371fa0","01371fca","switchD_01371fca::caseD_0","01371fd1","COMPUTED_JUMP","false","false"
"FUN_01371fa0","01371fa0","01371fca","switchD_01371fca::caseD_1","01372001","COMPUTED_JUMP","false","false"
"FUN_01371fa0","01371fa0","01371fca","switchD_01371fca::caseD_2","013720a1","COMPUTED_JUMP","false","false"
"FUN_01371fa0","01371fa0","01371fca","switchD_01371fca::caseD_3","01372291","COMPUTED_JUMP","false","false"
"FUN_01371fa0","01371fa0","01371fca","switchD_01371fca::caseD_4","013722cd","COMPUTED_JUMP","false","false"
"FUN_01371fa0","01371fa0","01371fca","switchD_01371fca::caseD_5","0137237e","COMPUTED_JUMP","false","false"
"FUN_01371fa0","01371fa0","01371fca","switchD_01371fca::caseD_6","013721f4","COMPUTED_JUMP","false","false"
"FUN_01371fa0","01371fa0","01371fca","switchD_01371fca::switchdataD_013723a4","013723a4","DATA","false","true"
"FUN_01371fa0","01371fa0","01371fd6","switchD_01371fca::default","01372389","CONDITIONAL_JUMP","false","false"
"FUN_01371fa0","01371fa0","01371ff6","__security_check_cookie","0179869b","UNCONDITIONAL_CALL","true","false"
"FUN_01371fa0","01371fa0","0137200d","LAB_01372081","01372081","CONDITIONAL_JUMP","false","false"
"FUN_01371fa0","01371fa0","01372014","LAB_01372081","01372081","CONDITIONAL_JUMP","false","false"
"FUN_01371fa0","01371fa0","01372020","LAB_01372081","01372081","CONDITIONAL_JUMP","false","false"
"FUN_01371fa0","01371fa0","01372029","LAB_0137239d","0137239d","CONDITIONAL_JUMP","false","false"
"FUN_01371fa0","01371fa0","01372031","LAB_01372058","01372058","CONDITIONAL_JUMP","false","false"
"FUN_01371fa0","01371fa0","0137203f","FUN_01374ce0","01374ce0","UNCONDITIONAL_CALL","true","false"
"FUN_01371fa0","01371fa0","0137204d","__security_check_cookie","0179869b","UNCONDITIONAL_CALL","true","false"
"FUN_01371fa0","01371fa0","01372060","VCRUNTIME140.DLL::memset","01831f34","UNCONDITIONAL_CALL","true","false"
"FUN_01371fa0","01371fa0","01372068","PTR__errno_019ec93c","019ec93c","READ","false","true"
"FUN_01371fa0","01371fa0","01372068","UCRTBASE.DLL::_errno","EXTERNAL:00000228","COMPUTED_CALL","true","false"
"FUN_01371fa0","01371fa0","01372074","PTR__invalid_parameter_noinfo_019ec940","019ec940","READ","false","true"
"FUN_01371fa0","01371fa0","01372074","UCRTBASE.DLL::_invalid_parameter_noinfo","EXTERNAL:00000229","COMPUTED_CALL","true","false"
"FUN_01371fa0","01371fa0","01372088","FUN_01374ce0","01374ce0","UNCONDITIONAL_CALL","true","false"
"FUN_01371fa0","01371fa0","01372096","__security_check_cookie","0179869b","UNCONDITIONAL_CALL","true","false"
"FUN_01371fa0","01371fa0","013720c1","LAB_0137211a","0137211a","CONDITIONAL_JUMP","false","false"
"FUN_01371fa0","01371fa0","013720c8","LAB_0137211a","0137211a","CONDITIONAL_JUMP","false","false"
"FUN_01371fa0","01371fa0","013720d3","LAB_0137211a","0137211a","CONDITIONAL_JUMP","false","false"
"FUN_01371fa0","01371fa0","013720d9","LAB_0137239d","0137239d","CONDITIONAL_JUMP","false","false"
"FUN_01371fa0","01371fa0","013720e4","LAB_013720ea","013720ea","CONDITIONAL_JUMP","false","false"
"FUN_01371fa0","01371fa0","013720e8","LAB_01372113","01372113","UNCONDITIONAL_JUMP","false","false"
"FUN_01371fa0","01371fa0","013720f2","VCRUNTIME140.DLL::memset","01831f34","UNCONDITIONAL_CALL","true","false"
"FUN_01371fa0","01371fa0","013720fa","PTR__errno_019ec93c","019ec93c","READ","false","true"
"FUN_01371fa0","01371fa0","013720fa","UCRTBASE.DLL::_errno","EXTERNAL:00000228","COMPUTED_CALL","true","false"
"FUN_01371fa0","01371fa0","01372106","PTR__invalid_parameter_noinfo_019ec940","019ec940","READ","false","true"
"FUN_01371fa0","01371fa0","01372106","UCRTBASE.DLL::_invalid_parameter_noinfo","EXTERNAL:00000229","COMPUTED_CALL","true","false"
"FUN_01371fa0","01371fa0","0137211f","LAB_01372172","01372172","CONDITIONAL_JUMP","false","false"
"FUN_01371fa0","01371fa0","01372126","LAB_01372172","01372172","CONDITIONAL_JUMP","false","false"
"FUN_01371fa0","01371fa0","01372131","LAB_01372172","01372172","CONDITIONAL_JUMP","false","false"
"FUN_01371fa0","01371fa0","01372137","LAB_0137239d","0137239d","CONDITIONAL_JUMP","false","false"
"FUN_01371fa0","01371fa0","0137213f","LAB_01372145","01372145","CONDITIONAL_JUMP","false","false"
"FUN_01371fa0","01371fa0","01372143","LAB_0137216b","0137216b","UNCONDITIONAL_JUMP","false","false"
"FUN_01371fa0","01371fa0","0137214d","VCRUNTIME140.DLL::memset","01831f34","UNCONDITIONAL_CALL","true","false"
"FUN_01371fa0","01371fa0","01372155","PTR__errno_019ec93c","019ec93c","READ","false","true"
"FUN_01371fa0","01371fa0","01372155","UCRTBASE.DLL::_errno","EXTERNAL:00000228","COMPUTED_CALL","true","false"
"FUN_01371fa0","01371fa0","01372161","PTR__invalid_parameter_noinfo_019ec940","019ec940","READ","false","true"
"FUN_01371fa0","01371fa0","01372161","UCRTBASE.DLL::_invalid_parameter_noinfo","EXTERNAL:00000229","COMPUTED_CALL","true","false"
"FUN_01371fa0","01371fa0","0137217a","LAB_013721c9","013721c9","CONDITIONAL_JUMP","false","false"
"FUN_01371fa0","01371fa0","01372181","LAB_013721c9","013721c9","CONDITIONAL_JUMP","false","false"
"FUN_01371fa0","01371fa0","0137218c","LAB_013721c9","013721c9","CONDITIONAL_JUMP","false","false"
"FUN_01371fa0","01371fa0","01372190","LAB_0137239d","0137239d","CONDITIONAL_JUMP","false","false"
"FUN_01371fa0","01371fa0","0137219b","LAB_013721a5","013721a5","CONDITIONAL_JUMP","false","false"
"FUN_01371fa0","01371fa0","013721a3","LAB_013721c7","013721c7","UNCONDITIONAL_JUMP","false","false"
"FUN_01371fa0","01371fa0","013721ad","VCRUNTIME140.DLL::memset","01831f34","UNCONDITIONAL_CALL","true","false"
"FUN_01371fa0","01371fa0","013721b5","PTR__errno_019ec93c","019ec93c","READ","false","true"
"FUN_01371fa0","01371fa0","013721b5","UCRTBASE.DLL::_errno","EXTERNAL:00000228","COMPUTED_CALL","true","false"
"FUN_01371fa0","01371fa0","013721c1","PTR__invalid_parameter_noinfo_019ec940","019ec940","READ","false","true"
"FUN_01371fa0","01371fa0","013721c1","UCRTBASE.DLL::_invalid_parameter_noinfo","EXTERNAL:00000229","COMPUTED_CALL","true","false"
"FUN_01371fa0","01371fa0","013721db","FUN_013740f0","013740f0","UNCONDITIONAL_CALL","true","false"
"FUN_01371fa0","01371fa0","013721e9","__security_check_cookie","0179869b","UNCONDITIONAL_CALL","true","false"
"FUN_01371fa0","01371fa0","013721fc","LAB_0137222d","0137222d","CONDITIONAL_JUMP","false","false"
"FUN_01371fa0","01371fa0","01372202","LAB_0137220b","0137220b","CONDITIONAL_JUMP","false","false"
"FUN_01371fa0","01371fa0","01372235","LAB_01372253","01372253","CONDITIONAL_JUMP","false","false"
"FUN_01371fa0","01371fa0","0137225b","switchD_01371fca::default","01372389","CONDITIONAL_JUMP","false","false"
"FUN_01371fa0","01371fa0","01372286","__security_check_cookie","0179869b","UNCONDITIONAL_CALL","true","false"
"FUN_01371fa0","01371fa0","01372294","FUN_0137a3e0","0137a3e0","UNCONDITIONAL_CALL","true","false"
"FUN_01371fa0","01371fa0","0137229e","LAB_013722a7","013722a7","CONDITIONAL_JUMP","false","false"
"FUN_01371fa0","01371fa0","013722ac","switchD_01371fca::default","01372389","CONDITIONAL_JUMP","false","false"
"FUN_01371fa0","01371fa0","013722c2","__security_check_cookie","0179869b","UNCONDITIONAL_CALL","true","false"
"FUN_01371fa0","01371fa0","013722da","LAB_0137232d","0137232d","CONDITIONAL_JUMP","false","false"
"FUN_01371fa0","01371fa0","013722e1","LAB_0137232d","0137232d","CONDITIONAL_JUMP","false","false"
"FUN_01371fa0","01371fa0","013722ec","LAB_0137232d","0137232d","CONDITIONAL_JUMP","false","false"
"FUN_01371fa0","01371fa0","013722f0","LAB_0137239d","0137239d","CONDITIONAL_JUMP","false","false"
"FUN_01371fa0","01371fa0","013722fb","LAB_01372301","01372301","CONDITIONAL_JUMP","false","false"
"FUN_01371fa0","01371fa0","013722ff","LAB_01372327","01372327","UNCONDITIONAL_JUMP","false","false"
"FUN_01371fa0","01371fa0","01372309","VCRUNTIME140.DLL::memset","01831f34","UNCONDITIONAL_CALL","true","false"
"FUN_01371fa0","01371fa0","01372311","PTR__errno_019ec93c","019ec93c","READ","false","true"
"FUN_01371fa0","01371fa0","01372311","UCRTBASE.DLL::_errno","EXTERNAL:00000228","COMPUTED_CALL","true","false"
"FUN_01371fa0","01371fa0","0137231d","PTR__invalid_parameter_noinfo_019ec940","019ec940","READ","false","true"
"FUN_01371fa0","01371fa0","0137231d","UCRTBASE.DLL::_invalid_parameter_noinfo","EXTERNAL:00000229","COMPUTED_CALL","true","false"
"FUN_01371fa0","01371fa0","0137232b","LAB_01372354","01372354","CONDITIONAL_JUMP","false","false"
"FUN_01371fa0","01371fa0","01372332","LAB_01372354","01372354","CONDITIONAL_JUMP","false","false"
"FUN_01371fa0","01371fa0","01372360","switchD_01371fca::default","01372389","CONDITIONAL_JUMP","false","false"
"FUN_01371fa0","01371fa0","01372365","FUN_01242bf0","01242bf0","UNCONDITIONAL_CALL","true","false"
"FUN_01371fa0","01371fa0","01372373","__security_check_cookie","0179869b","UNCONDITIONAL_CALL","true","false"
"FUN_01371fa0","01371fa0","01372384","FUN_01375f10","01375f10","UNCONDITIONAL_CALL","true","false"
"FUN_01371fa0","01371fa0","01372389","","Stack[-0xc]","READ","false","true"
"FUN_01371fa0","01371fa0","01372392","__security_check_cookie","0179869b","UNCONDITIONAL_CALL","true","false"
"FUN_01371fa0","01371fa0","0137239d","FUN_00f3fcb0","00f3fcb0","UNCONDITIONAL_CALL","true","false"
"FUN_014484b0","014484b0","014484b4","DAT_01bfb2c4","01bfb2c4","READ","false","true"
"FUN_014484b0","014484b0","014484bd","","Stack[-0xc]","WRITE","false","true"
"FUN_014484b0","014484b0","014484c8","LAB_014484de","014484de","CONDITIONAL_JUMP","false","false"
"FUN_014484b0","014484b0","014484e6","LAB_014487ab","014487ab","CONDITIONAL_JUMP","false","false"
"FUN_014484b0","014484b0","014484fa","LAB_01448616","01448616","CONDITIONAL_JUMP","false","false"
"FUN_014484b0","014484b0","0144852e","LAB_01448554","01448554","CONDITIONAL_JUMP","false","false"
"FUN_014484b0","014484b0","01448537","LAB_01448550","01448550","CONDITIONAL_JUMP","false","false"
"FUN_014484b0","014484b0","01448543","LAB_01448550","01448550","CONDITIONAL_JUMP","false","false"
"FUN_014484b0","014484b0","0144854e","LAB_01448540","01448540","CONDITIONAL_JUMP","false","false"
"FUN_014484b0","014484b0","01448552","LAB_0144856c","0144856c","UNCONDITIONAL_JUMP","false","false"
"FUN_014484b0","014484b0","0144855c","LAB_0144856c","0144856c","CONDITIONAL_JUMP","false","false"
"FUN_014484b0","014484b0","0144856a","LAB_01448560","01448560","CONDITIONAL_JUMP","false","false"
"FUN_014484b0","014484b0","0144856e","LAB_01448505","01448505","CONDITIONAL_JUMP","false","false"
"FUN_014484b0","014484b0","01448570","","Stack[-0x8]","WRITE","false","true"
"FUN_014484b0","014484b0","01448577","DAT_01bfb2c4","01bfb2c4","READ","false","true"
"FUN_014484b0","014484b0","0144857d","","Stack[-0x4]","WRITE","false","true"
"FUN_014484b0","014484b0","01448581","","Stack[-0xc]","READ","false","true"
"FUN_014484b0","014484b0","01448586","LAB_0144859c","0144859c","CONDITIONAL_JUMP","false","false"
"FUN_014484b0","014484b0","01448596","DAT_01bfb2c4","01bfb2c4","READ","false","true"
"FUN_014484b0","014484b0","0144859c","","Stack[-0x8]","READ","false","true"
"FUN_014484b0","014484b0","014485a3","LAB_014485f1","014485f1","CONDITIONAL_JUMP","false","false"
"FUN_014484b0","014484b0","014485a8","LAB_014485d0","014485d0","CONDITIONAL_JUMP","false","false"
"FUN_014484b0","014484b0","014485ad","LAB_01448612","01448612","CONDITIONAL_JUMP","false","false"
"FUN_014484b0","014484b0","014485bd","s_system\LevelEffect\Enchant_K60.n_01afe6e8","01afe6e8","DATA","false","true"
"FUN_014484b0","014484b0","014485c4","FUN_015b7840","015b7840","UNCONDITIONAL_CALL","true","false"
"FUN_014484b0","014484b0","014485de","s_system\LevelEffect\Enchant_K45.n_01afe6c4","01afe6c4","DATA","false","true"
"FUN_014484b0","014484b0","014485e5","FUN_015b7840","015b7840","UNCONDITIONAL_CALL","true","false"
"FUN_014484b0","014484b0","014485ff","s_system\LevelEffect\Red_K16.nif_01afe618","01afe618","DATA","false","true"
"FUN_014484b0","014484b0","01448606","FUN_015b7840","015b7840","UNCONDITIONAL_CALL","true","false"
"FUN_014484b0","014484b0","01448612","","Stack[-0x4]","READ","false","true"
"FUN_014484b0","014484b0","0144861c","switchD_0144861e::default","01448646","CONDITIONAL_JUMP","false","false"
"FUN_014484b0","014484b0","0144861e","switchD_0144861e::caseD_1","01448790","COMPUTED_JUMP","false","false"
"FUN_014484b0","014484b0","0144861e","switchD_0144861e::caseD_2","01448625","COMPUTED_JUMP","false","false"
"FUN_014484b0","014484b0","0144861e","switchD_0144861e::switchdataD_014487b4","014487b4","DATA","false","true"
"FUN_014484b0","014484b0","0144861e","LAB_014487b0","014487b0","READ","false","true"
"FUN_014484b0","014484b0","01448633","s_system\LevelEffect\Red_K15.nif_01afe6a4","01afe6a4","DATA","false","true"
"FUN_014484b0","014484b0","0144863a","FUN_015b7840","015b7840","UNCONDITIONAL_CALL","true","false"
"FUN_014484b0","014484b0","01448649","LAB_01448660","01448660","CONDITIONAL_JUMP","false","false"
"FUN_014484b0","014484b0","01448663","LAB_01448686","01448686","CONDITIONAL_JUMP","false","false"
"FUN_014484b0","014484b0","01448673","s_system\LevelEffect\Sky_K04.nif_01afe74c","01afe74c","DATA","false","true"
"FUN_014484b0","014484b0","0144867a","FUN_015b7840","015b7840","UNCONDITIONAL_CALL","true","false"
"FUN_014484b0","014484b0","01448689","LAB_014486ac","014486ac","CONDITIONAL_JUMP","false","false"
"FUN_014484b0","014484b0","01448699","s_system\LevelEffect\Sky_K05.nif_01afe76c","01afe76c","DATA","false","true"
"FUN_014484b0","014484b0","014486a0","FUN_015b7840","015b7840","UNCONDITIONAL_CALL","true","false"
"FUN_014484b0","014484b0","014486af","LAB_014486d2","014486d2","CONDITIONAL_JUMP","false","false"
"FUN_014484b0","014484b0","014486bf","s_system\LevelEffect\Sky_K06.nif_01afe70c","01afe70c","DATA","false","true"
"FUN_014484b0","014484b0","014486c6","FUN_015b7840","015b7840","UNCONDITIONAL_CALL","true","false"
"FUN_014484b0","014484b0","014486d5","LAB_014486f8","014486f8","CONDITIONAL_JUMP","false","false"
"FUN_014484b0","014484b0","014486e5","s_system\LevelEffect\Blue_K07.nif_01afe72c","01afe72c","DATA","false","true"
"FUN_014484b0","014484b0","014486ec","FUN_015b7840","015b7840","UNCONDITIONAL_CALL","true","false"
"FUN_014484b0","014484b0","014486fb","LAB_0144871e","0144871e","CONDITIONAL_JUMP","false","false"
"FUN_014484b0","014484b0","0144870b","s_system\LevelEffect\Blue_K08.nif_01afe7d4","01afe7d4","DATA","false","true"
"FUN_014484b0","014484b0","01448712","FUN_015b7840","015b7840","UNCONDITIONAL_CALL","true","false"
"FUN_014484b0","014484b0","01448721","LAB_01448744","01448744","CONDITIONAL_JUMP","false","false"
"FUN_014484b0","014484b0","01448731","s_system\LevelEffect\Blue_K09.nif_01afe7f4","01afe7f4","DATA","false","true"
"FUN_014484b0","014484b0","01448738","FUN_015b7840","015b7840","UNCONDITIONAL_CALL","true","false"
"FUN_014484b0","014484b0","01448747","LAB_0144876a","0144876a","CONDITIONAL_JUMP","false","false"
"FUN_014484b0","014484b0","01448757","s_system\LevelEffect\Pupple_K10.ni_01afe78c","01afe78c","DATA","false","true"
"FUN_014484b0","014484b0","0144875e","FUN_015b7840","015b7840","UNCONDITIONAL_CALL","true","false"
"FUN_014484b0","014484b0","0144876d","switchD_0144861e::caseD_1","01448790","CONDITIONAL_JUMP","false","false"
"FUN_014484b0","014484b0","0144877d","s_system\LevelEffect\Pupple_K11.ni_01afe7b0","01afe7b0","DATA","false","true"
"FUN_014484b0","014484b0","01448784","FUN_015b7840","015b7840","UNCONDITIONAL_CALL","true","false"
"FUN_014484b0","014484b0","0144879e","s_system\LevelEffect\Pupple_K12.ni_01afe680","01afe680","DATA","false","true"
"FUN_014484b0","014484b0","014487a5","FUN_015b7840","015b7840","UNCONDITIONAL_CALL","true","false"
"FUN_0161e740","0161e740","0161e747","","Stack[0x4]","READ","false","true"
"FUN_0161e740","0161e740","0161e74a","","Stack[-0x10]","DATA","false","true"
"FUN_0161e740","0161e740","0161e755","FUN_015d4b80","015d4b80","UNCONDITIONAL_CALL","true","false"
"FUN_0161e740","0161e740","0161e75a","","Stack[-0x8]","READ","false","true"
"FUN_0161e740","0161e740","0161e761","LAB_0161e790","0161e790","CONDITIONAL_JUMP","false","false"
"FUN_0161e740","0161e740","0161e768","LAB_0161e790","0161e790","CONDITIONAL_JUMP","false","false"
"FUN_0161e740","0161e740","0161e76c","LAB_0161e790","0161e790","CONDITIONAL_JUMP","false","false"
"FUN_0161e740","0161e740","0161e775","LAB_0161e790","0161e790","CONDITIONAL_JUMP","false","false"
"FUN_0161e740","0161e740","0161e777","","Stack[0x8]","READ","false","true"
"FUN_0161e740","0161e740","0161e783","LAB_0161e78a","0161e78a","CONDITIONAL_JUMP","false","false"
"FUN_0161e740","0161e740","0161e788","LAB_0161e79a","0161e79a","CONDITIONAL_JUMP","false","false"
"FUN_0161e740","0161e740","0161e78e","LAB_0161e780","0161e780","CONDITIONAL_JUMP","false","false"
"FUN_0161e970","0161e970","0161e975","LAB_019c81ad","019c81ad","DATA","false","true"
"FUN_0161e970","0161e970","0161e97a","ExceptionList","ffdff000","READ","false","true"
"FUN_0161e970","0161e970","0161e986","DAT_01bbb1c0","01bbb1c0","READ","false","true"
"FUN_0161e970","0161e970","0161e98e","","Stack[-0x10]","DATA","false","true"
"FUN_0161e970","0161e970","0161e991","ExceptionList","ffdff000","WRITE","false","true"
"FUN_0161e970","0161e970","0161e999","u_EvoDigitama.bin_01a19e88","01a19e88","DATA","false","true"
"FUN_0161e970","0161e970","0161e99e","","Stack[-0x28]","DATA","false","true"
"FUN_0161e970","0161e970","0161e9a1","FUN_00f1a2b0","00f1a2b0","UNCONDITIONAL_CALL","true","false"
"FUN_0161e970","0161e970","0161e9a8","FUN_0161f0f0","0161f0f0","DATA","false","true"
"FUN_0161e970","0161e970","0161e9ae","","Stack[-0x28]","DATA","false","true"
"FUN_0161e970","0161e970","0161e9b1","","Stack[-0x8]","WRITE","false","true"
"FUN_0161e970","0161e970","0161e9bb","FUN_0161b8c0","0161b8c0","UNCONDITIONAL_CALL","true","false"
"FUN_0161e970","0161e970","0161e9c0","","Stack[-0x14]","READ","false","true"
"FUN_0161e970","0161e970","0161e9c3","","Stack[-0x8]","WRITE","false","true"
"FUN_0161e970","0161e970","0161e9cd","LAB_0161ea01","0161ea01","CONDITIONAL_JUMP","false","false"
"FUN_0161e970","0161e970","0161e9cf","","Stack[-0x28]","READ","false","true"
"FUN_0161e970","0161e970","0161e9e1","LAB_0161e9f7","0161e9f7","CONDITIONAL_JUMP","false","false"
"FUN_0161e970","0161e970","0161e9f1","LAB_0161ec5f","0161ec5f","CONDITIONAL_JUMP","false","false"
"FUN_0161e970","0161e970","0161e9f9","FUN_017986fc","017986fc","UNCONDITIONAL_CALL","true","false"
"FUN_0161e970","0161e970","0161ea01","u_EnchantItemInfo.bin_01a19ea8","01a19ea8","DATA","false","true"
"FUN_0161e970","0161e970","0161ea06","","Stack[-0x28]","DATA","false","true"
"FUN_0161e970","0161e970","0161ea09","FUN_00f1a2b0","00f1a2b0","UNCONDITIONAL_CALL","true","false"
"FUN_0161e970","0161e970","0161ea10","FUN_0161f0b0","0161f0b0","DATA","false","true"
"FUN_0161e970","0161e970","0161ea16","","Stack[-0x28]","DATA","false","true"
"FUN_0161e970","0161e970","0161ea19","","Stack[-0x8]","WRITE","false","true"
"FUN_0161e970","0161e970","0161ea23","FUN_0161b8c0","0161b8c0","UNCONDITIONAL_CALL","true","false"
"FUN_0161e970","0161e970","0161ea28","","Stack[-0x14]","READ","false","true"
"FUN_0161e970","0161e970","0161ea2b","","Stack[-0x8]","WRITE","false","true"
"FUN_0161e970","0161e970","0161ea35","LAB_0161ea69","0161ea69","CONDITIONAL_JUMP","false","false"
"FUN_0161e970","0161e970","0161ea37","","Stack[-0x28]","READ","false","true"
"FUN_0161e970","0161e970","0161ea49","LAB_0161ea5f","0161ea5f","CONDITIONAL_JUMP","false","false"
"FUN_0161e970","0161e970","0161ea59","LAB_0161ec5f","0161ec5f","CONDITIONAL_JUMP","false","false"
"FUN_0161e970","0161e970","0161ea61","FUN_017986fc","017986fc","UNCONDITIONAL_CALL","true","false"
"FUN_0161e970","0161e970","0161ea69","u_EnchantStatInfo.bin_01a19ed0","01a19ed0","DATA","false","true"
"FUN_0161e970","0161e970","0161ea6e","","Stack[-0x28]","DATA","false","true"
"FUN_0161e970","0161e970","0161ea71","FUN_00f1a2b0","00f1a2b0","UNCONDITIONAL_CALL","true","false"
"FUN_0161e970","0161e970","0161ea78","FUN_0161f0d0","0161f0d0","DATA","false","true"
"FUN_0161e970","0161e970","0161ea7e","","Stack[-0x28]","DATA","false","true"
"FUN_0161e970","0161e970","0161ea81","","Stack[-0x8]","WRITE","false","true"
"FUN_0161e970","0161e970","0161ea8b","FUN_0161b8c0","0161b8c0","UNCONDITIONAL_CALL","true","false"
"FUN_0161e970","0161e970","0161ea90","","Stack[-0x14]","READ","false","true"
"FUN_0161e970","0161e970","0161ea93","","Stack[-0x8]","WRITE","false","true"
"FUN_0161e970","0161e970","0161ea9d","LAB_0161ead1","0161ead1","CONDITIONAL_JUMP","false","false"
"FUN_0161e970","0161e970","0161ea9f","","Stack[-0x28]","READ","false","true"
"FUN_0161e970","0161e970","0161eab1","LAB_0161eac7","0161eac7","CONDITIONAL_JUMP","false","false"
"FUN_0161e970","0161e970","0161eac1","LAB_0161ec5f","0161ec5f","CONDITIONAL_JUMP","false","false"
"FUN_0161e970","0161e970","0161eac9","FUN_017986fc","017986fc","UNCONDITIONAL_CALL","true","false"
"FUN_0161e970","0161e970","0161ead1","u_TranscendNeed.bin_01a19ef8","01a19ef8","DATA","false","true"
"FUN_0161e970","0161e970","0161ead6","","Stack[-0x28]","DATA","false","true"
"FUN_0161e970","0161e970","0161ead9","FUN_00f1a2b0","00f1a2b0","UNCONDITIONAL_CALL","true","false"
"FUN_0161e970","0161e970","0161eae0","FUN_0161f170","0161f170","DATA","false","true"
"FUN_0161e970","0161e970","0161eae6","","Stack[-0x28]","DATA","false","true"
"FUN_0161e970","0161e970","0161eae9","","Stack[-0x8]","WRITE","false","true"
"FUN_0161e970","0161e970","0161eaf3","FUN_0161b8c0","0161b8c0","UNCONDITIONAL_CALL","true","false"
"FUN_0161e970","0161e970","0161eaf8","","Stack[-0x14]","READ","false","true"
"FUN_0161e970","0161e970","0161eafb","","Stack[-0x8]","WRITE","false","true"
"FUN_0161e970","0161e970","0161eb05","LAB_0161eb39","0161eb39","CONDITIONAL_JUMP","false","false"
"FUN_0161e970","0161e970","0161eb07","","Stack[-0x28]","READ","false","true"
"FUN_0161e970","0161e970","0161eb19","LAB_0161eb2f","0161eb2f","CONDITIONAL_JUMP","false","false"
"FUN_0161e970","0161e970","0161eb29","LAB_0161ec5f","0161ec5f","CONDITIONAL_JUMP","false","false"
"FUN_0161e970","0161e970","0161eb31","FUN_017986fc","017986fc","UNCONDITIONAL_CALL","true","false"
"FUN_0161e970","0161e970","0161eb39","u_TranscendMaterial.bin_01a19f1c","01a19f1c","DATA","false","true"
"FUN_0161e970","0161e970","0161eb3e","","Stack[-0x28]","DATA","false","true"
"FUN_0161e970","0161e970","0161eb41","FUN_00f1a2b0","00f1a2b0","UNCONDITIONAL_CALL","true","false"
"FUN_0161e970","0161e970","0161eb48","FUN_0161f150","0161f150","DATA","false","true"
"FUN_0161e970","0161e970","0161eb4e","","Stack[-0x28]","DATA","false","true"
"FUN_0161e970","0161e970","0161eb51","","Stack[-0x8]","WRITE","false","true"
"FUN_0161e970","0161e970","0161eb5b","FUN_0161b8c0","0161b8c0","UNCONDITIONAL_CALL","true","false"
"FUN_0161e970","0161e970","0161eb60","","Stack[-0x14]","READ","false","true"
"FUN_0161e970","0161e970","0161eb63","","Stack[-0x8]","WRITE","false","true"
"FUN_0161e970","0161e970","0161eb6d","LAB_0161eba1","0161eba1","CONDITIONAL_JUMP","false","false"
"FUN_0161e970","0161e970","0161eb6f","","Stack[-0x28]","READ","false","true"
"FUN_0161e970","0161e970","0161eb81","LAB_0161eb97","0161eb97","CONDITIONAL_JUMP","false","false"
"FUN_0161e970","0161e970","0161eb91","LAB_0161ec5f","0161ec5f","CONDITIONAL_JUMP","false","false"
"FUN_0161e970","0161e970","0161eb99","FUN_017986fc","017986fc","UNCONDITIONAL_CALL","true","false"
"FUN_0161e970","0161e970","0161eba1","u_TranscendCorrect.bin_01a19f48","01a19f48","DATA","false","true"
"FUN_0161e970","0161e970","0161eba6","","Stack[-0x28]","DATA","false","true"
"FUN_0161e970","0161e970","0161eba9","FUN_00f1a2b0","00f1a2b0","UNCONDITIONAL_CALL","true","false"
"FUN_0161e970","0161e970","0161ebb0","FUN_0161f110","0161f110","DATA","false","true"
"FUN_0161e970","0161e970","0161ebb6","","Stack[-0x28]","DATA","false","true"
"FUN_0161e970","0161e970","0161ebb9","","Stack[-0x8]","WRITE","false","true"
"FUN_0161e970","0161e970","0161ebc3","FUN_0161b8c0","0161b8c0","UNCONDITIONAL_CALL","true","false"
"FUN_0161e970","0161e970","0161ebc8","","Stack[-0x14]","READ","false","true"
"FUN_0161e970","0161e970","0161ebcb","","Stack[-0x8]","WRITE","false","true"
"FUN_0161e970","0161e970","0161ebd5","LAB_0161ec05","0161ec05","CONDITIONAL_JUMP","false","false"
"FUN_0161e970","0161e970","0161ebd7","","Stack[-0x28]","READ","false","true"
"FUN_0161e970","0161e970","0161ebe9","LAB_0161ebfb","0161ebfb","CONDITIONAL_JUMP","false","false"
"FUN_0161e970","0161e970","0161ebf9","LAB_0161ec5f","0161ec5f","CONDITIONAL_JUMP","false","false"
"FUN_0161e970","0161e970","0161ebfd","FUN_017986fc","017986fc","UNCONDITIONAL_CALL","true","false"
"FUN_0161e970","0161e970","0161ec05","u_TranscendCorrectEx.bin_01a19f74","01a19f74","DATA","false","true"
"FUN_0161e970","0161e970","0161ec0a","","Stack[-0x28]","DATA","false","true"
"FUN_0161e970","0161e970","0161ec0d","FUN_00f1a2b0","00f1a2b0","UNCONDITIONAL_CALL","true","false"
"FUN_0161e970","0161e970","0161ec14","FUN_0161f130","0161f130","DATA","false","true"
"FUN_0161e970","0161e970","0161ec1a","","Stack[-0x28]","DATA","false","true"
"FUN_0161e970","0161e970","0161ec1d","","Stack[-0x8]","WRITE","false","true"
"FUN_0161e970","0161e970","0161ec27","FUN_0161b8c0","0161b8c0","UNCONDITIONAL_CALL","true","false"
"FUN_0161e970","0161e970","0161ec2c","","Stack[-0x14]","READ","false","true"
"FUN_0161e970","0161e970","0161ec2f","","Stack[-0x8]","WRITE","false","true"
"FUN_0161e970","0161e970","0161ec39","LAB_0161ec6f","0161ec6f","CONDITIONAL_JUMP","false","false"
"FUN_0161e970","0161e970","0161ec3b","","Stack[-0x28]","READ","false","true"
"FUN_0161e970","0161e970","0161ec4d","LAB_0161ec65","0161ec65","CONDITIONAL_JUMP","false","false"
"FUN_0161e970","0161e970","0161ec5d","LAB_0161ec65","0161ec65","CONDITIONAL_JUMP","false","false"
"FUN_0161e970","0161e970","0161ec5f","PTR__invalid_parameter_noinfo_noreturn_019ec944","019ec944","READ","false","true"
"FUN_0161e970","0161e970","0161ec5f","UCRTBASE.DLL::_invalid_parameter_noinfo_noreturn","EXTERNAL:0000022a","COMPUTED_CALL_TERMINATOR","true","false"
"FUN_0161e970","0161e970","0161ec67","FUN_017986fc","017986fc","UNCONDITIONAL_CALL","true","false"
"FUN_0161e970","0161e970","0161ec71","operator_new","017986a9","UNCONDITIONAL_CALL","true","false"
"FUN_0161e970","0161e970","0161ec7b","","Stack[-0x2c]","WRITE","false","true"
"FUN_0161e970","0161e970","0161ec80","LAB_0161ecf7","0161ecf7","CONDITIONAL_JUMP","false","false"
"FUN_0161e970","0161e970","0161ec87","VCRUNTIME140.DLL::memset","01831f34","UNCONDITIONAL_CALL","true","false"
"FUN_0161e970","0161e970","0161ec8c","DAT_01a19fa8","01a19fa8","DATA","false","true"
"FUN_0161e970","0161e970","0161ecb9","FUN_0161ed10","0161ed10","DATA","false","true"
"FUN_0161e970","0161e970","0161ecc7","","Stack[-0x2c]","WRITE","false","true"
"FUN_0161e970","0161e970","0161ece9","LAB_0161ecf7","0161ecf7","CONDITIONAL_JUMP","false","false"
"FUN_0161e970","0161e970","0161eceb","","Stack[-0x2c]","DATA","false","true"
"FUN_0161e970","0161e970","0161ecf2","FUN_015d0700","015d0700","UNCONDITIONAL_CALL","true","false"
"FUN_0161e970","0161e970","0161ecf7","","Stack[-0x10]","READ","false","true"
"FUN_0161e970","0161e970","0161ecfa","ExceptionList","ffdff000","WRITE","false","true"
"FUN_0161ed10","0161ed10","0161ed15","LAB_019cc835","019cc835","DATA","false","true"
"FUN_0161ed10","0161ed10","0161ed1a","ExceptionList","ffdff000","READ","false","true"
"FUN_0161ed10","0161ed10","0161ed26","DAT_01bbb1c0","01bbb1c0","READ","false","true"
"FUN_0161ed10","0161ed10","0161ed2e","","Stack[-0x10]","DATA","false","true"
"FUN_0161ed10","0161ed10","0161ed31","ExceptionList","ffdff000","WRITE","false","true"
"FUN_0161ed10","0161ed10","0161ed39","","Stack[-0x18]","WRITE","false","true"
"FUN_0161ed10","0161ed10","0161ed3c","","Stack[0x4]","READ","false","true"
"FUN_0161ed10","0161ed10","0161ed41","LAB_0161f017","0161f017","CONDITIONAL_JUMP","false","false"
"FUN_0161ed10","0161ed10","0161ed49","DAT_01bc2824","01bc2824","DATA","false","true"
"FUN_0161ed10","0161ed10","0161ed4e","DAT_01bca164","01bca164","DATA","false","true"
"FUN_0161ed10","0161ed10","0161ed56","VCRUNTIME140.DLL::__RTDynamicCast","01831f4c","UNCONDITIONAL_CALL","true","false"
"FUN_0161ed10","0161ed10","0161ed64","LAB_0161ef9a","0161ef9a","CONDITIONAL_JUMP","false","false"
"FUN_0161ed10","0161ed10","0161ed6c","FUN_01670b40","01670b40","UNCONDITIONAL_CALL","true","false"
"FUN_0161ed10","0161ed10","0161ed79","LAB_0161f002","0161f002","CONDITIONAL_JUMP","false","false"
"FUN_0161ed10","0161ed10","0161ed7f","","Stack[-0x18]","READ","false","true"
"FUN_0161ed10","0161ed10","0161ed85","","Stack[-0x1c]","WRITE","false","true"
"FUN_0161ed10","0161ed10","0161ed8c","","Stack[-0x74]","DATA","false","true"
"FUN_0161ed10","0161ed10","0161ed90","_Find_lower_bound<>","015b68b0","UNCONDITIONAL_CALL","true","false"
"FUN_0161ed10","0161ed10","0161ed95","","Stack[-0x6c]","READ","false","true"
"FUN_0161ed10","0161ed10","0161ed9c","LAB_0161edab","0161edab","CONDITIONAL_JUMP","false","false"
"FUN_0161ed10","0161ed10","0161eda4","LAB_0161edab","0161edab","CONDITIONAL_JUMP","false","false"
"FUN_0161ed10","0161ed10","0161eda6","","Stack[-0x18]","READ","false","true"
"FUN_0161ed10","0161ed10","0161eda9","LAB_0161edb1","0161edb1","UNCONDITIONAL_JUMP","false","false"
"FUN_0161ed10","0161ed10","0161edab","","Stack[-0x18]","READ","false","true"
"FUN_0161ed10","0161ed10","0161edb4","","Stack[-0x20]","WRITE","false","true"
"FUN_0161ed10","0161ed10","0161edb9","LAB_0161ef0f","0161ef0f","CONDITIONAL_JUMP","false","false"
"FUN_0161ed10","0161ed10","0161edc1","","Stack[-0x54]","DATA","false","true"
"FUN_0161ed10","0161ed10","0161edc7","VCRUNTIME140.DLL::memset","01831f34","UNCONDITIONAL_CALL","true","false"
"FUN_0161ed10","0161ed10","0161edcf","DAT_01a19e68","01a19e68","DATA","false","true"
"FUN_0161ed10","0161ed10","0161edcf","","Stack[-0x54]","WRITE","false","true"
"FUN_0161ed10","0161ed10","0161edd8","","Stack[-0x40]","WRITE","false","true"
"FUN_0161ed10","0161ed10","0161eddf","","Stack[-0x50]","WRITE","false","true"
"FUN_0161ed10","0161ed10","0161ede6","","Stack[-0x3c]","WRITE","false","true"
"FUN_0161ed10","0161ed10","0161eded","","Stack[-0x38]","WRITE","false","true"
"FUN_0161ed10","0161ed10","0161edf1","","Stack[-0x50]","WRITE","false","true"
"FUN_0161ed10","0161ed10","0161edf5","","Stack[-0x28]","WRITE","false","true"
"FUN_0161ed10","0161ed10","0161edf8","","Stack[-0x24]","WRITE","false","true"
"FUN_0161ed10","0161ed10","0161edff","","Stack[-0x38]","WRITE","false","true"
"FUN_0161ed10","0161ed10","0161ee03","","Stack[-0x1c]","READ","false","true"
"FUN_0161ed10","0161ed10","0161ee06","","Stack[-0x8]","WRITE","false","true"
"FUN_0161ed10","0161ed10","0161ee0d","","Stack[-0x80]","DATA","false","true"
"FUN_0161ed10","0161ed10","0161ee11","_Find_lower_bound<>","015b68b0","UNCONDITIONAL_CALL","true","false"
"FUN_0161ed10","0161ed10","0161ee1d","","Stack[-0x68]","WRITE","false","true"
"FUN_0161ed10","0161ed10","0161ee26","LAB_0161ee39","0161ee39","CONDITIONAL_JUMP","false","false"
"FUN_0161ed10","0161ed10","0161ee2e","LAB_0161ee39","0161ee39","CONDITIONAL_JUMP","false","false"
"FUN_0161ed10","0161ed10","0161ee30","","Stack[-0x11]","WRITE","false","true"
"FUN_0161ed10","0161ed10","0161ee34","LAB_0161eeee","0161eeee","UNCONDITIONAL_JUMP","false","false"
"FUN_0161ed10","0161ed10","0161ee39","","Stack[-0x1c]","READ","false","true"
"FUN_0161ed10","0161ed10","0161ee43","LAB_0161f02c","0161f02c","CONDITIONAL_JUMP","false","false"
"FUN_0161ed10","0161ed10","0161ee49","","Stack[-0x5c]","WRITE","false","true"
"FUN_0161ed10","0161ed10","0161ee4e","","Stack[-0x8]","WRITE","false","true"
"FUN_0161ed10","0161ed10","0161ee52","","Stack[-0x58]","WRITE","false","true"
"FUN_0161ed10","0161ed10","0161ee59","operator_new","017986a9","UNCONDITIONAL_CALL","true","false"
"FUN_0161ed10","0161ed10","0161ee64","","Stack[-0x50]","READ","false","true"
"FUN_0161ed10","0161ed10","0161ee68","","Stack[-0x58]","WRITE","false","true"
"FUN_0161ed10","0161ed10","0161ee74","DAT_01a19e68","01a19e68","DATA","false","true"
"FUN_0161ed10","0161ed10","0161ee8e","","Stack[-0x40]","READ","false","true"
"FUN_0161ed10","0161ed10","0161ee93","","Stack[-0x64]","READ","false","true"
"FUN_0161ed10","0161ed10","0161ee9b","","Stack[-0x38]","READ","false","true"
"FUN_0161ed10","0161ed10","0161ee9f","","Stack[-0x50]","WRITE","false","true"
"FUN_0161ed10","0161ed10","0161eea3","","Stack[-0x68]","READ","false","true"
"FUN_0161ed10","0161ed10","0161eeaa","","Stack[-0x38]","WRITE","false","true"
"FUN_0161ed10","0161ed10","0161eeae","","Stack[-0x28]","READ","false","true"
"FUN_0161ed10","0161ed10","0161eeb8","","Stack[-0x28]","WRITE","false","true"
"FUN_0161ed10","0161ed10","0161eebb","","Stack[-0x20]","READ","false","true"
"FUN_0161ed10","0161ed10","0161eec8","","Stack[-0x40]","WRITE","false","true"
"FUN_0161ed10","0161ed10","0161eecf","","Stack[-0x3c]","WRITE","false","true"
"FUN_0161ed10","0161ed10","0161eed6","","Stack[-0x24]","WRITE","false","true"
"FUN_0161ed10","0161ed10","0161eee3","FUN_015b0610","015b0610","UNCONDITIONAL_CALL","true","false"
"FUN_0161ed10","0161ed10","0161eeea","","Stack[-0x11]","WRITE","false","true"
"FUN_0161ed10","0161ed10","0161eeee","","Stack[-0x38]","DATA","false","true"
"FUN_0161ed10","0161ed10","0161eef1","","Stack[-0x8]","WRITE","false","true"
"FUN_0161ed10","0161ed10","0161eef8","thunk_FUN_00f1a330","00f1a390","UNCONDITIONAL_CALL","true","false"
"FUN_0161ed10","0161ed10","0161eefd","","Stack[-0x50]","DATA","false","true"
"FUN_0161ed10","0161ed10","0161ef00","thunk_FUN_00f1a330","00f1a390","UNCONDITIONAL_CALL","true","false"
"FUN_0161ed10","0161ed10","0161ef05","","Stack[-0x11]","READ","false","true"
"FUN_0161ed10","0161ed10","0161ef09","LAB_0161f017","0161f017","CONDITIONAL_JUMP","false","false"
"FUN_0161ed10","0161ed10","0161ef17","LAB_0161ef2b","0161ef2b","CONDITIONAL_JUMP","false","false"
"FUN_0161ed10","0161ed10","0161ef20","LAB_0161ef24","0161ef24","CONDITIONAL_JUMP","false","false"
"FUN_0161ed10","0161ed10","0161ef26","FUN_00f1a040","00f1a040","UNCONDITIONAL_CALL","true","false"
"FUN_0161ed10","0161ed10","0161ef33","LAB_0161ef47","0161ef47","CONDITIONAL_JUMP","false","false"
"FUN_0161ed10","0161ed10","0161ef3c","LAB_0161ef40","0161ef40","CONDITIONAL_JUMP","false","false"
"FUN_0161ed10","0161ed10","0161ef42","FUN_00f1a040","00f1a040","UNCONDITIONAL_CALL","true","false"
"FUN_0161ed10","0161ed10","0161ef4e","LAB_0161ef74","0161ef74","CONDITIONAL_JUMP","false","false"
"FUN_0161ed10","0161ed10","0161ef57","LAB_0161ef70","0161ef70","CONDITIONAL_JUMP","false","false"
"FUN_0161ed10","0161ed10","0161ef63","LAB_0161ef70","0161ef70","CONDITIONAL_JUMP","false","false"
"FUN_0161ed10","0161ed10","0161ef6e","LAB_0161ef60","0161ef60","CONDITIONAL_JUMP","false","false"
"FUN_0161ed10","0161ed10","0161ef72","LAB_0161ef8c","0161ef8c","UNCONDITIONAL_JUMP","false","false"
"FUN_0161ed10","0161ed10","0161ef7c","LAB_0161ef8c","0161ef8c","CONDITIONAL_JUMP","false","false"
"FUN_0161ed10","0161ed10","0161ef8a","LAB_0161ef80","0161ef80","CONDITIONAL_JUMP","false","false"
"FUN_0161ed10","0161ed10","0161ef90","LAB_0161f002","0161f002","CONDITIONAL_JUMP","false","false"
"FUN_0161ed10","0161ed10","0161ef92","","Stack[-0x1c]","READ","false","true"
"FUN_0161ed10","0161ed10","0161ef95","LAB_0161ed88","0161ed88","UNCONDITIONAL_JUMP","false","false"
"FUN_0161ed10","0161ed10","0161efa3","LAB_0161f002","0161f002","CONDITIONAL_JUMP","false","false"
"FUN_0161ed10","0161ed10","0161efb3","FUN_0166a6a0","0166a6a0","UNCONDITIONAL_CALL","true","false"
"FUN_0161ed10","0161ed10","0161efbf","LAB_0161efe4","0161efe4","CONDITIONAL_JUMP","false","false"
"FUN_0161ed10","0161ed10","0161efc8","LAB_0161efe0","0161efe0","CONDITIONAL_JUMP","false","false"
"FUN_0161ed10","0161ed10","0161efd3","LAB_0161efe0","0161efe0","CONDITIONAL_JUMP","false","false"
"FUN_0161ed10","0161ed10","0161efde","LAB_0161efd0","0161efd0","CONDITIONAL_JUMP","false","false"
"FUN_0161ed10","0161ed10","0161efe2","LAB_0161effc","0161effc","UNCONDITIONAL_JUMP","false","false"
"FUN_0161ed10","0161ed10","0161efec","LAB_0161effc","0161effc","CONDITIONAL_JUMP","false","false"
"FUN_0161ed10","0161ed10","0161effa","LAB_0161eff0","0161eff0","CONDITIONAL_JUMP","false","false"
"FUN_0161ed10","0161ed10","0161f000","LAB_0161efa5","0161efa5","CONDITIONAL_JUMP","false","false"
"FUN_0161ed10","0161ed10","0161f004","","Stack[-0x10]","READ","false","true"
"FUN_0161ed10","0161ed10","0161f007","ExceptionList","ffdff000","WRITE","false","true"
"FUN_0161ed10","0161ed10","0161f019","","Stack[-0x10]","READ","false","true"
"FUN_0161ed10","0161ed10","0161f01c","ExceptionList","ffdff000","WRITE","false","true"
"FUN_0161ed10","0161ed10","0161f02c","FUN_00f1b5f0","00f1b5f0","UNCONDITIONAL_CALL","true","false"
"FUN_0161f0b0","0161f0b0","0161f0b3","","Stack[0x4]","READ","false","true"
"FUN_0161f0b0","0161f0b0","0161f0bf","FUN_0161d720","0161d720","UNCONDITIONAL_CALL","true","false"
"FUN_0161f0d0","0161f0d0","0161f0d3","","Stack[0x4]","READ","false","true"
"FUN_0161f0d0","0161f0d0","0161f0df","FUN_0161ce40","0161ce40","UNCONDITIONAL_CALL","true","false"
"FUN_0161f0f0","0161f0f0","0161f0f3","","Stack[0x4]","READ","false","true"
"FUN_0161f0f0","0161f0f0","0161f0ff","FUN_0161d960","0161d960","UNCONDITIONAL_CALL","true","false"
"FUN_0161f110","0161f110","0161f113","","Stack[0x4]","READ","false","true"
"FUN_0161f130","0161f130","0161f136","","Stack[0x4]","READ","false","true"
"FUN_0161f130","0161f130","0161f13a","FUN_0161b710","0161b710","UNCONDITIONAL_CALL","true","false"
"FUN_0161f150","0161f150","0161f153","","Stack[0x4]","READ","false","true"
"FUN_0161f150","0161f150","0161f15f","FUN_0161db30","0161db30","UNCONDITIONAL_CALL","true","false"
"FUN_0161f170","0161f170","0161f173","","Stack[0x4]","READ","false","true"
"FUN_0161f170","0161f170","0161f17f","FUN_0161d570","0161d570","UNCONDITIONAL_CALL","true","false"
