"FromFunction","FromEntry","FromAddress","ToAddress","ToSymbol","RefType","DataType","Value"
"FUN_00f808f0","00f808f0","00f8090d","ffdff000","ExceptionList","READ","void *","00000000"
"FUN_00f808f0","00f808f0","00f8091b","01bbb1c0","DAT_01bbb1c0","READ","undefined4","-0x44bf19b2"
"FUN_00f808f0","00f808f0","00f8092b","ffdff000","ExceptionList","WRITE","void *","00000000"
"FUN_00f808f0","00f808f0","00f80939","01bfc3b4","DAT_01bfc3b4","READ","undefined4","0x0"
"FUN_00f808f0","00f808f0","00f8093e","01bfb2c4","DAT_01bfb2c4","READ","undefined4","0x0"
"FUN_00f808f0","00f808f0","00f80950","01bfc3b4","DAT_01bfc3b4","READ","undefined4","0x0"
"FUN_00f808f0","00f808f0","00f80974","01bfb2a0","DAT_01bfb2a0","READ","undefined4","0x0"
"FUN_00f808f0","00f808f0","00f80983","01bfb2a0","DAT_01bfb2a0","READ","undefined4","0x0"
"FUN_00f808f0","00f808f0","00f80989","01bfb2d8","DAT_01bfb2d8","READ","undefined4","0x0"
"FUN_00f808f0","00f808f0","00f8098e","01bb97a0","DAT_01bb97a0","WRITE","undefined1","0x1"
"FUN_00f808f0","00f808f0","00f809a0","01b027a8","DAT_01b027a8","READ","undefined4","0x3fc00000"
"FUN_00f808f0","00f808f0","00f809a8","01ac8de8","s_Enchant_Room.mp3_01ac8de8","DATA","string","Enchant_Room.mp3"
"FUN_00f808f0","00f808f0","00f809b2","01bfb8cc","DAT_01bfb8cc","READ","undefined4","0x0"
"FUN_00f808f0","00f808f0","00f809f3","01bfb8cc","DAT_01bfb8cc","READ","undefined4","0x0"
"FUN_00f808f0","00f808f0","00f80a06","01bfb8cc","DAT_01bfb8cc","READ","undefined4","0x0"
"FUN_00f808f0","00f808f0","00f80a46","01bfb8cc","DAT_01bfb8cc","READ","undefined4","0x0"
"FUN_00f808f0","00f808f0","00f80a59","01bfb8cc","DAT_01bfb8cc","READ","undefined4","0x0"
"FUN_00f808f0","00f808f0","00f80ab6","01bfb8cc","DAT_01bfb8cc","READ","undefined4","0x0"
"FUN_00f808f0","00f808f0","00f80ac9","01bfb8cc","DAT_01bfb8cc","READ","undefined4","0x0"
"FUN_00f808f0","00f808f0","00f80b26","01bfb8cc","DAT_01bfb8cc","READ","undefined4","0x0"
"FUN_00f808f0","00f808f0","00f80b41","01bfe464","DAT_01bfe464","READ","undefined4","0x0"
"FUN_00f808f0","00f808f0","00f80bbf","01bfe464","DAT_01bfe464","READ","undefined4","0x0"
"FUN_00f808f0","00f808f0","00f80bd3","01bfb8cc","DAT_01bfb8cc","READ","undefined4","0x0"
"FUN_00f808f0","00f808f0","00f80bea","01bfb8cc","DAT_01bfb8cc","READ","undefined4","0x0"
"FUN_00f808f0","00f808f0","00f80c05","01bfb2a8","DAT_01bfb2a8","READ","undefined4","0x0"
"FUN_00f808f0","00f808f0","00f80c2a","01bfb2a8","DAT_01bfb2a8","READ","undefined4","0x0"
"FUN_00f808f0","00f808f0","00f80c37","01b02b3c","DAT_01b02b3c","READ","undefined4","-0x383cb000"
"FUN_00f808f0","00f808f0","00f80c73","01ac8dfc","s_Data/etcobject/DatsCenter/F_DATS_01ac8dfc","DATA","string","Data/etcobject/DatsCenter/F_DATS_base.nif"
"FUN_00f808f0","00f808f0","00f80c8b","01ac8dfc","s_Data/etcobject/DatsCenter/F_DATS_01ac8dfc","DATA","string","Data/etcobject/DatsCenter/F_DATS_base.nif"
"FUN_00f808f0","00f808f0","00f80d0d","01bee678","DAT_01bee678","READ","undefined8","0x0"
"FUN_00f808f0","00f808f0","00f80d53","01ac8e54","s_Data/etcobject/DatsCenter/C_Grad_01ac8e54","DATA","string","Data/etcobject/DatsCenter/C_Gradation_0001.nif"
"FUN_00f808f0","00f808f0","00f80d67","01ac8e54","s_Data/etcobject/DatsCenter/C_Grad_01ac8e54","DATA","string","Data/etcobject/DatsCenter/C_Gradation_0001.nif"
"FUN_00f808f0","00f808f0","00f80dfd","01bee678","DAT_01bee678","READ","undefined8","0x0"
"FUN_00f808f0","00f808f0","00f80e19","01b02768","DAT_01b02768","READ","undefined4","0x3f800000"
"FUN_00f808f0","00f808f0","00f80e53","01ac8e84","s_Data/etcobject/DatsCenter/D_Grad_01ac8e84","DATA","string","Data/etcobject/DatsCenter/D_Gradation_0001.nif"
"FUN_00f808f0","00f808f0","00f80e61","01ac8e84","s_Data/etcobject/DatsCenter/D_Grad_01ac8e84","DATA","string","Data/etcobject/DatsCenter/D_Gradation_0001.nif"
"FUN_00f808f0","00f808f0","00f80e66","01ac8e54","s_Data/etcobject/DatsCenter/C_Grad_01ac8e54","DATA","string","Data/etcobject/DatsCenter/C_Gradation_0001.nif"
"FUN_00f808f0","00f808f0","00f80e66","01ac8e84","s_Data/etcobject/DatsCenter/D_Grad_01ac8e84","DATA","string","Data/etcobject/DatsCenter/D_Gradation_0001.nif"
"FUN_00f808f0","00f808f0","00f80ef7","01bee678","DAT_01bee678","READ","undefined8","0x0"
"FUN_00f808f0","00f808f0","00f80f39","01bfc3b4","DAT_01bfc3b4","READ","undefined4","0x0"
"FUN_00f808f0","00f808f0","00f80f42","01b02b34","DAT_01b02b34","READ","undefined4","-0x3b510000"
"FUN_00f808f0","00f808f0","00f80f4a","01b02b30","DAT_01b02b30","READ","undefined4","-0x3cb80000"
"FUN_00f808f0","00f808f0","00f80f74","01b02b30","DAT_01b02b30","READ","undefined4","-0x3cb80000"
"FUN_00f808f0","00f808f0","00f80fad","01bfc3b4","DAT_01bfc3b4","READ","undefined4","0x0"
"FUN_00f808f0","00f808f0","00f80fb3","01b02ad4","DAT_01b02ad4","READ","undefined4","-0x435c28f6"
"FUN_00f808f0","00f808f0","00f80fbd","01b025b8","DAT_01b025b8","READ","undefined4","0x3e8a3d71"
"FUN_00f808f0","00f808f0","00f80fca","01bfc3b4","DAT_01bfc3b4","READ","undefined4","0x0"
"FUN_00f808f0","00f808f0","00f80fd0","01b029d4","DAT_01b029d4","READ","undefined4","0x43960000"
"FUN_00f808f0","00f808f0","00f81000","01b02a54","DAT_01b02a54","READ","undefined4","0x44fa0052"
"FUN_00f808f0","00f808f0","00f8100e","01b03420","DAT_01b03420","READ","undefined4","-0x80000000"
"FUN_00f808f0","00f808f0","00f8103e","01b02a50","DAT_01b02a50","READ","undefined4","0x44fa0000"
"FUN_00f808f0","00f808f0","00f81058","01bfc3b4","DAT_01bfc3b4","READ","undefined4","0x0"
"FUN_00f808f0","00f808f0","00f81067","01bfc3b4","DAT_01bfc3b4","READ","undefined4","0x0"
"FUN_00f808f0","00f808f0","00f810b4","01bfc3b4","DAT_01bfc3b4","READ","undefined4","0x0"
"FUN_00f808f0","00f808f0","00f810cb","01b02a50","DAT_01b02a50","READ","undefined4","0x44fa0000"
"FUN_00f808f0","00f808f0","00f810e8","01bfc3b4","DAT_01bfc3b4","READ","undefined4","0x0"
"FUN_00f808f0","00f808f0","00f810f7","01bfc3b4","DAT_01bfc3b4","READ","undefined4","0x0"
"FUN_00f808f0","00f808f0","00f8114c","01ac8eb4","s_Digimon_Box01_01ac8eb4","DATA","string","Digimon_Box01"
"FUN_00f808f0","00f808f0","00f81181","01a1e870","DAT_01a1e870","READ","undefined4","0x0"
"FUN_00f808f0","00f808f0","00f8119e","01beee98","DAT_01beee98","READ","undefined4","0x0"
"FUN_00f808f0","00f808f0","00f811b4","01b029e8","DAT_01b029e8","READ","undefined4","0x43a50000"
"FUN_00f808f0","00f808f0","00f811d9","01bfb2a8","DAT_01bfb2a8","READ","undefined4","0x0"
"FUN_00f808f0","00f808f0","00f81208","01b029a0","DAT_01b029a0","READ","undefined4","0x43160000"
"FUN_00f808f0","00f808f0","00f812c6","01ac8ec4","s_Digimon_Box02_01ac8ec4","DATA","string","Digimon_Box02"
"FUN_00f808f0","00f808f0","00f812fd","01a1e870","DAT_01a1e870","READ","undefined4","0x0"
"FUN_00f808f0","00f808f0","00f8131a","01beee98","DAT_01beee98","READ","undefined4","0x0"
"FUN_00f808f0","00f808f0","00f81360","01b029a0","DAT_01b029a0","READ","undefined4","0x43160000"
"FUN_00f808f0","00f808f0","00f813f9","ffdff000","ExceptionList","WRITE","void *","00000000"
"FUN_00f81940","00f81940","00f8195d","ffdff000","ExceptionList","READ","void *","00000000"
"FUN_00f81940","00f81940","00f81968","01bbb1c0","DAT_01bbb1c0","READ","undefined4","-0x44bf19b2"
"FUN_00f81940","00f81940","00f81978","ffdff000","ExceptionList","WRITE","void *","00000000"
"FUN_00f81940","00f81940","00f8197e","01bfb2b8","DAT_01bfb2b8","READ","undefined4","0x0"
"FUN_00f81940","00f81940","00f8198e","01bc07f0","DAT_01bc07f0","READ","undefined4","0x300"
"FUN_00f81940","00f81940","00f819f3","01bb9b2c","DAT_01bb9b2c","READ","undefined8","0x3f8000003f800000"
"FUN_00f81940","00f81940","00f819fb","01bc07ec","DAT_01bc07ec","READ","undefined4","0x400"
"FUN_00f81940","00f81940","00f81a01","01bb9b34","DAT_01bb9b34","READ","undefined4","0x3f800000"
"FUN_00f81940","00f81940","00f81a09","01ac8ed4","s_EnchantTactics\card_base.tga_01ac8ed4","DATA","string","EnchantTactics\card_base.tga"
"FUN_00f81940","00f81940","00f81a31","01ac8ed4","s_EnchantTactics\card_base.tga_01ac8ed4","DATA","string","EnchantTactics\card_base.tga"
"FUN_00f81940","00f81940","00f81a36","01bfbd40","DAT_01bfbd40","DATA","undefined1","0x0"
"FUN_00f81940","00f81940","00f81ab2","01bc07f0","DAT_01bc07f0","READ","undefined4","0x300"
"FUN_00f81940","00f81940","00f81b1c","01bc07f0","DAT_01bc07f0","READ","undefined4","0x300"
"FUN_00f81940","00f81940","00f81b24","01bb9b34","DAT_01bb9b34","READ","undefined4","0x3f800000"
"FUN_00f81940","00f81940","00f81b2f","01ac8ef4","s_EnchantTactics\card_base2.tga_01ac8ef4","DATA","string","EnchantTactics\card_base2.tga"
"FUN_00f81940","00f81940","00f81b3f","01bc07ec","DAT_01bc07ec","READ","undefined4","0x400"
"FUN_00f81940","00f81940","00f81b47","01b028bc","DAT_01b028bc","READ","undefined4","0x41200000"
"FUN_00f81940","00f81940","00f81b53","01bb9b2c","DAT_01bb9b2c","READ","undefined8","0x3f8000003f800000"
"FUN_00f81940","00f81940","00f81b7e","01ac8ef4","s_EnchantTactics\card_base2.tga_01ac8ef4","DATA","string","EnchantTactics\card_base2.tga"
"FUN_00f81940","00f81940","00f81b83","01bfbd40","DAT_01bfbd40","DATA","undefined1","0x0"
"FUN_00f81940","00f81940","00f81c4a","01bb9b2c","DAT_01bb9b2c","READ","undefined8","0x3f8000003f800000"
"FUN_00f81940","00f81940","00f81c52","01bee88c","DAT_01bee88c","READ","undefined4","0x0"
"FUN_00f81940","00f81940","00f81c57","01bee890","DAT_01bee890","READ","undefined4","0x0"
"FUN_00f81940","00f81940","00f81c5d","01bb9b34","DAT_01bb9b34","READ","undefined4","0x3f800000"
"FUN_00f81940","00f81940","00f81c65","01ac8f14","s_EnchantTactics\NO.tga_01ac8f14","DATA","string","EnchantTactics\NO.tga"
"FUN_00f81940","00f81940","00f81c90","01ac8f14","s_EnchantTactics\NO.tga_01ac8f14","DATA","string","EnchantTactics\NO.tga"
"FUN_00f81940","00f81940","00f81c95","01bfbd40","DAT_01bfbd40","DATA","undefined1","0x0"
"FUN_00f81940","00f81940","00f81d07","01b02768","DAT_01b02768","READ","undefined4","0x3f800000"
"FUN_00f81940","00f81940","00f81dcf","01bb9b2c","DAT_01bb9b2c","READ","undefined8","0x3f8000003f800000"
"FUN_00f81940","00f81940","00f81dd7","01bee88c","DAT_01bee88c","READ","undefined4","0x0"
"FUN_00f81940","00f81940","00f81ddc","01bee890","DAT_01bee890","READ","undefined4","0x0"
"FUN_00f81940","00f81940","00f81de2","01bb9b34","DAT_01bb9b34","READ","undefined4","0x3f800000"
"FUN_00f81940","00f81940","00f81dea","01ac8f2c","s_EnchantTactics\CardSuccess\Succe_01ac8f2c","DATA","string","EnchantTactics\CardSuccess\Succes_R_20.tga"
"FUN_00f81940","00f81940","00f81e15","01ac8f2c","s_EnchantTactics\CardSuccess\Succe_01ac8f2c","DATA","string","EnchantTactics\CardSuccess\Succes_R_20.tga"
"FUN_00f81940","00f81940","00f81e1a","01bfbd40","DAT_01bfbd40","DATA","undefined1","0x0"
"FUN_00f81940","00f81940","00f81ed2","01ac8f58","s_EnchantTactics\CardFail\Fail_R_2_01ac8f58","DATA","string","EnchantTactics\CardFail\Fail_R_20.tga"
"FUN_00f81940","00f81940","00f81edd","01bb9b2c","DAT_01bb9b2c","READ","undefined8","0x3f8000003f800000"
"FUN_00f81940","00f81940","00f81ee5","01bee88c","DAT_01bee88c","READ","undefined4","0x0"
"FUN_00f81940","00f81940","00f81eea","01bee890","DAT_01bee890","READ","undefined4","0x0"
"FUN_00f81940","00f81940","00f81ef0","01bb9b34","DAT_01bb9b34","READ","undefined4","0x3f800000"
"FUN_00f81940","00f81940","00f81f1c","01ac8f58","s_EnchantTactics\CardFail\Fail_R_2_01ac8f58","DATA","string","EnchantTactics\CardFail\Fail_R_20.tga"
"FUN_00f81940","00f81940","00f81f21","01bfbd40","DAT_01bfbd40","DATA","undefined1","0x0"
"FUN_00f81940","00f81940","00f81fdb","01bee890","DAT_01bee890","READ","undefined4","0x0"
"FUN_00f81940","00f81940","00f81fe1","01bee88c","DAT_01bee88c","READ","undefined4","0x0"
"FUN_00f81940","00f81940","00f81ff0","01ac8f84","s_EnchantTactics\CardAni\Card_R__01ac8f84","DATA","string","EnchantTactics\CardAni\Card_R_"
"FUN_00f81940","00f81940","00f8206b","01bee890","DAT_01bee890","READ","undefined4","0x0"
"FUN_00f81940","00f81940","00f82071","01bee88c","DAT_01bee88c","READ","undefined4","0x0"
"FUN_00f81940","00f81940","00f82080","01ac8fa4","s_EnchantTactics\SelectAni\Card_C__01ac8fa4","DATA","string","EnchantTactics\SelectAni\Card_C_"
"FUN_00f81940","00f81940","00f820fb","01bee890","DAT_01bee890","READ","undefined4","0x0"
"FUN_00f81940","00f81940","00f82101","01bee88c","DAT_01bee88c","READ","undefined4","0x0"
"FUN_00f81940","00f81940","00f82110","01ac8fc8","s_EnchantTactics\CardSuccess\Succe_01ac8fc8","DATA","string","EnchantTactics\CardSuccess\Succes_R_"
"FUN_00f81940","00f81940","00f8218b","01bee890","DAT_01bee890","READ","undefined4","0x0"
"FUN_00f81940","00f81940","00f82191","01bee88c","DAT_01bee88c","READ","undefined4","0x0"
"FUN_00f81940","00f81940","00f821a0","01ac8ff0","s_EnchantTactics\CardFail\Fail_R__01ac8ff0","DATA","string","EnchantTactics\CardFail\Fail_R_"
"FUN_00f81940","00f81940","00f8221b","01bee890","DAT_01bee890","READ","undefined4","0x0"
"FUN_00f81940","00f81940","00f82221","01bee88c","DAT_01bee88c","READ","undefined4","0x0"
"FUN_00f81940","00f81940","00f82230","01ac9010","s_EnchantTactics\SuccessAni\Succes_01ac9010","DATA","string","EnchantTactics\SuccessAni\Succes_"
"FUN_00f81940","00f81940","00f822ab","01bee890","DAT_01bee890","READ","undefined4","0x0"
"FUN_00f81940","00f81940","00f822b1","01bee88c","DAT_01bee88c","READ","undefined4","0x0"
"FUN_00f81940","00f81940","00f822c0","01ac9034","s_EnchantTactics\FailAni\Fail__01ac9034","DATA","string","EnchantTactics\FailAni\Fail_"
"FUN_00f81940","00f81940","00f822f3","ffdff000","ExceptionList","WRITE","void *","00000000"
"FUN_01087760","01087760","01087766","01bfb2d8","DAT_01bfb2d8","READ","undefined4","0x0"
"FUN_01087760","01087760","01087775","01bfb2a8","DAT_01bfb2a8","READ","undefined4","0x0"
"FUN_01087760","01087760","01087797","01bfb2a8","DAT_01bfb2a8","READ","undefined4","0x0"
"FUN_01087760","01087760","010877a8","01bfb2a0","DAT_01bfb2a0","READ","undefined4","0x0"
"FUN_01087760","01087760","010877ae","01bb97a0","DAT_01bb97a0","WRITE","undefined1","0x1"
"FUN_01087760","01087760","010877be","01b027a8","DAT_01b027a8","READ","undefined4","0x3fc00000"
"FUN_01087760","01087760","010877c6","01ac8de8","s_Enchant_Room.mp3_01ac8de8","DATA","string","Enchant_Room.mp3"
"FUN_01087760","01087760","010877d0","01bfc3b4","DAT_01bfc3b4","READ","undefined4","0x0"
"FUN_01087760","01087760","010877f6","01bfc3b4","DAT_01bfc3b4","READ","undefined4","0x0"
"FUN_01087760","01087760","0108781c","01bfc3b4","DAT_01bfc3b4","READ","undefined4","0x0"
"FUN_01087760","01087760","01087828","01bfc3b4","DAT_01bfc3b4","READ","undefined4","0x0"
"FUN_01087760","01087760","01087834","01beef18","DAT_01beef18","READ","undefined8","0x0"
"FUN_01087760","01087760","0108783c","01beef20","DAT_01beef20","READ","undefined4","0x0"
"FUN_01087760","01087760","01087841","01bfc3b4","DAT_01bfc3b4","READ","undefined4","0x0"
"FUN_01087760","01087760","01087863","01bfc3b4","DAT_01bfc3b4","READ","undefined4","0x0"
"FUN_01087760","01087760","01087868","01b02a08","DAT_01b02a08","READ","undefined4","0x43e10000"
"FUN_01087760","01087760","0108787d","01bfc3b4","DAT_01bfc3b4","READ","undefined4","0x0"
"FUN_01087760","01087760","010878b4","01b03420","DAT_01b03420","READ","undefined4","-0x80000000"
"FUN_01087760","01087760","010878d2","01bfc3b4","DAT_01bfc3b4","READ","undefined4","0x0"
"FUN_01087760","01087760","010878e1","01bfc3b4","DAT_01bfc3b4","READ","undefined4","0x0"
"FUN_01087760","01087760","01087909","01bfc3b4","DAT_01bfc3b4","READ","undefined4","0x0"
"FUN_010ed3b0","010ed3b0","010ed3cd","ffdff000","ExceptionList","READ","void *","00000000"
"FUN_010ed3b0","010ed3b0","010ed3db","01bbb1c0","DAT_01bbb1c0","READ","undefined4","-0x44bf19b2"
"FUN_010ed3b0","010ed3b0","010ed3eb","ffdff000","ExceptionList","WRITE","void *","00000000"
"FUN_010ed3b0","010ed3b0","010ed3f3","01bfb2d8","DAT_01bfb2d8","READ","undefined4","0x0"
"FUN_010ed3b0","010ed3b0","010ed3f8","01bfb2c4","DAT_01bfb2c4","READ","undefined4","0x0"
"FUN_010ed3b0","010ed3b0","010ed419","01bfc3b4","DAT_01bfc3b4","READ","undefined4","0x0"
"FUN_010ed3b0","010ed3b0","010ed42a","01bfc3b4","DAT_01bfc3b4","READ","undefined4","0x0"
"FUN_010ed3b0","010ed3b0","010ed447","01bfb2a0","DAT_01bfb2a0","READ","undefined4","0x0"
"FUN_010ed3b0","010ed3b0","010ed45e","01bfb2a0","DAT_01bfb2a0","READ","undefined4","0x0"
"FUN_010ed3b0","010ed3b0","010ed463","01bb97a0","DAT_01bb97a0","WRITE","undefined1","0x1"
"FUN_010ed3b0","010ed3b0","010ed46e","01b027a8","DAT_01b027a8","READ","undefined4","0x3fc00000"
"FUN_010ed3b0","010ed3b0","010ed476","01ac8de8","s_Enchant_Room.mp3_01ac8de8","DATA","string","Enchant_Room.mp3"
"FUN_010ed3b0","010ed3b0","010ed480","01bfb2a8","DAT_01bfb2a8","READ","undefined4","0x0"
"FUN_010ed3b0","010ed3b0","010ed49b","01bfb2a8","DAT_01bfb2a8","READ","undefined4","0x0"
"FUN_010ed3b0","010ed3b0","010ed4eb","01ac8dfc","s_Data/etcobject/DatsCenter/F_DATS_01ac8dfc","DATA","string","Data/etcobject/DatsCenter/F_DATS_base.nif"
"FUN_010ed3b0","010ed3b0","010ed506","01ac8dfc","s_Data/etcobject/DatsCenter/F_DATS_01ac8dfc","DATA","string","Data/etcobject/DatsCenter/F_DATS_base.nif"
"FUN_010ed3b0","010ed3b0","010ed57f","01bee678","DAT_01bee678","READ","undefined8","0x0"
"FUN_010ed3b0","010ed3b0","010ed5bb","01ad7020","s_Data/etcobject/DatsCenter/E_Grad_01ad7020","DATA","string","Data/etcobject/DatsCenter/E_Gradation_0001.nif"
"FUN_010ed3b0","010ed3b0","010ed5cf","01ad7020","s_Data/etcobject/DatsCenter/E_Grad_01ad7020","DATA","string","Data/etcobject/DatsCenter/E_Gradation_0001.nif"
"FUN_010ed3b0","010ed3b0","010ed65d","01bee678","DAT_01bee678","READ","undefined8","0x0"
"FUN_010ed3b0","010ed3b0","010ed67c","01b02768","DAT_01b02768","READ","undefined4","0x3f800000"
"FUN_010ed3b0","010ed3b0","010ed6b6","01ad706c","s_Data/etcobject/DatsCenter/E_Grad_01ad706c","DATA","string","Data/etcobject/DatsCenter/E_Gradation_0002.nif"
"FUN_010ed3b0","010ed3b0","010ed6c4","01ad706c","s_Data/etcobject/DatsCenter/E_Grad_01ad706c","DATA","string","Data/etcobject/DatsCenter/E_Gradation_0002.nif"
"FUN_010ed3b0","010ed3b0","010ed752","01bee678","DAT_01bee678","READ","undefined8","0x0"
"FUN_010ed3b0","010ed3b0","010ed7a3","01ac8e84","s_Data/etcobject/DatsCenter/D_Grad_01ac8e84","DATA","string","Data/etcobject/DatsCenter/D_Gradation_0001.nif"
"FUN_010ed3b0","010ed3b0","010ed7b1","01ac8e84","s_Data/etcobject/DatsCenter/D_Grad_01ac8e84","DATA","string","Data/etcobject/DatsCenter/D_Gradation_0001.nif"
"FUN_010ed3b0","010ed3b0","010ed7b6","01ad7020","s_Data/etcobject/DatsCenter/E_Grad_01ad7020","DATA","string","Data/etcobject/DatsCenter/E_Gradation_0001.nif"
"FUN_010ed3b0","010ed3b0","010ed7b6","01ad706c","s_Data/etcobject/DatsCenter/E_Grad_01ad706c","DATA","string","Data/etcobject/DatsCenter/E_Gradation_0002.nif"
"FUN_010ed3b0","010ed3b0","010ed7b6","01ac8e84","s_Data/etcobject/DatsCenter/D_Grad_01ac8e84","DATA","string","Data/etcobject/DatsCenter/D_Gradation_0001.nif"
"FUN_010ed3b0","010ed3b0","010ed83f","01bee678","DAT_01bee678","READ","undefined8","0x0"
"FUN_010ed3b0","010ed3b0","010ed884","01bfc3b4","DAT_01bfc3b4","READ","undefined4","0x0"
"FUN_010ed3b0","010ed3b0","010ed893","01b02b34","DAT_01b02b34","READ","undefined4","-0x3b510000"
"FUN_010ed3b0","010ed3b0","010ed8af","01bfc3b4","DAT_01bfc3b4","READ","undefined4","0x0"
"FUN_010ed3b0","010ed3b0","010ed905","01bfc3b4","DAT_01bfc3b4","READ","undefined4","0x0"
"FUN_010ed3b0","010ed3b0","010ed90b","01b02ad4","DAT_01b02ad4","READ","undefined4","-0x435c28f6"
"FUN_010ed3b0","010ed3b0","010ed915","01b025b8","DAT_01b025b8","READ","undefined4","0x3e8a3d71"
"FUN_010ed3b0","010ed3b0","010ed922","01bfc3b4","DAT_01bfc3b4","READ","undefined4","0x0"
"FUN_010ed3b0","010ed3b0","010ed928","01b029d4","DAT_01b029d4","READ","undefined4","0x43960000"
"FUN_010ed3b0","010ed3b0","010ed958","01b02a54","DAT_01b02a54","READ","undefined4","0x44fa0052"
"FUN_010ed3b0","010ed3b0","010ed966","01b03420","DAT_01b03420","READ","undefined4","-0x80000000"
"FUN_010ed3b0","010ed3b0","010ed990","01b02a50","DAT_01b02a50","READ","undefined4","0x44fa0000"
"FUN_010ed3b0","010ed3b0","010ed9af","01bfc3b4","DAT_01bfc3b4","READ","undefined4","0x0"
"FUN_010ed3b0","010ed3b0","010eda11","01bfc3b4","DAT_01bfc3b4","READ","undefined4","0x0"
"FUN_010ed3b0","010ed3b0","010eda20","01bfc3b4","DAT_01bfc3b4","READ","undefined4","0x0"
"FUN_010ed3b0","010ed3b0","010eda47","01bfe464","DAT_01bfe464","READ","undefined4","0x0"
"FUN_010ed3b0","010ed3b0","010eda8c","ffdff000","ExceptionList","WRITE","void *","00000000"
"FUN_01118720","01118720","0111872a","ffdff000","ExceptionList","READ","void *","00000000"
"FUN_01118720","01118720","01118734","01bbb1c0","DAT_01bbb1c0","READ","undefined4","-0x44bf19b2"
"FUN_01118720","01118720","01118744","ffdff000","ExceptionList","WRITE","void *","00000000"
"FUN_01118720","01118720","011188bd","01b02970","DAT_01b02970","READ","undefined4","0x42c80000"
"FUN_01118720","01118720","011188cd","01ad9100","u_L%.2f%%_01ad9100","DATA","unicode","L%.2f%%"
"FUN_01118720","01118720","0111890a","ffdff000","ExceptionList","WRITE","void *","00000000"
"FUN_01118930","01118930","0111894d","ffdff000","ExceptionList","READ","void *","00000000"
"FUN_01118930","01118930","01118958","01bbb1c0","DAT_01bbb1c0","READ","undefined4","-0x44bf19b2"
"FUN_01118930","01118930","01118968","ffdff000","ExceptionList","WRITE","void *","00000000"
"FUN_01118930","01118930","011189bd","01bfb258","DAT_01bfb258","READ","undefined4","0x0"
"FUN_01118930","01118930","011189ca","01ad919c","s_EvoOpenNew_Selected_Text_01ad919c","DATA","string","EvoOpenNew_Selected_Text"
"FUN_01118930","01118930","011189f8","01ad918c","u_x%2d_%s_01ad918c","DATA","unicode","x%2d %s"
"FUN_01118930","01118930","01118a33","ffdff000","ExceptionList","WRITE","void *","00000000"
"FUN_01118a50","01118a50","01118a6d","ffdff000","ExceptionList","READ","void *","00000000"
"FUN_01118a50","01118a50","01118a7a","01bbb1c0","DAT_01bbb1c0","READ","undefined4","-0x44bf19b2"
"FUN_01118a50","01118a50","01118a85","ffdff000","ExceptionList","WRITE","void *","00000000"
"FUN_01118a50","01118a50","01118bb5","ffdff000","ExceptionList","WRITE","void *","00000000"
"FUN_01118d40","01118d40","01118d40","01bfe470","DAT_01bfe470","READ","undefined4","0x0"
"FUN_01118ff0","01118ff0","01118ff9","01bbb1c0","DAT_01bbb1c0","READ","undefined4","-0x44bf19b2"
"FUN_01118ff0","01118ff0","01119072","01bfe474","DAT_01bfe474","READ","undefined4","0x0"
"FUN_01118ff0","01118ff0","011190c0","01bfe474","DAT_01bfe474","READ","undefined4","0x0"
"FUN_01119160","01119160","0111916a","ffdff000","ExceptionList","READ","void *","00000000"
"FUN_01119160","01119160","01119174","01bbb1c0","DAT_01bbb1c0","READ","undefined4","-0x44bf19b2"
"FUN_01119160","01119160","01119184","ffdff000","ExceptionList","WRITE","void *","00000000"
"FUN_01119160","01119160","0111919c","01ad92a8","s_DigimonStatus_New\Digimon_Status_01ad92a8","DATA","string","DigimonStatus_New\Digimon_Status_help_btn.tga"
"FUN_01119160","01119160","011191d8","01bb9b2c","DAT_01bb9b2c","READ","undefined8","0x3f8000003f800000"
"FUN_01119160","01119160","011191e2","01bfe468","DAT_01bfe468","READ","undefined4","0x0"
"FUN_01119160","01119160","011191e7","01bfb258","DAT_01bfb258","READ","undefined4","0x0"
"FUN_01119160","01119160","011191f3","01bb9b34","DAT_01bb9b34","READ","undefined4","0x3f800000"
"FUN_01119160","01119160","01119221","01ad931c","s_DIGIMONTRANSCENDHELP_EXPLAIN_TAB_01ad931c","DATA","string","DIGIMONTRANSCENDHELP_EXPLAIN_TAB_SYSTEM"
"FUN_01119160","01119160","0111927c","01bee890","DAT_01bee890","READ","undefined4","0x0"
"FUN_01119160","01119160","0111928b","01bee88c","DAT_01bee88c","READ","undefined4","0x0"
"FUN_01119160","01119160","011192e7","01bfb258","DAT_01bfb258","READ","undefined4","0x0"
"FUN_01119160","01119160","01119301","01ad92f4","s_DIGIMONTRANSCENDHELP_EXPLAIN_TAB_01ad92f4","DATA","string","DIGIMONTRANSCENDHELP_EXPLAIN_TAB_TERMS"
"FUN_01119160","01119160","01119335","01bfb258","DAT_01bfb258","READ","undefined4","0x0"
"FUN_01119160","01119160","0111934f","01ad936c","s_DIGIMONTRANSCENDHELP_EXPLAIN_TAB_01ad936c","DATA","string","DIGIMONTRANSCENDHELP_EXPLAIN_TAB_PROGRESS"
"FUN_01119160","01119160","01119386","01bfb258","DAT_01bfb258","READ","undefined4","0x0"
"FUN_01119160","01119160","011193a0","01ad9344","s_DIGIMONTRANSCENDHELP_EXPLAIN_TAB_01ad9344","DATA","string","DIGIMONTRANSCENDHELP_EXPLAIN_TAB_CHARGE"
"FUN_01119160","01119160","011193fa","ffdff000","ExceptionList","WRITE","void *","00000000"
"FUN_01119590","01119590","0111959a","ffdff000","ExceptionList","READ","void *","00000000"
"FUN_01119590","01119590","011195a7","01bbb1c0","DAT_01bbb1c0","READ","undefined4","-0x44bf19b2"
"FUN_01119590","01119590","011195b7","ffdff000","ExceptionList","WRITE","void *","00000000"
"FUN_01119590","01119590","011195f6","011198b8","switchD_011195f6::switchdataD_011198b8","DATA","pointer","011195fd"
"FUN_01119590","01119590","011195fd","01bfb258","DAT_01bfb258","READ","undefined4","0x0"
"FUN_01119590","01119590","0111960d","01ad93bc","s_DIGIMONTRANSCENDHELP_EXPLAIN_SYS_01ad93bc","DATA","string","DIGIMONTRANSCENDHELP_EXPLAIN_SYSTEM"
"FUN_01119590","01119590","01119672","01bfb258","DAT_01bfb258","READ","undefined4","0x0"
"FUN_01119590","01119590","01119682","01ad9398","s_DIGIMONTRANSCENDHELP_EXPLAIN_TER_01ad9398","DATA","string","DIGIMONTRANSCENDHELP_EXPLAIN_TERMS"
"FUN_01119590","01119590","011196e7","01bfb258","DAT_01bfb258","READ","undefined4","0x0"
"FUN_01119590","01119590","011196f7","01ad9404","s_DIGIMONTRANSCENDHELP_EXPLAIN_PRO_01ad9404","DATA","string","DIGIMONTRANSCENDHELP_EXPLAIN_PROGRESS"
"FUN_01119590","01119590","01119759","01bfb258","DAT_01bfb258","READ","undefined4","0x0"
"FUN_01119590","01119590","01119769","01ad93e0","s_DIGIMONTRANSCENDHELP_EXPLAIN_CHA_01ad93e0","DATA","string","DIGIMONTRANSCENDHELP_EXPLAIN_CHARGE"
"FUN_01119590","01119590","011197f3","01bfe468","DAT_01bfe468","READ","undefined4","0x0"
"FUN_01119590","01119590","011197f8","01b02744","DAT_01b02744","READ","undefined4","0x3f7ae148"
"FUN_01119590","01119590","0111989c","ffdff000","ExceptionList","WRITE","void *","00000000"
"FUN_0111c800","0111c800","0111c86a","01bfb32c","DAT_01bfb32c","READ","undefined4","0x0"
"FUN_0111c800","0111c800","0111c876","01ad8f48","s_System\transcendental.wav_01ad8f48","DATA","string","System\transcendental.wav"
"FUN_0111c800","0111c800","0111c884","01bfb32c","DAT_01bfb32c","READ","undefined4","0x0"
"FUN_0111c800","0111c800","0111c88a","01ad8f48","s_System\transcendental.wav_01ad8f48","DATA","string","System\transcendental.wav"
"FUN_0111c800","0111c800","0111c894","01bfb32c","DAT_01bfb32c","READ","undefined4","0x0"
"FUN_0111c800","0111c800","0111c89a","01ad8f48","s_System\transcendental.wav_01ad8f48","DATA","string","System\transcendental.wav"
"FUN_01147380","01147380","01147388","01adb9ec","s_PageName_01adb9ec","DATA","string","PageName"
"FUN_01147380","01147380","01147398","01adba18","s_DigimonEnchantPage_01adba18","DATA","string","DigimonEnchantPage"
"FUN_01147380","01147380","0114739e","019ecaa4","PTR__stricmp_019ecaa4","READ","pointer","76b11ee0"
"FUN_01147380","01147380","011473ba","01adba00","s_DigimonDataTradePage_01adba00","DATA","string","DigimonDataTradePage"
"FUN_01147380","01147380","011473c0","019ecaa4","PTR__stricmp_019ecaa4","READ","pointer","76b11ee0"
"FUN_01180930","01180930","01180940","011809e0","switchD_01180940::switchdataD_011809e0","DATA","pointer","01180947"
"FUN_01180930","01180930","0118094e","01ade03c","s_COMMON_TXT_ATTRIBUTE_01ade03c","DATA","string","COMMON_TXT_ATTRIBUTE"
"FUN_01180930","01180930","01180953","01bfb258","DAT_01bfb258","READ","undefined4","0x0"
"FUN_01180930","01180930","0118099b","01ade08c","s_TOOLTIP_ENCHANT_EXPLAIN_TITLE_AT_01ade08c","DATA","string","TOOLTIP_ENCHANT_EXPLAIN_TITLE_AT"
"FUN_01180930","01180930","011809a9","01ade0c8","s_TOOLTIP_COOL_TIME_01ade0c8","DATA","string","TOOLTIP_COOL_TIME"
"FUN_01180930","01180930","011809b9","01ac5dd8","DAT_01ac5dd8","DATA","undefined2","0x0"
"FUN_011d2a20","011d2a20","011d2a48","01bb9b2c","DAT_01bb9b2c","READ","undefined8","0x3f8000003f800000"
"FUN_011d2a20","011d2a20","011d2a50","01bb9b34","DAT_01bb9b34","READ","undefined4","0x3f800000"
"FUN_011d2a20","011d2a20","011d2a74","01ae2b68","s_DetailInfo\TamerStatus_Win_03_bg_01ae2b68","DATA","string","DetailInfo\TamerStatus_Win_03_bg.tga"
"FUN_011d2a20","011d2a20","011d2a7e","01bb9b2c","DAT_01bb9b2c","READ","undefined8","0x3f8000003f800000"
"FUN_011d2a20","011d2a20","011d2a86","01bb9b34","DAT_01bb9b34","READ","undefined4","0x3f800000"
"FUN_011d2a20","011d2a20","011d2aad","01ae2b44","s_DetailInfo\Digimon_Status_Win.tg_01ae2b44","DATA","string","DetailInfo\Digimon_Status_Win.tga"
"FUN_011d2a20","011d2a20","011d2afe","01ae2cc8","s_DetailInfo\zoom_in_aa.tga_01ae2cc8","DATA","string","DetailInfo\zoom_in_aa.tga"
"FUN_011d4320","011d4320","011d433d","ffdff000","ExceptionList","READ","void *","00000000"
"FUN_011d4320","011d4320","011d434b","01bbb1c0","DAT_01bbb1c0","READ","undefined4","-0x44bf19b2"
"FUN_011d4320","011d4320","011d435b","ffdff000","ExceptionList","WRITE","void *","00000000"
"FUN_011d4320","011d4320","011d4394","01b02744","DAT_01b02744","READ","undefined4","0x3f7ae148"
"FUN_011d4320","011d4320","011d439e","01bfe468","DAT_01bfe468","READ","undefined4","0x0"
"FUN_011d4320","011d4320","011d43a6","01bfb258","DAT_01bfb258","READ","undefined4","0x0"
"FUN_011d4320","011d4320","011d43ee","01ae2c18","s_ENCHANTTACTICS_TITLE_DIGIMON_ENC_01ae2c18","DATA","string","ENCHANTTACTICS_TITLE_DIGIMON_ENCHANT"
"FUN_011d4320","011d4320","011d44a0","01bfe468","DAT_01bfe468","READ","undefined4","0x0"
"FUN_011d4320","011d4320","011d451c","01ace96c","u_%d/%d_01ace96c","DATA","unicode","%d/%d"
"FUN_011d4320","011d4320","011d45e8","01bb9b2c","DAT_01bb9b2c","READ","undefined8","0x3f8000003f800000"
"FUN_011d4320","011d4320","011d45f3","01bb9b34","DAT_01bb9b34","READ","undefined4","0x3f800000"
"FUN_011d4320","011d4320","011d45fe","01ae2c80","s_DigimonStatus_New\Digimon_Status_01ae2c80","DATA","string","DigimonStatus_New\Digimon_Status_Enchant_01.tga"
"FUN_011d4320","011d4320","011d4629","01ae2c80","s_DigimonStatus_New\Digimon_Status_01ae2c80","DATA","string","DigimonStatus_New\Digimon_Status_Enchant_01.tga"
"FUN_011d4320","011d4320","011d462e","01bfbd40","DAT_01bfbd40","DATA","undefined1","0x0"
"FUN_011d4320","011d4320","011d4703","01bb9b2c","DAT_01bb9b2c","READ","undefined8","0x3f8000003f800000"
"FUN_011d4320","011d4320","011d470e","01bb9b34","DAT_01bb9b34","READ","undefined4","0x3f800000"
"FUN_011d4320","011d4320","011d4719","01ae2c60","s_TacticsHouse\CheckOnline.tga_01ae2c60","DATA","string","TacticsHouse\CheckOnline.tga"
"FUN_011d4320","011d4320","011d4744","01ae2c60","s_TacticsHouse\CheckOnline.tga_01ae2c60","DATA","string","TacticsHouse\CheckOnline.tga"
"FUN_011d4320","011d4320","011d4749","01bfbd40","DAT_01bfbd40","DATA","undefined1","0x0"
"FUN_011d4320","011d4320","011d4828","01bee890","DAT_01bee890","READ","undefined4","0x0"
"FUN_011d4320","011d4320","011d4830","01bee88c","DAT_01bee88c","READ","undefined4","0x0"
"FUN_011d4320","011d4320","011d48fa","01bb9b34","DAT_01bb9b34","READ","undefined4","0x3f800000"
"FUN_011d4320","011d4320","011d48ff","01bb9b2c","DAT_01bb9b2c","READ","undefined8","0x3f8000003f800000"
"FUN_011d4320","011d4320","011d491a","011d4bb8","switchD_011d491a::switchdataD_011d4bb8","DATA","pointer","011d4921"
"FUN_011d4320","011d4320","011d4923","01ae2ce4","s_DetailInfo\Enchant_AT.tga_01ae2ce4","DATA","string","DetailInfo\Enchant_AT.tga"
"FUN_011d4320","011d4320","011d492c","01ae2d3c","s_DetailInfo\Enchant_bl.tga_01ae2d3c","DATA","string","DetailInfo\Enchant_bl.tga"
"FUN_011d4320","011d4320","011d4935","01ae2d20","s_DetailInfo\Enchant_ct.tga_01ae2d20","DATA","string","DetailInfo\Enchant_ct.tga"
"FUN_011d4320","011d4320","011d493e","01ae2d74","s_DetailInfo\Enchant_ev.tga_01ae2d74","DATA","string","DetailInfo\Enchant_ev.tga"
"FUN_011d4320","011d4320","011d4947","01ae2d58","s_DetailInfo\Enchant_HP.tga_01ae2d58","DATA","string","DetailInfo\Enchant_HP.tga"
"FUN_011d4320","011d4320","011d4950","01abd9ec","DAT_01abd9ec","DATA","undefined1","0x0"
"FUN_011d4320","011d4320","011d49c4","01bee890","DAT_01bee890","READ","undefined4","0x0"
"FUN_011d4320","011d4320","011d49ca","01bee88c","DAT_01bee88c","READ","undefined4","0x0"
"FUN_011d4320","011d4320","011d4b9a","ffdff000","ExceptionList","WRITE","void *","00000000"
"FUN_011dd050","011dd050","011dd060","011dd194","switchD_011dd060::switchdataD_011dd194","DATA","pointer","011dd067"
"FUN_011dd050","011dd050","011dd06e","01ae34ac","s_TOOLTIP_ENCHANT_EXPLAIN_TITLE_HP_01ae34ac","DATA","string","TOOLTIP_ENCHANT_EXPLAIN_TITLE_HP"
"FUN_011dd050","011dd050","011dd073","01bfb258","DAT_01bfb258","READ","undefined4","0x0"
"FUN_011dd050","011dd050","011dd0bb","01ade08c","s_TOOLTIP_ENCHANT_EXPLAIN_TITLE_AT_01ade08c","DATA","string","TOOLTIP_ENCHANT_EXPLAIN_TITLE_AT"
"FUN_011dd050","011dd050","011dd0c9","01ac5194","s_COMMON_TXT_ATTACK_SPEED_01ac5194","DATA","string","COMMON_TXT_ATTACK_SPEED"
"FUN_011dd050","011dd050","011dd0d7","01ae3488","s_TOOLTIP_ENCHANT_EXPLAIN_TITLE_CR_01ae3488","DATA","string","TOOLTIP_ENCHANT_EXPLAIN_TITLE_CR"
"FUN_011dd050","011dd050","011dd0e5","01ac51c4","s_COMMON_TXT_STAT_HIT_RATE_01ac51c4","DATA","string","COMMON_TXT_STAT_HIT_RATE"
"FUN_011dd050","011dd050","011dd0f3","01ae34e8","s_DETAIL_INFO_SCD_01ae34e8","DATA","string","DETAIL_INFO_SCD"
"FUN_011dd050","011dd050","011dd104","01ae34d0","s_DETAIL_INFO_CRIDAMAGE_01ae34d0","DATA","string","DETAIL_INFO_CRIDAMAGE"
"FUN_011dd050","011dd050","011dd115","01ae351c","s_DETAIL_INFO_SD_01ae351c","DATA","string","DETAIL_INFO_SD"
"FUN_011dd050","011dd050","011dd126","01ac58e4","s_DETAIL_INFO_ELEDMENT_DAMAGE_01ac58e4","DATA","string","DETAIL_INFO_ELEDMENT_DAMAGE"
"FUN_011dd050","011dd050","011dd137","01ac5158","s_COMMON_TXT_STAT_DEFENSE_01ac5158","DATA","string","COMMON_TXT_STAT_DEFENSE"
"FUN_011dd050","011dd050","011dd148","01ae34f8","s_TOOLTIP_ENCHANT_EXPLAIN_TITLE_BL_01ae34f8","DATA","string","TOOLTIP_ENCHANT_EXPLAIN_TITLE_BL"
"FUN_011dd050","011dd050","011dd159","01ae352c","s_TOOLTIP_ENCHANT_EXPLAIN_TITLE_EV_01ae352c","DATA","string","TOOLTIP_ENCHANT_EXPLAIN_TITLE_EV"
"FUN_011e3360","011e3360","011e337d","ffdff000","ExceptionList","READ","void *","00000000"
"FUN_011e3360","011e3360","011e338b","01bbb1c0","DAT_01bbb1c0","READ","undefined4","-0x44bf19b2"
"FUN_011e3360","011e3360","011e339b","ffdff000","ExceptionList","WRITE","void *","00000000"
"FUN_011e3360","011e3360","011e33d2","01ae0c38","s_EventPopup\Event_popup_Backgroun_01ae0c38","DATA","string","EventPopup\Event_popup_Background.png"
"FUN_011e3360","011e3360","011e33e0","01bfb258","DAT_01bfb258","READ","undefined4","0x0"
"FUN_011e3360","011e3360","011e3408","01ace1c0","s_MAINOPTION_MSGBOX_ALERT_01ace1c0","DATA","string","MAINOPTION_MSGBOX_ALERT"
"FUN_011e3360","011e3360","011e3509","01b02744","DAT_01b02744","READ","undefined4","0x3f7ae148"
"FUN_011e3360","011e3360","011e354b","01bfe468","DAT_01bfe468","READ","undefined4","0x0"
"FUN_011e3360","011e3360","011e3552","01bfb258","DAT_01bfb258","READ","undefined4","0x0"
"FUN_011e3360","011e3360","011e357b","01ae38b8","s_UNION_UNLOCK_NOTICE2_01ae38b8","DATA","string","UNION_UNLOCK_NOTICE2"
"FUN_011e3360","011e3360","011e36e1","01ad588c","s_Mail\Mail_Item_Icon.tga_01ad588c","DATA","string","Mail\Mail_Item_Icon.tga"
"FUN_011e3360","011e3360","011e36f8","01ae3980","s_Union\Unlock_bg.tga_01ae3980","DATA","string","Union\Unlock_bg.tga"
"FUN_011e3360","011e3360","011e3757","01bb9b2c","DAT_01bb9b2c","READ","undefined8","0x3f8000003f800000"
"FUN_011e3360","011e3360","011e375f","01bb9b34","DAT_01bb9b34","READ","undefined4","0x3f800000"
"FUN_011e3360","011e3360","011e376a","01abd9ec","DAT_01abd9ec","DATA","undefined1","0x0"
"FUN_011e3360","011e3360","011e37a3","01ae39a8","s_Union\Unlock_frame.tga_01ae39a8","DATA","string","Union\Unlock_frame.tga"
"FUN_011e3360","011e3360","011e37bc","01addbe4","s_Encyclopedia\NewEncyclopedia\rat_01addbe4","DATA","string","Encyclopedia\NewEncyclopedia\rate_frame\Attribute_Bar.png"
"FUN_011e3360","011e3360","011e3864","01addc5c","s_Encyclopedia\NewEncyclopedia\Ico_01addc5c","DATA","string","Encyclopedia\NewEncyclopedia\Icon\Encyclopedia_512.png"
"FUN_011e3360","011e3360","011e389b","01ae7238","DAT_01ae7238","READ","undefined4","0x145edf0"
"FUN_011e3360","011e3360","011e38e8","01bfe468","DAT_01bfe468","READ","undefined4","0x0"
"FUN_011e3360","011e3360","011e38f0","01bfb258","DAT_01bfb258","READ","undefined4","0x0"
"FUN_011e3360","011e3360","011e3947","01ae3994","s_COMMON_TXT_LEVEL_01ae3994","DATA","string","COMMON_TXT_LEVEL"
"FUN_011e3360","011e3360","011e3a09","01bfe468","DAT_01bfe468","READ","undefined4","0x0"
"FUN_011e3360","011e3360","011e3a11","01bfb258","DAT_01bfb258","READ","undefined4","0x0"
"FUN_011e3360","011e3360","011e3a68","01ad8ee8","s_DIGIMONTRANSCEND_TRANS_BTN_TEXT_01ad8ee8","DATA","string","DIGIMONTRANSCEND_TRANS_BTN_TEXT"
"FUN_011e3360","011e3360","011e3b2d","01bfe468","DAT_01bfe468","READ","undefined4","0x0"
"FUN_011e3360","011e3360","011e3b35","01bfb258","DAT_01bfb258","READ","undefined4","0x0"
"FUN_011e3360","011e3360","011e3b8c","01ad85a8","s_COMMON_TXT_USE_ITEM_01ad85a8","DATA","string","COMMON_TXT_USE_ITEM"
"FUN_011e3360","011e3360","011e3c92","01bfe468","DAT_01bfe468","READ","undefined4","0x0"
"FUN_011e3360","011e3360","011e3d9d","01bfe468","DAT_01bfe468","READ","undefined4","0x0"
"FUN_011e3360","011e3360","011e3ea8","01bfe468","DAT_01bfe468","READ","undefined4","0x0"
"FUN_011e3360","011e3360","011e3fa6","01bfe468","DAT_01bfe468","READ","undefined4","0x0"
"FUN_011e3360","011e3360","011e40a7","01bfe640","DAT_01bfe640","READ","undefined4","0x0"
"FUN_011e3360","011e3360","011e41d7","ffdff000","ExceptionList","WRITE","void *","00000000"
"FUN_011ee3c0","011ee3c0","011ee3dd","ffdff000","ExceptionList","READ","void *","00000000"
"FUN_011ee3c0","011ee3c0","011ee3eb","01bbb1c0","DAT_01bbb1c0","READ","undefined4","-0x44bf19b2"
"FUN_011ee3c0","011ee3c0","011ee3fb","ffdff000","ExceptionList","WRITE","void *","00000000"
"FUN_011ee3c0","011ee3c0","011ee403","01bfb2d8","DAT_01bfb2d8","READ","undefined4","0x0"
"FUN_011ee3c0","011ee3c0","011ee408","01bfb2c4","DAT_01bfb2c4","READ","undefined4","0x0"
"FUN_011ee3c0","011ee3c0","011ee41f","01bfc3b4","DAT_01bfc3b4","READ","undefined4","0x0"
"FUN_011ee3c0","011ee3c0","011ee42d","01bfc3b4","DAT_01bfc3b4","READ","undefined4","0x0"
"FUN_011ee3c0","011ee3c0","011ee444","01bfb2a0","DAT_01bfb2a0","READ","undefined4","0x0"
"FUN_011ee3c0","011ee3c0","011ee45b","01bfb2a0","DAT_01bfb2a0","READ","undefined4","0x0"
"FUN_011ee3c0","011ee3c0","011ee460","01bb97a0","DAT_01bb97a0","WRITE","undefined1","0x1"
"FUN_011ee3c0","011ee3c0","011ee46b","01b027a8","DAT_01b027a8","READ","undefined4","0x3fc00000"
"FUN_011ee3c0","011ee3c0","011ee473","01ac8de8","s_Enchant_Room.mp3_01ac8de8","DATA","string","Enchant_Room.mp3"
"FUN_011ee3c0","011ee3c0","011ee47d","01bfb2a8","DAT_01bfb2a8","READ","undefined4","0x0"
"FUN_011ee3c0","011ee3c0","011ee498","01bfb2a8","DAT_01bfb2a8","READ","undefined4","0x0"
"FUN_011ee3c0","011ee3c0","011ee4e8","01ac8dfc","s_Data/etcobject/DatsCenter/F_DATS_01ac8dfc","DATA","string","Data/etcobject/DatsCenter/F_DATS_base.nif"
"FUN_011ee3c0","011ee3c0","011ee503","01ac8dfc","s_Data/etcobject/DatsCenter/F_DATS_01ac8dfc","DATA","string","Data/etcobject/DatsCenter/F_DATS_base.nif"
"FUN_011ee3c0","011ee3c0","011ee57c","01bee678","DAT_01bee678","READ","undefined8","0x0"
"FUN_011ee3c0","011ee3c0","011ee5b8","01ad7020","s_Data/etcobject/DatsCenter/E_Grad_01ad7020","DATA","string","Data/etcobject/DatsCenter/E_Gradation_0001.nif"
"FUN_011ee3c0","011ee3c0","011ee5cc","01ad7020","s_Data/etcobject/DatsCenter/E_Grad_01ad7020","DATA","string","Data/etcobject/DatsCenter/E_Gradation_0001.nif"
"FUN_011ee3c0","011ee3c0","011ee65a","01bee678","DAT_01bee678","READ","undefined8","0x0"
"FUN_011ee3c0","011ee3c0","011ee679","01b02768","DAT_01b02768","READ","undefined4","0x3f800000"
"FUN_011ee3c0","011ee3c0","011ee6b3","01ac8e84","s_Data/etcobject/DatsCenter/D_Grad_01ac8e84","DATA","string","Data/etcobject/DatsCenter/D_Gradation_0001.nif"
"FUN_011ee3c0","011ee3c0","011ee6c1","01ac8e84","s_Data/etcobject/DatsCenter/D_Grad_01ac8e84","DATA","string","Data/etcobject/DatsCenter/D_Gradation_0001.nif"
"FUN_011ee3c0","011ee3c0","011ee6c6","01ad7020","s_Data/etcobject/DatsCenter/E_Grad_01ad7020","DATA","string","Data/etcobject/DatsCenter/E_Gradation_0001.nif"
"FUN_011ee3c0","011ee3c0","011ee6c6","01ac8e84","s_Data/etcobject/DatsCenter/D_Grad_01ac8e84","DATA","string","Data/etcobject/DatsCenter/D_Gradation_0001.nif"
"FUN_011ee3c0","011ee3c0","011ee74f","01bee678","DAT_01bee678","READ","undefined8","0x0"
"FUN_011ee3c0","011ee3c0","011ee794","01bfc3b4","DAT_01bfc3b4","READ","undefined4","0x0"
"FUN_011ee3c0","011ee3c0","011ee7a3","01b02b34","DAT_01b02b34","READ","undefined4","-0x3b510000"
"FUN_011ee3c0","011ee3c0","011ee7bf","01bfc3b4","DAT_01bfc3b4","READ","undefined4","0x0"
"FUN_011ee3c0","011ee3c0","011ee815","01bfc3b4","DAT_01bfc3b4","READ","undefined4","0x0"
"FUN_011ee3c0","011ee3c0","011ee825","01bfc3b4","DAT_01bfc3b4","READ","undefined4","0x0"
"FUN_011ee3c0","011ee3c0","011ee82b","01b029d4","DAT_01b029d4","READ","undefined4","0x43960000"
"FUN_011ee3c0","011ee3c0","011ee833","01b029d8","DAT_01b029d8","READ","undefined4","0x43960148"
"FUN_011ee3c0","011ee3c0","011ee86e","01b03420","DAT_01b03420","READ","undefined4","-0x80000000"
"FUN_011ee3c0","011ee3c0","011ee8ac","01bfc3b4","DAT_01bfc3b4","READ","undefined4","0x0"
"FUN_011ee3c0","011ee3c0","011ee8f9","01bfc3b4","DAT_01bfc3b4","READ","undefined4","0x0"
"FUN_011ee3c0","011ee3c0","011ee910","01bfc3b4","DAT_01bfc3b4","READ","undefined4","0x0"
"FUN_011ee3c0","011ee3c0","011ee953","01bfb2a0","DAT_01bfb2a0","READ","undefined4","0x0"
"FUN_011ee3c0","011ee3c0","011ee95e","01ac90f4","s_game\Enchant_Fail.mp3_01ac90f4","DATA","string","game\Enchant_Fail.mp3"
"FUN_011ee3c0","011ee3c0","011ee995","01ac90d4","s_System\Tactics_enchant_fail.nif_01ac90d4","DATA","string","System\Tactics_enchant_fail.nif"
"FUN_011ee3c0","011ee3c0","011ee9f0","01bfe464","DAT_01bfe464","READ","undefined4","0x0"
"FUN_011ee3c0","011ee3c0","011eea31","ffdff000","ExceptionList","WRITE","void *","00000000"
"FUN_011f0c90","011f0c90","011f0c9a","ffdff000","ExceptionList","READ","void *","00000000"
"FUN_011f0c90","011f0c90","011f0ca4","01bbb1c0","DAT_01bbb1c0","READ","undefined4","-0x44bf19b2"
"FUN_011f0c90","011f0c90","011f0cb4","ffdff000","ExceptionList","WRITE","void *","00000000"
"FUN_011f0c90","011f0c90","011f0cdb","01ae4040","s_Breakthrough\Breakthrough_Digimo_01ae4040","DATA","string","Breakthrough\Breakthrough_Digimon_info_BG.tga"
"FUN_011f0c90","011f0c90","011f0ce7","01bfb258","DAT_01bfb258","READ","undefined4","0x0"
"FUN_011f0c90","011f0c90","011f0cfa","01ae4024","s_BREAKTHROUGH_DIGIMON_INFO_01ae4024","DATA","string","BREAKTHROUGH_DIGIMON_INFO"
"FUN_011f0c90","011f0c90","011f0d36","ffdff000","ExceptionList","WRITE","void *","00000000"
"FUN_011f0d50","011f0d50","011f0d6d","ffdff000","ExceptionList","READ","void *","00000000"
"FUN_011f0d50","011f0d50","011f0d7b","01bbb1c0","DAT_01bbb1c0","READ","undefined4","-0x44bf19b2"
"FUN_011f0d50","011f0d50","011f0d8b","ffdff000","ExceptionList","WRITE","void *","00000000"
"FUN_011f0d50","011f0d50","011f0db7","01b02744","DAT_01b02744","READ","undefined4","0x3f7ae148"
"FUN_011f0d50","011f0d50","011f0dc1","01bfe468","DAT_01bfe468","READ","undefined4","0x0"
"FUN_011f0d50","011f0d50","011f0dc9","01bfb258","DAT_01bfb258","READ","undefined4","0x0"
"FUN_011f0d50","011f0d50","011f0e0b","01ad9b10","s_COMMON_TXT_DIGIMON_01ad9b10","DATA","string","COMMON_TXT_DIGIMON"
"FUN_011f0d50","011f0d50","011f0ea3","01bfe468","DAT_01bfe468","READ","undefined4","0x0"
"FUN_011f0d50","011f0d50","011f0eab","01bfb258","DAT_01bfb258","READ","undefined4","0x0"
"FUN_011f0d50","011f0d50","011f0eed","01ae4078","s_ENCHANTTACTICS_BTN_ENCHANT_01ae4078","DATA","string","ENCHANTTACTICS_BTN_ENCHANT"
"FUN_011f0d50","011f0d50","011f0f6a","01bfe468","DAT_01bfe468","READ","undefined4","0x0"
"FUN_011f0d50","011f0d50","011f0f71","01bfb258","DAT_01bfb258","READ","undefined4","0x0"
"FUN_011f0d50","011f0d50","011f0fb6","01ad8ee8","s_DIGIMONTRANSCEND_TRANS_BTN_TEXT_01ad8ee8","DATA","string","DIGIMONTRANSCEND_TRANS_BTN_TEXT"
"FUN_011f0d50","011f0d50","011f1037","01bfe468","DAT_01bfe468","READ","undefined4","0x0"
"FUN_011f0d50","011f0d50","011f1054","01ac5dd8","DAT_01ac5dd8","DATA","undefined2","0x0"
"FUN_011f0d50","011f0d50","011f10ad","01bfe468","DAT_01bfe468","READ","undefined4","0x0"
"FUN_011f0d50","011f0d50","011f10c7","01ac5dd8","DAT_01ac5dd8","DATA","undefined2","0x0"
"FUN_011f0d50","011f0d50","011f111e","01ae4094","s_Data\Interface\Breakthrough\Brea_01ae4094","DATA","string","Data\Interface\Breakthrough\Breakthrough_Digimon_info_B.tga"
"FUN_011f0d50","011f0d50","011f11a2","01ae4094","s_Data\Interface\Breakthrough\Brea_01ae4094","DATA","string","Data\Interface\Breakthrough\Breakthrough_Digimon_info_B.tga"
"FUN_011f0d50","011f0d50","011f1218","ffdff000","ExceptionList","WRITE","void *","00000000"
"FUN_011f51b0","011f51b0","011f51b7","01bbb1c0","DAT_01bbb1c0","READ","undefined4","-0x44bf19b2"
"FUN_011f51b0","011f51b0","011f51d1","01bc07ec","DAT_01bc07ec","READ","undefined4","0x400"
"FUN_011f51b0","011f51b0","011f51d7","01bc07f0","DAT_01bc07f0","READ","undefined4","0x300"
"FUN_011f51b0","011f51b0","011f5202","01ae4508","s_Breakthrough\Breakthrough_Main_B_01ae4508","DATA","string","Breakthrough\Breakthrough_Main_BG.tga"
"FUN_011f6890","011f6890","011f68ad","ffdff000","ExceptionList","READ","void *","00000000"
"FUN_011f6890","011f6890","011f68b8","01bbb1c0","DAT_01bbb1c0","READ","undefined4","-0x44bf19b2"
"FUN_011f6890","011f6890","011f68c8","ffdff000","ExceptionList","WRITE","void *","00000000"
"FUN_011f6890","011f6890","011f68e6","01ae44e0","s_Breakthrough\Data_Exchange_Butto_01ae44e0","DATA","string","Breakthrough\Data_Exchange_Button.tga"
"FUN_011f6890","011f6890","011f6922","01bb9b2c","DAT_01bb9b2c","READ","undefined8","0x3f8000003f800000"
"FUN_011f6890","011f6890","011f692c","01bfe468","DAT_01bfe468","READ","undefined4","0x0"
"FUN_011f6890","011f6890","011f6931","01bfb258","DAT_01bfb258","READ","undefined4","0x0"
"FUN_011f6890","011f6890","011f693d","01bb9b34","DAT_01bb9b34","READ","undefined4","0x3f800000"
"FUN_011f6890","011f6890","011f696b","01ae45b8","s_ENCHANTTACTICS_BTN_RESET_01ae45b8","DATA","string","ENCHANTTACTICS_BTN_RESET"
"FUN_011f6890","011f6890","011f6a3e","01ae44e0","s_Breakthrough\Data_Exchange_Butto_01ae44e0","DATA","string","Breakthrough\Data_Exchange_Button.tga"
"FUN_011f6890","011f6890","011f6a80","01bb9b2c","DAT_01bb9b2c","READ","undefined8","0x3f8000003f800000"
"FUN_011f6890","011f6890","011f6a8a","01bfe468","DAT_01bfe468","READ","undefined4","0x0"
"FUN_011f6890","011f6890","011f6a8f","01bfb258","DAT_01bfb258","READ","undefined4","0x0"
"FUN_011f6890","011f6890","011f6a9b","01bb9b34","DAT_01bb9b34","READ","undefined4","0x3f800000"
"FUN_011f6890","011f6890","011f6ac9","01ae423c","s_Breakthrough_Change_Ability_01ae423c","DATA","string","Breakthrough_Change_Ability"
"FUN_011f6890","011f6890","011f6b83","ffdff000","ExceptionList","WRITE","void *","00000000"
"FUN_011f9450","011f9450","011f946d","ffdff000","ExceptionList","READ","void *","00000000"
"FUN_011f9450","011f9450","011f947a","01bbb1c0","DAT_01bbb1c0","READ","undefined4","-0x44bf19b2"
"FUN_011f9450","011f9450","011f9485","ffdff000","ExceptionList","WRITE","void *","00000000"
"FUN_011f9450","011f9450","011f95ba","ffdff000","ExceptionList","WRITE","void *","00000000"
"FUN_0125d190","0125d190","0125d19a","ffdff000","ExceptionList","READ","void *","00000000"
"FUN_0125d190","0125d190","0125d1a7","01bbb1c0","DAT_01bbb1c0","READ","undefined4","-0x44bf19b2"
"FUN_0125d190","0125d190","0125d1b7","ffdff000","ExceptionList","WRITE","void *","00000000"
"FUN_0125d190","0125d190","0125d203","01b02744","DAT_01b02744","READ","undefined4","0x3f7ae148"
"FUN_0125d190","0125d190","0125d20b","01bfe468","DAT_01bfe468","READ","undefined4","0x0"
"FUN_0125d190","0125d190","0125d296","01bfb8c4","DAT_01bfb8c4","READ","undefined4","0x0"
"FUN_0125d190","0125d190","0125d2a3","01bfb258","DAT_01bfb258","READ","undefined4","0x0"
"FUN_0125d190","0125d190","0125d2b6","01ae817c","s_CHANGE_GUILD_NAME_MSG_01ae817c","DATA","string","CHANGE_GUILD_NAME_MSG"
"FUN_0125d190","0125d190","0125d35c","01ae673c","DAT_01ae673c","DATA","undefined4","0x122b370"
"FUN_0125d190","0125d190","0125d3d4","01ae673c","DAT_01ae673c","READ","undefined4","0x122b370"
"FUN_0125d190","0125d190","0125d648","ffdff000","ExceptionList","WRITE","void *","00000000"
"FUN_0125d660","0125d660","0125d66a","ffdff000","ExceptionList","READ","void *","00000000"
"FUN_0125d660","0125d660","0125d676","01bbb1c0","DAT_01bbb1c0","READ","undefined4","-0x44bf19b2"
"FUN_0125d660","0125d660","0125d681","ffdff000","ExceptionList","WRITE","void *","00000000"
"FUN_0125d660","0125d660","0125d701","01bfb258","DAT_01bfb258","READ","undefined4","0x0"
"FUN_0125d660","0125d660","0125d72a","01ae81c4","s_CHANGE_GUILD_NAME_USABLE_01ae81c4","DATA","string","CHANGE_GUILD_NAME_USABLE"
"FUN_0125d660","0125d660","0125d74f","01ae81a8","s_CHANGE_GUILD_NAME_UNUSABLE_01ae81a8","DATA","string","CHANGE_GUILD_NAME_UNUSABLE"
"FUN_0125d660","0125d660","0125d7c9","ffdff000","ExceptionList","WRITE","void *","00000000"
"FUN_0125d860","0125d860","0125d86a","ffdff000","ExceptionList","READ","void *","00000000"
"FUN_0125d860","0125d860","0125d874","01bbb1c0","DAT_01bbb1c0","READ","undefined4","-0x44bf19b2"
"FUN_0125d860","0125d860","0125d884","ffdff000","ExceptionList","WRITE","void *","00000000"
"FUN_0125d860","0125d860","0125d961","ffdff000","ExceptionList","WRITE","void *","00000000"
"FUN_0125da80","0125da80","0125da8a","ffdff000","ExceptionList","READ","void *","00000000"
"FUN_0125da80","0125da80","0125da94","01bbb1c0","DAT_01bbb1c0","READ","undefined4","-0x44bf19b2"
"FUN_0125da80","0125da80","0125daa4","ffdff000","ExceptionList","WRITE","void *","00000000"
"FUN_0125da80","0125da80","0125db5b","ffdff000","ExceptionList","WRITE","void *","00000000"
"FUN_0125dde0","0125dde0","0125dde6","01bfe470","DAT_01bfe470","READ","undefined4","0x0"
"FUN_0125df00","0125df00","0125df0a","ffdff000","ExceptionList","READ","void *","00000000"
"FUN_0125df00","0125df00","0125df14","01bbb1c0","DAT_01bbb1c0","READ","undefined4","-0x44bf19b2"
"FUN_0125df00","0125df00","0125df25","ffdff000","ExceptionList","WRITE","void *","00000000"
"FUN_0125df00","0125df00","0125df3e","0125e41c","switchD_0125df3e::switchdataD_0125e41c","DATA","pointer","0125df45"
"FUN_0125df00","0125df00","0125dfa9","019ec93c","PTR__errno_019ec93c","READ","pointer","76aefcd0"
"FUN_0125df00","0125df00","0125dfb5","019ec940","PTR__invalid_parameter_noinfo_019ec940","READ","pointer","76b5c530"
"FUN_0125df00","0125df00","0125dfc1","01bfb32c","DAT_01bfb32c","READ","undefined4","0x0"
"FUN_0125df00","0125df00","0125dfd3","01ae83c0","s_System\interface_person_01.wav_01ae83c0","DATA","string","System\interface_person_01.wav"
"FUN_0125df00","0125df00","0125dfe1","01bfb32c","DAT_01bfb32c","READ","undefined4","0x0"
"FUN_0125df00","0125df00","0125dfe7","01ae83c0","s_System\interface_person_01.wav_01ae83c0","DATA","string","System\interface_person_01.wav"
"FUN_0125df00","0125df00","0125dff1","01bfb32c","DAT_01bfb32c","READ","undefined4","0x0"
"FUN_0125df00","0125df00","0125dff7","01ae83c0","s_System\interface_person_01.wav_01ae83c0","DATA","string","System\interface_person_01.wav"
"FUN_0125df00","0125df00","0125e111","019ec93c","PTR__errno_019ec93c","READ","pointer","76aefcd0"
"FUN_0125df00","0125df00","0125e11d","019ec940","PTR__invalid_parameter_noinfo_019ec940","READ","pointer","76b5c530"
"FUN_0125df00","0125df00","0125e16c","019ec93c","PTR__errno_019ec93c","READ","pointer","76aefcd0"
"FUN_0125df00","0125df00","0125e178","019ec940","PTR__invalid_parameter_noinfo_019ec940","READ","pointer","76b5c530"
"FUN_0125df00","0125df00","0125e1b2","019ec93c","PTR__errno_019ec93c","READ","pointer","76aefcd0"
"FUN_0125df00","0125df00","0125e1be","019ec940","PTR__invalid_parameter_noinfo_019ec940","READ","pointer","76b5c530"
"FUN_0125df00","0125df00","0125e1c6","01bfb32c","DAT_01bfb32c","READ","undefined4","0x0"
"FUN_0125df00","0125df00","0125e1d8","01ae83c0","s_System\interface_person_01.wav_01ae83c0","DATA","string","System\interface_person_01.wav"
"FUN_0125df00","0125df00","0125e1e6","01bfb32c","DAT_01bfb32c","READ","undefined4","0x0"
"FUN_0125df00","0125df00","0125e1ec","01ae83c0","s_System\interface_person_01.wav_01ae83c0","DATA","string","System\interface_person_01.wav"
"FUN_0125df00","0125df00","0125e1f6","01bfb32c","DAT_01bfb32c","READ","undefined4","0x0"
"FUN_0125df00","0125df00","0125e1fc","01ae83c0","s_System\interface_person_01.wav_01ae83c0","DATA","string","System\interface_person_01.wav"
"FUN_0125df00","0125df00","0125e29d","019ec8ec","PTR_fmaxf_019ec8ec","READ","pointer","76b78a90"
"FUN_0125df00","0125df00","0125e37b","019ec93c","PTR__errno_019ec93c","READ","pointer","76aefcd0"
"FUN_0125df00","0125df00","0125e387","019ec940","PTR__invalid_parameter_noinfo_019ec940","READ","pointer","76b5c530"
"FUN_0125df00","0125df00","0125e3fa","ffdff000","ExceptionList","WRITE","void *","00000000"
"FUN_0125e4a0","0125e4a0","0125e4c7","0125e4e8","switchD_0125e4c7::switchdataD_0125e4e8","DATA","pointer","0125e4df"
"FUN_0125e500","0125e500","0125e50c","01bbb1c0","DAT_01bbb1c0","READ","undefined4","-0x44bf19b2"
"FUN_0125e500","0125e500","0125e552","01bfe474","DAT_01bfe474","READ","undefined4","0x0"
"FUN_0125e500","0125e500","0125e5de","01bfe47c","DAT_01bfe47c","READ","undefined4","0x0"
"FUN_0125e500","0125e500","0125e631","01bee890","DAT_01bee890","READ","undefined4","0x0"
"FUN_0125e500","0125e500","0125e637","01bee88c","DAT_01bee88c","READ","undefined4","0x0"
"FUN_0125e500","0125e500","0125e69f","01bfe474","DAT_01bfe474","READ","undefined4","0x0"
"FUN_0125e500","0125e500","0125e72f","01bfe47c","DAT_01bfe47c","READ","undefined4","0x0"
"FUN_0125e500","0125e500","0125e782","01bee890","DAT_01bee890","READ","undefined4","0x0"
"FUN_0125e500","0125e500","0125e788","01bee88c","DAT_01bee88c","READ","undefined4","0x0"
"FUN_0125e500","0125e500","0125e82d","01bfe474","DAT_01bfe474","READ","undefined4","0x0"
"FUN_0125e500","0125e500","0125e873","01bfe474","DAT_01bfe474","READ","undefined4","0x0"
"FUN_0125e8b0","0125e8b0","0125e8dd","01bfb28c","DAT_01bfb28c","READ","undefined4","0x0"
"FUN_0125e8b0","0125e8b0","0125e8ee","01bfb28c","DAT_01bfb28c","READ","undefined4","0x0"
"FUN_0125e8b0","0125e8b0","0125e90b","01bfb28c","DAT_01bfb28c","READ","undefined4","0x0"
"FUN_0125e8b0","0125e8b0","0125e921","01bfc3b4","DAT_01bfc3b4","READ","undefined4","0x0"
"FUN_0125e8b0","0125e8b0","0125e92c","01b029d0","DAT_01b029d0","READ","undefined4","0x43820000"
"FUN_0125e8b0","0125e8b0","0125e95e","01bfc3b4","DAT_01bfc3b4","READ","undefined4","0x0"
"FUN_0125e9c0","0125e9c0","0125e9f4","01bfe474","DAT_01bfe474","READ","undefined4","0x0"
"FUN_0125ea10","0125ea10","0125ea2d","ffdff000","ExceptionList","READ","void *","00000000"
"FUN_0125ea10","0125ea10","0125ea38","01bbb1c0","DAT_01bbb1c0","READ","undefined4","-0x44bf19b2"
"FUN_0125ea10","0125ea10","0125ea48","ffdff000","ExceptionList","WRITE","void *","00000000"
"FUN_0125ea10","0125ea10","0125ea50","01bc07f0","DAT_01bc07f0","READ","undefined4","0x300"
"FUN_0125ea10","0125ea10","0125ea63","01bc07ec","DAT_01bc07ec","READ","undefined4","0x400"
"FUN_0125ea10","0125ea10","0125ea75","01b026d0","DAT_01b026d0","READ","undefined4","0x3f4ccccd"
"FUN_0125ea10","0125ea10","0125eab8","01bfe468","DAT_01bfe468","READ","undefined4","0x0"
"FUN_0125ea10","0125ea10","0125eabf","01b0256c","DAT_01b0256c","READ","undefined4","0x3dcccccd"
"FUN_0125ea10","0125ea10","0125eaca","01b02744","DAT_01b02744","READ","undefined4","0x3f7ae148"
"FUN_0125ea10","0125ea10","0125ead2","01bfb258","DAT_01bfb258","READ","undefined4","0x0"
"FUN_0125ea10","0125ea10","0125eb11","01ae82cc","s_ACCESSORY_IDENTIFY_IDENTIFYING_01ae82cc","DATA","string","ACCESSORY_IDENTIFY_IDENTIFYING"
"FUN_0125ea10","0125ea10","0125ec12","01ae8310","s_Accessory\Identify\Identify_BarB_01ae8310","DATA","string","Accessory\Identify\Identify_BarBG.tga"
"FUN_0125ea10","0125ea10","0125ec22","01ae82ec","s_Accessory\Identify\Identify_Bar._01ae82ec","DATA","string","Accessory\Identify\Identify_Bar.tga"
"FUN_0125ea10","0125ea10","0125ec32","01ae8354","s_Accessory\Identify\Identify_BarM_01ae8354","DATA","string","Accessory\Identify\Identify_BarMask.tga"
"FUN_0125ea10","0125ea10","0125ecbe","019ec8ec","PTR_fmaxf_019ec8ec","READ","pointer","76b78a90"
"FUN_0125ea10","0125ea10","0125ecff","01bfb32c","DAT_01bfb32c","READ","undefined4","0x0"
"FUN_0125ea10","0125ea10","0125ed0b","01ae8338","s_System\System_return_01.wav_01ae8338","DATA","string","System\System_return_01.wav"
"FUN_0125ea10","0125ea10","0125ed19","01bfb32c","DAT_01bfb32c","READ","undefined4","0x0"
"FUN_0125ea10","0125ea10","0125ed1f","01ae8338","s_System\System_return_01.wav_01ae8338","DATA","string","System\System_return_01.wav"
"FUN_0125ea10","0125ea10","0125ed29","01bfb32c","DAT_01bfb32c","READ","undefined4","0x0"
"FUN_0125ea10","0125ea10","0125ed2f","01ae8338","s_System\System_return_01.wav_01ae8338","DATA","string","System\System_return_01.wav"
"FUN_0125ea10","0125ea10","0125ed3b","ffdff000","ExceptionList","WRITE","void *","00000000"
"FUN_0125ed60","0125ed60","0125ed7d","ffdff000","ExceptionList","READ","void *","00000000"
"FUN_0125ed60","0125ed60","0125ed88","01bbb1c0","DAT_01bbb1c0","READ","undefined4","-0x44bf19b2"
"FUN_0125ed60","0125ed60","0125ed98","ffdff000","ExceptionList","WRITE","void *","00000000"
"FUN_0125ed60","0125ed60","0125eda0","01bc07f0","DAT_01bc07f0","READ","undefined4","0x300"
"FUN_0125ed60","0125ed60","0125edaf","01bc07ec","DAT_01bc07ec","READ","undefined4","0x400"
"FUN_0125ed60","0125ed60","0125eddc","01bee88c","DAT_01bee88c","READ","undefined4","0x0"
"FUN_0125ed60","0125ed60","0125ede4","01bee890","DAT_01bee890","READ","undefined4","0x0"
"FUN_0125ed60","0125ed60","0125ee3d","01bb9b2c","DAT_01bb9b2c","READ","undefined8","0x3f8000003f800000"
"FUN_0125ed60","0125ed60","0125ee45","01bb9b34","DAT_01bb9b34","READ","undefined4","0x3f800000"
"FUN_0125ed60","0125ed60","0125ee57","01ae839c","s_Accessory\Enchant\Enchant_BG.tga_01ae839c","DATA","string","Accessory\Enchant\Enchant_BG.tga"
"FUN_0125ed60","0125ed60","0125ee78","01bfb258","DAT_01bfb258","READ","undefined4","0x0"
"FUN_0125ed60","0125ed60","0125eea0","01ae837c","s_ACCESSORY_ENCHANT_ENCHANTMENT_01ae837c","DATA","string","ACCESSORY_ENCHANT_ENCHANTMENT"
"FUN_0125ed60","0125ed60","0125ef62","01bee890","DAT_01bee890","READ","undefined4","0x0"
"FUN_0125ed60","0125ed60","0125ef68","01bee88c","DAT_01bee88c","READ","undefined4","0x0"
"FUN_0125ed60","0125ed60","0125efd9","019ec8ec","PTR_fmaxf_019ec8ec","READ","pointer","76b78a90"
"FUN_0125ed60","0125ed60","0125f02d","01ae83e0","s_Accessory\Enchant\Enchant_Enchan_01ae83e0","DATA","string","Accessory\Enchant\Enchant_EnchantBtn.tga"
"FUN_0125ed60","0125ed60","0125f06f","01bb9b2c","DAT_01bb9b2c","READ","undefined8","0x3f8000003f800000"
"FUN_0125ed60","0125ed60","0125f079","01bfe468","DAT_01bfe468","READ","undefined4","0x0"
"FUN_0125ed60","0125ed60","0125f07e","01bfb258","DAT_01bfb258","READ","undefined4","0x0"
"FUN_0125ed60","0125ed60","0125f08a","01bb9b34","DAT_01bb9b34","READ","undefined4","0x3f800000"
"FUN_0125ed60","0125ed60","0125f0b8","01ae837c","s_ACCESSORY_ENCHANT_ENCHANTMENT_01ae837c","DATA","string","ACCESSORY_ENCHANT_ENCHANTMENT"
"FUN_0125ed60","0125ed60","0125f16f","01ad561c","s_System\Ch_Close.tga_01ad561c","DATA","string","System\Ch_Close.tga"
"FUN_0125ed60","0125ed60","0125f1ae","ffdff000","ExceptionList","WRITE","void *","00000000"
"FUN_0125f1d0","0125f1d0","0125f1ed","ffdff000","ExceptionList","READ","void *","00000000"
"FUN_0125f1d0","0125f1d0","0125f1f8","01bbb1c0","DAT_01bbb1c0","READ","undefined4","-0x44bf19b2"
"FUN_0125f1d0","0125f1d0","0125f208","ffdff000","ExceptionList","WRITE","void *","00000000"
"FUN_0125f1d0","0125f1d0","0125f32c","01bee890","DAT_01bee890","READ","undefined4","0x0"
"FUN_0125f1d0","0125f1d0","0125f332","01bee88c","DAT_01bee88c","READ","undefined4","0x0"
"FUN_0125f1d0","0125f1d0","0125f387","01ae673c","DAT_01ae673c","DATA","undefined4","0x122b370"
"FUN_0125f1d0","0125f1d0","0125f42c","ffdff000","ExceptionList","WRITE","void *","00000000"
"FUN_0125f450","0125f450","0125f46d","ffdff000","ExceptionList","READ","void *","00000000"
"FUN_0125f450","0125f450","0125f478","01bbb1c0","DAT_01bbb1c0","READ","undefined4","-0x44bf19b2"
"FUN_0125f450","0125f450","0125f488","ffdff000","ExceptionList","WRITE","void *","00000000"
"FUN_0125f450","0125f450","0125f5a9","01bee890","DAT_01bee890","READ","undefined4","0x0"
"FUN_0125f450","0125f450","0125f5af","01bee88c","DAT_01bee88c","READ","undefined4","0x0"
"FUN_0125f450","0125f450","0125f604","01ae673c","DAT_01ae673c","DATA","undefined4","0x122b370"
"FUN_0125f450","0125f450","0125f6ac","ffdff000","ExceptionList","WRITE","void *","00000000"
"FUN_0125f6e0","0125f6e0","0125f6fd","ffdff000","ExceptionList","READ","void *","00000000"
"FUN_0125f6e0","0125f6e0","0125f70a","01bbb1c0","DAT_01bbb1c0","READ","undefined4","-0x44bf19b2"
"FUN_0125f6e0","0125f6e0","0125f715","ffdff000","ExceptionList","WRITE","void *","00000000"
"FUN_0125f6e0","0125f6e0","0125f7f9","01bfb2a8","DAT_01bfb2a8","READ","undefined4","0x0"
"FUN_0125f6e0","0125f6e0","0125f837","0125f9ac","switchD_0125f837::switchdataD_0125f9ac","DATA","pointer","0125f83e"
"FUN_0125f6e0","0125f6e0","0125f859","01af3694","s_system\Accessory\Digivice.nif_01af3694","DATA","string","system\Accessory\Digivice.nif"
"FUN_0125f6e0","0125f6e0","0125f87b","01af36b4","s_system\Accessory\Ring.nif_01af36b4","DATA","string","system\Accessory\Ring.nif"
"FUN_0125f6e0","0125f6e0","0125f89d","01af3654","s_system\Accessory\Necklace.nif_01af3654","DATA","string","system\Accessory\Necklace.nif"
"FUN_0125f6e0","0125f6e0","0125f8bf","01af3674","s_system\Accessory\Earring.nif_01af3674","DATA","string","system\Accessory\Earring.nif"
"FUN_0125f6e0","0125f6e0","0125f8e6","01b02a20","DAT_01b02a20","READ","undefined4","0x44480000"
"FUN_0125f6e0","0125f6e0","0125f95d","01bfb32c","DAT_01bfb32c","READ","undefined4","0x0"
"FUN_0125f6e0","0125f6e0","0125f969","01ae8424","s_System\JewelSuccess.wav_01ae8424","DATA","string","System\JewelSuccess.wav"
"FUN_0125f6e0","0125f6e0","0125f977","01bfb32c","DAT_01bfb32c","READ","undefined4","0x0"
"FUN_0125f6e0","0125f6e0","0125f97d","01ae8424","s_System\JewelSuccess.wav_01ae8424","DATA","string","System\JewelSuccess.wav"
"FUN_0125f6e0","0125f6e0","0125f987","01bfb32c","DAT_01bfb32c","READ","undefined4","0x0"
"FUN_0125f6e0","0125f6e0","0125f98d","01ae8424","s_System\JewelSuccess.wav_01ae8424","DATA","string","System\JewelSuccess.wav"
"FUN_0125f6e0","0125f6e0","0125f999","ffdff000","ExceptionList","WRITE","void *","00000000"
"FUN_0125f9f0","0125f9f0","0125fa0d","ffdff000","ExceptionList","READ","void *","00000000"
"FUN_0125f9f0","0125f9f0","0125fa18","01bbb1c0","DAT_01bbb1c0","READ","undefined4","-0x44bf19b2"
"FUN_0125f9f0","0125f9f0","0125fa28","ffdff000","ExceptionList","WRITE","void *","00000000"
"FUN_0125f9f0","0125f9f0","0125fa90","01ae65dc","s_Control_G\ComboBox\Combo2.tga_01ae65dc","DATA","string","Control_G\ComboBox\Combo2.tga"
"FUN_0125f9f0","0125f9f0","0125fb8d","01ae661c","s_Control_G\Popup\ON2Dlg_01ae661c","DATA","string","Control_G\Popup\ON2Dlg"
"FUN_0125f9f0","0125f9f0","0125fbe1","01bfe468","DAT_01bfe468","READ","undefined4","0x0"
"FUN_0125f9f0","0125f9f0","0125fbf4","01bb9b2c","DAT_01bb9b2c","READ","undefined8","0x3f8000003f800000"
"FUN_0125f9f0","0125f9f0","0125fbfc","01bee890","DAT_01bee890","READ","undefined4","0x0"
"FUN_0125f9f0","0125f9f0","0125fc02","01bb9b34","DAT_01bb9b34","READ","undefined4","0x3f800000"
"FUN_0125f9f0","0125f9f0","0125fc1f","01bee88c","DAT_01bee88c","READ","undefined4","0x0"
"FUN_0125f9f0","0125f9f0","0125fc24","01ad36a8","s_Talk\Common_Seletbar.tga_01ad36a8","DATA","string","Talk\Common_Seletbar.tga"
"FUN_0125f9f0","0125f9f0","0125fc4a","01ad36a8","s_Talk\Common_Seletbar.tga_01ad36a8","DATA","string","Talk\Common_Seletbar.tga"
"FUN_0125f9f0","0125f9f0","0125fc4f","01bfbd40","DAT_01bfbd40","DATA","undefined1","0x0"
"FUN_0125f9f0","0125f9f0","0125fcc1","01bfe468","DAT_01bfe468","READ","undefined4","0x0"
"FUN_0125f9f0","0125f9f0","0125fd31","01ad7b14","s_SealMaster\dropdown_list_0_01ad7b14","DATA","string","SealMaster\dropdown_list_0"
"FUN_0125f9f0","0125f9f0","0125fd7f","ffdff000","ExceptionList","WRITE","void *","00000000"
"FUN_0125fda0","0125fda0","0125fdbd","ffdff000","ExceptionList","READ","void *","00000000"
"FUN_0125fda0","0125fda0","0125fdc8","01bbb1c0","DAT_01bbb1c0","READ","undefined4","-0x44bf19b2"
"FUN_0125fda0","0125fda0","0125fdd8","ffdff000","ExceptionList","WRITE","void *","00000000"
"FUN_0125fda0","0125fda0","0125fe96","01b02744","DAT_01b02744","READ","undefined4","0x3f7ae148"
"FUN_0125fda0","0125fda0","0125ffbc","ffdff000","ExceptionList","WRITE","void *","00000000"
"FUN_0125ffe0","0125ffe0","0125fffd","ffdff000","ExceptionList","READ","void *","00000000"
"FUN_0125ffe0","0125ffe0","0126000a","01bbb1c0","DAT_01bbb1c0","READ","undefined4","-0x44bf19b2"
"FUN_0125ffe0","0125ffe0","01260015","ffdff000","ExceptionList","WRITE","void *","00000000"
"FUN_0125ffe0","0125ffe0","01260074","01260b80","switchD_01260074::switchdataD_01260b80","DATA","pointer","012600c5"
"FUN_0125ffe0","0125ffe0","01260092","01260cf8","switchD_01260099::switchdataD_01260cf8","DATA","byte","0x0"
"FUN_0125ffe0","0125ffe0","01260099","01260c78","switchD_01260099::switchdataD_01260c78","DATA","pointer","0126013c"
"FUN_0125ffe0","0125ffe0","012600b7","01260dec","switchD_012600be::switchdataD_01260dec","DATA","byte","0x0"
"FUN_0125ffe0","0125ffe0","012600be","01260d6c","switchD_012600be::switchdataD_01260d6c","DATA","pointer","0126013c"
"FUN_0125ffe0","0125ffe0","012600c5","01bfb258","DAT_01bfb258","READ","undefined4","0x0"
"FUN_0125ffe0","0125ffe0","012600da","01ae7ccc","s_COMMON_TXT_ATTACK_01ae7ccc","DATA","string","COMMON_TXT_ATTACK"
"FUN_0125ffe0","0125ffe0","0126010d","01ae840c","u_[_%s_+_%d_]_01ae840c","DATA","unicode","[ %s + %d ]"
"FUN_0125ffe0","0125ffe0","0126012e","01260ee0","switchD_01260135::switchdataD_01260ee0","DATA","byte","0x0"
"FUN_0125ffe0","0125ffe0","01260135","01260e60","switchD_01260135::switchdataD_01260e60","DATA","pointer","0126013c"
"FUN_0125ffe0","0125ffe0","0126013c","01bfb258","DAT_01bfb258","READ","undefined4","0x0"
"FUN_0125ffe0","0125ffe0","01260151","01ae7d20","s_COMMON_TXT_DEFENSE_01ae7d20","DATA","string","COMMON_TXT_DEFENSE"
"FUN_0125ffe0","0125ffe0","0126017d","01bfb258","DAT_01bfb258","READ","undefined4","0x0"
"FUN_0125ffe0","0125ffe0","01260192","01ae7d0c","s_COMMON_TXT_MAX_HP_01ae7d0c","DATA","string","COMMON_TXT_MAX_HP"
"FUN_0125ffe0","0125ffe0","012601c1","01bfb258","DAT_01bfb258","READ","undefined4","0x0"
"FUN_0125ffe0","0125ffe0","012601d6","01ae7d48","s_COMMON_TXT_MAX_DS_01ae7d48","DATA","string","COMMON_TXT_MAX_DS"
"FUN_0125ffe0","0125ffe0","01260205","01bfb258","DAT_01bfb258","READ","undefined4","0x0"
"FUN_0125ffe0","0125ffe0","0126021a","01ae7d34","s_COMMON_TXT_SKILLAP_01ae7d34","DATA","string","COMMON_TXT_SKILLAP"
"FUN_0125ffe0","0125ffe0","01260249","01bfb258","DAT_01bfb258","READ","undefined4","0x0"
"FUN_0125ffe0","0125ffe0","01260269","01ae7d78","s_COMMON_TXT_ATTRIBUTEAP_01ae7d78","DATA","string","COMMON_TXT_ATTRIBUTEAP"
"FUN_0125ffe0","0125ffe0","0126029c","01ae845c","u_[_%s_+_%.2f_]_01ae845c","DATA","unicode","[ %s + %.2f ]"
"FUN_0125ffe0","0125ffe0","012602a6","01bfb258","DAT_01bfb258","READ","undefined4","0x0"
"FUN_0125ffe0","0125ffe0","012602c6","01ae7d90","s_COMMON_TXT_CRITICAL_01ae7d90","DATA","string","COMMON_TXT_CRITICAL"
"FUN_0125ffe0","0125ffe0","012602f2","01b02970","DAT_01b02970","READ","undefined4","0x42c80000"
"FUN_0125ffe0","0125ffe0","012602fa","01bfb258","DAT_01bfb258","READ","undefined4","0x0"
"FUN_0125ffe0","0125ffe0","0126031a","01ae7de0","s_COMMON_TXT_CRITICAL_DAMAGE_01ae7de0","DATA","string","COMMON_TXT_CRITICAL_DAMAGE"
"FUN_0125ffe0","0125ffe0","01260349","01b02970","DAT_01b02970","READ","undefined4","0x42c80000"
"FUN_0125ffe0","0125ffe0","01260351","01bfb258","DAT_01bfb258","READ","undefined4","0x0"
"FUN_0125ffe0","0125ffe0","01260371","01ac5194","s_COMMON_TXT_ATTACK_SPEED_01ac5194","DATA","string","COMMON_TXT_ATTACK_SPEED"
"FUN_0125ffe0","0125ffe0","012603a0","01bfb258","DAT_01bfb258","READ","undefined4","0x0"
"FUN_0125ffe0","0125ffe0","012603c0","01ae7dfc","s_COMMON_TXT_AVOID_01ae7dfc","DATA","string","COMMON_TXT_AVOID"
"FUN_0125ffe0","0125ffe0","012603ef","01bfb258","DAT_01bfb258","READ","undefined4","0x0"
"FUN_0125ffe0","0125ffe0","0126040f","01ac523c","s_COMMON_TXT_BLOCK_01ac523c","DATA","string","COMMON_TXT_BLOCK"
"FUN_0125ffe0","0125ffe0","0126043e","01bfb258","DAT_01bfb258","READ","undefined4","0x0"
"FUN_0125ffe0","0125ffe0","01260453","01ae7e48","s_COMMON_TXT_HIT_RATE_01ae7e48","DATA","string","COMMON_TXT_HIT_RATE"
"FUN_0125ffe0","0125ffe0","01260482","01b02970","DAT_01b02970","READ","undefined4","0x42c80000"
"FUN_0125ffe0","0125ffe0","0126048a","01bfb258","DAT_01bfb258","READ","undefined4","0x0"
"FUN_0125ffe0","0125ffe0","012604aa","01ae7e34","s_COMMON_TXT_AP_RATIO_01ae7e34","DATA","string","COMMON_TXT_AP_RATIO"
"FUN_0125ffe0","0125ffe0","012604d9","01b02970","DAT_01b02970","READ","undefined4","0x42c80000"
"FUN_0125ffe0","0125ffe0","012604e1","01bfb258","DAT_01bfb258","READ","undefined4","0x0"
"FUN_0125ffe0","0125ffe0","01260501","01ae7e5c","s_COMMON_TXT_DP_RATIO_01ae7e5c","DATA","string","COMMON_TXT_DP_RATIO"
"FUN_0125ffe0","0125ffe0","01260530","01b02970","DAT_01b02970","READ","undefined4","0x42c80000"
"FUN_0125ffe0","0125ffe0","01260538","01bfb258","DAT_01bfb258","READ","undefined4","0x0"
"FUN_0125ffe0","0125ffe0","01260558","01ae7ea8","s_COMMON_TXT_MAX_HP_RATIO_01ae7ea8","DATA","string","COMMON_TXT_MAX_HP_RATIO"
"FUN_0125ffe0","0125ffe0","01260587","01b02970","DAT_01b02970","READ","undefined4","0x42c80000"
"FUN_0125ffe0","0125ffe0","0126058f","01bfb258","DAT_01bfb258","READ","undefined4","0x0"
"FUN_0125ffe0","0125ffe0","012605af","01ae7e90","s_COMMON_TXT_MAX_DS_RATIO_01ae7e90","DATA","string","COMMON_TXT_MAX_DS_RATIO"
"FUN_0125ffe0","0125ffe0","012605de","01b02970","DAT_01b02970","READ","undefined4","0x42c80000"
"FUN_0125ffe0","0125ffe0","012605e6","01bfb258","DAT_01bfb258","READ","undefined4","0x0"
"FUN_0125ffe0","0125ffe0","01260606","01ae7edc","s_COMMON_TXT_SKILL_AP_RATIO_01ae7edc","DATA","string","COMMON_TXT_SKILL_AP_RATIO"
"FUN_0125ffe0","0125ffe0","01260635","01b02970","DAT_01b02970","READ","undefined4","0x42c80000"
"FUN_0125ffe0","0125ffe0","0126063d","01bfb258","DAT_01bfb258","READ","undefined4","0x0"
"FUN_0125ffe0","0125ffe0","0126065d","01ae7ec0","s_COMMON_TXT_FINAL_AP_RATIO_01ae7ec0","DATA","string","COMMON_TXT_FINAL_AP_RATIO"
"FUN_0125ffe0","0125ffe0","0126068c","01b02970","DAT_01b02970","READ","undefined4","0x42c80000"
"FUN_0125ffe0","0125ffe0","01260694","01bfb258","DAT_01bfb258","READ","undefined4","0x0"
"FUN_0125ffe0","0125ffe0","012606b4","01ac5900","s_COMMON_TXT_DATA_ATTRIBUTE_DAMAGE_01ac5900","DATA","string","COMMON_TXT_DATA_ATTRIBUTE_DAMAGE"
"FUN_0125ffe0","0125ffe0","012606e3","01b02970","DAT_01b02970","READ","undefined4","0x42c80000"
"FUN_0125ffe0","0125ffe0","012606eb","01bfb258","DAT_01bfb258","READ","undefined4","0x0"
"FUN_0125ffe0","0125ffe0","0126070b","01ac5924","s_COMMON_TXT_VACCINE_ATTRIBUTE_DAM_01ac5924","DATA","string","COMMON_TXT_VACCINE_ATTRIBUTE_DAMAGE"
"FUN_0125ffe0","0125ffe0","0126073a","01b02970","DAT_01b02970","READ","undefined4","0x42c80000"
"FUN_0125ffe0","0125ffe0","01260742","01bfb258","DAT_01bfb258","READ","undefined4","0x0"
"FUN_0125ffe0","0125ffe0","01260762","01ac5948","s_COMMON_TXT_VIRUS_ATTRIBUTE_DAMAG_01ac5948","DATA","string","COMMON_TXT_VIRUS_ATTRIBUTE_DAMAGE"
"FUN_0125ffe0","0125ffe0","01260791","01b02970","DAT_01b02970","READ","undefined4","0x42c80000"
"FUN_0125ffe0","0125ffe0","01260799","01bfb258","DAT_01bfb258","READ","undefined4","0x0"
"FUN_0125ffe0","0125ffe0","012607b9","01ac596c","s_COMMON_TXT_UNKNOWN_ATTRIBUTE_DAM_01ac596c","DATA","string","COMMON_TXT_UNKNOWN_ATTRIBUTE_DAMAGE"
"FUN_0125ffe0","0125ffe0","012607e8","01b02970","DAT_01b02970","READ","undefined4","0x42c80000"
"FUN_0125ffe0","0125ffe0","012607f0","01bfb258","DAT_01bfb258","READ","undefined4","0x0"
"FUN_0125ffe0","0125ffe0","01260810","01ac577c","s_COMMON_TXT_ICE_ATTRIBUTE_DAMAGE_01ac577c","DATA","string","COMMON_TXT_ICE_ATTRIBUTE_DAMAGE"
"FUN_0125ffe0","0125ffe0","0126083f","01b02970","DAT_01b02970","READ","undefined4","0x42c80000"
"FUN_0125ffe0","0125ffe0","01260847","01bfb258","DAT_01bfb258","READ","undefined4","0x0"
"FUN_0125ffe0","0125ffe0","01260867","01ac579c","s_COMMON_TXT_WATER_ATTRIBUTE_DAMAG_01ac579c","DATA","string","COMMON_TXT_WATER_ATTRIBUTE_DAMAGE"
"FUN_0125ffe0","0125ffe0","01260896","01b02970","DAT_01b02970","READ","undefined4","0x42c80000"
"FUN_0125ffe0","0125ffe0","0126089e","01bfb258","DAT_01bfb258","READ","undefined4","0x0"
"FUN_0125ffe0","0125ffe0","012608be","01ac57c0","s_COMMON_TXT_FIRE_ATTRIBUTE_DAMAGE_01ac57c0","DATA","string","COMMON_TXT_FIRE_ATTRIBUTE_DAMAGE"
"FUN_0125ffe0","0125ffe0","012608ed","01b02970","DAT_01b02970","READ","undefined4","0x42c80000"
"FUN_0125ffe0","0125ffe0","012608f5","01bfb258","DAT_01bfb258","READ","undefined4","0x0"
"FUN_0125ffe0","0125ffe0","01260915","01ac57e4","s_COMMON_TXT_EARTH_ATTRIBUTE_DAMAG_01ac57e4","DATA","string","COMMON_TXT_EARTH_ATTRIBUTE_DAMAGE"
"FUN_0125ffe0","0125ffe0","01260944","01b02970","DAT_01b02970","READ","undefined4","0x42c80000"
"FUN_0125ffe0","0125ffe0","0126094c","01bfb258","DAT_01bfb258","READ","undefined4","0x0"
"FUN_0125ffe0","0125ffe0","0126096c","01ac5808","s_COMMON_TXT_WIND_ATTRIBUTE_DAMAGE_01ac5808","DATA","string","COMMON_TXT_WIND_ATTRIBUTE_DAMAGE"
"FUN_0125ffe0","0125ffe0","0126099b","01b02970","DAT_01b02970","READ","undefined4","0x42c80000"
"FUN_0125ffe0","0125ffe0","012609a3","01bfb258","DAT_01bfb258","READ","undefined4","0x0"
"FUN_0125ffe0","0125ffe0","012609c3","01ac582c","s_COMMON_TXT_WOOD_ATTRIBUTE_DAMAGE_01ac582c","DATA","string","COMMON_TXT_WOOD_ATTRIBUTE_DAMAGE"
"FUN_0125ffe0","0125ffe0","012609f2","01b02970","DAT_01b02970","READ","undefined4","0x42c80000"
"FUN_0125ffe0","0125ffe0","012609fa","01bfb258","DAT_01bfb258","READ","undefined4","0x0"
"FUN_0125ffe0","0125ffe0","01260a1a","01ac5850","s_COMMON_TXT_LIGHT_ATTRIBUTE_DAMAG_01ac5850","DATA","string","COMMON_TXT_LIGHT_ATTRIBUTE_DAMAGE"
"FUN_0125ffe0","0125ffe0","01260a49","01b02970","DAT_01b02970","READ","undefined4","0x42c80000"
"FUN_0125ffe0","0125ffe0","01260a51","01bfb258","DAT_01bfb258","READ","undefined4","0x0"
"FUN_0125ffe0","0125ffe0","01260a71","01ac5874","s_COMMON_TXT_DARKNESS_ATTRIBUTE_DA_01ac5874","DATA","string","COMMON_TXT_DARKNESS_ATTRIBUTE_DAMAGE"
"FUN_0125ffe0","0125ffe0","01260aa0","01b02970","DAT_01b02970","READ","undefined4","0x42c80000"
"FUN_0125ffe0","0125ffe0","01260aa8","01bfb258","DAT_01bfb258","READ","undefined4","0x0"
"FUN_0125ffe0","0125ffe0","01260ac8","01ac589c","s_COMMON_TXT_THUNDER_ATTRIBUTE_DAM_01ac589c","DATA","string","COMMON_TXT_THUNDER_ATTRIBUTE_DAMAGE"
"FUN_0125ffe0","0125ffe0","01260af4","01b02970","DAT_01b02970","READ","undefined4","0x42c80000"
"FUN_0125ffe0","0125ffe0","01260afc","01bfb258","DAT_01bfb258","READ","undefined4","0x0"
"FUN_0125ffe0","0125ffe0","01260b1c","01ac58c0","s_COMMON_TXT_STEEL_ATTRIBUTE_DAMAG_01ac58c0","DATA","string","COMMON_TXT_STEEL_ATTRIBUTE_DAMAGE"
"FUN_0125ffe0","0125ffe0","01260b4f","01ae843c","u_[_%s_+_%5.2f_]_01ae843c","DATA","unicode","[ %s + %5.2f ]"
"FUN_0125ffe0","0125ffe0","01260b6a","ffdff000","ExceptionList","WRITE","void *","00000000"
"FUN_01267070","01267070","01267073","01bbb1c0","DAT_01bbb1c0","READ","undefined4","-0x44bf19b2"
"FUN_01267070","01267070","012670f7","01bfe464","DAT_01bfe464","READ","undefined4","0x0"
"FUN_01267280","01267280","012673f8","01bfb32c","DAT_01bfb32c","READ","undefined4","0x0"
"FUN_01267280","01267280","01267404","01ae83c0","s_System\interface_person_01.wav_01ae83c0","DATA","string","System\interface_person_01.wav"
"FUN_01267280","01267280","01267412","01bfb32c","DAT_01bfb32c","READ","undefined4","0x0"
"FUN_01267280","01267280","01267418","01ae83c0","s_System\interface_person_01.wav_01ae83c0","DATA","string","System\interface_person_01.wav"
"FUN_01267280","01267280","01267422","01bfb32c","DAT_01bfb32c","READ","undefined4","0x0"
"FUN_01267280","01267280","01267428","01ae83c0","s_System\interface_person_01.wav_01ae83c0","DATA","string","System\interface_person_01.wav"
"FUN_01267440","01267440","01267479","019ec8ec","PTR_fmaxf_019ec8ec","READ","pointer","76b78a90"
"FUN_01267760","01267760","01267760","01bfe470","DAT_01bfe470","READ","undefined4","0x0"
"FUN_01267810","01267810","01267813","01bbb1c0","DAT_01bbb1c0","READ","undefined4","-0x44bf19b2"
"FUN_012678d0","012678d0","012678de","01bee88c","DAT_01bee88c","READ","undefined4","0x0"
"FUN_012678d0","012678d0","012678ec","01bee890","DAT_01bee890","READ","undefined4","0x0"
"FUN_01267970","01267970","01267979","01bbb1c0","DAT_01bbb1c0","READ","undefined4","-0x44bf19b2"
"FUN_01267970","01267970","012679bd","01bfe474","DAT_01bfe474","READ","undefined4","0x0"
"FUN_01267970","01267970","01267a0b","01bfe474","DAT_01bfe474","READ","undefined4","0x0"
"FUN_01267a60","01267a60","01267aaa","01bee890","DAT_01bee890","READ","undefined4","0x0"
"FUN_01267a60","01267a60","01267ab0","01bee88c","DAT_01bee88c","READ","undefined4","0x0"
"FUN_01267bd0","01267bd0","01267bda","ffdff000","ExceptionList","READ","void *","00000000"
"FUN_01267bd0","01267bd0","01267be7","01bbb1c0","DAT_01bbb1c0","READ","undefined4","-0x44bf19b2"
"FUN_01267bd0","01267bd0","01267bf7","ffdff000","ExceptionList","WRITE","void *","00000000"
"FUN_01267bd0","01267bd0","01267bff","01bc07f0","DAT_01bc07f0","READ","undefined4","0x300"
"FUN_01267bd0","01267bd0","01267c0e","01bc07ec","DAT_01bc07ec","READ","undefined4","0x400"
"FUN_01267bd0","01267bd0","01267c3b","01bee88c","DAT_01bee88c","READ","undefined4","0x0"
"FUN_01267bd0","01267bd0","01267c43","01bee890","DAT_01bee890","READ","undefined4","0x0"
"FUN_01267bd0","01267bd0","01267c9c","01bb9b2c","DAT_01bb9b2c","READ","undefined8","0x3f8000003f800000"
"FUN_01267bd0","01267bd0","01267ca4","01bb9b34","DAT_01bb9b34","READ","undefined4","0x3f800000"
"FUN_01267bd0","01267bd0","01267cb6","01ad7e6c","s_SeasonPass\Pass_ExpPopup_bg.png_01ad7e6c","DATA","string","SeasonPass\Pass_ExpPopup_bg.png"
"FUN_01267bd0","01267bd0","01267ce0","01bfb258","DAT_01bfb258","READ","undefined4","0x0"
"FUN_01267bd0","01267bd0","01267cfe","01ae8958","s_ACCESSORY_ENCHANT_RESULT_01ae8958","DATA","string","ACCESSORY_ENCHANT_RESULT"
"FUN_01267bd0","01267bd0","01267d7d","01ae893c","s_Random_box\bar_arrow.png_01ae893c","DATA","string","Random_box\bar_arrow.png"
"FUN_01267bd0","01267bd0","01267d9f","01ae83e0","s_Accessory\Enchant\Enchant_Enchan_01ae83e0","DATA","string","Accessory\Enchant\Enchant_EnchantBtn.tga"
"FUN_01267bd0","01267bd0","01267de7","01bb9b2c","DAT_01bb9b2c","READ","undefined8","0x3f8000003f800000"
"FUN_01267bd0","01267bd0","01267df1","01bfe468","DAT_01bfe468","READ","undefined4","0x0"
"FUN_01267bd0","01267bd0","01267df6","01bfb258","DAT_01bfb258","READ","undefined4","0x0"
"FUN_01267bd0","01267bd0","01267e02","01bb9b34","DAT_01bb9b34","READ","undefined4","0x3f800000"
"FUN_01267bd0","01267bd0","01267e30","01ae8974","s_SECONDPASSWORD_STRING_CONFIRM_01ae8974","DATA","string","SECONDPASSWORD_STRING_CONFIRM"
"FUN_01267bd0","01267bd0","01267ecd","ffdff000","ExceptionList","WRITE","void *","00000000"
"FUN_01267ef0","01267ef0","01267efa","ffdff000","ExceptionList","READ","void *","00000000"
"FUN_01267ef0","01267ef0","01267f07","01bbb1c0","DAT_01bbb1c0","READ","undefined4","-0x44bf19b2"
"FUN_01267ef0","01267ef0","01267f17","ffdff000","ExceptionList","WRITE","void *","00000000"
"FUN_01267ef0","01267ef0","0126805a","01bfe468","DAT_01bfe468","READ","undefined4","0x0"
"FUN_01267ef0","01267ef0","0126805f","01bb9b2c","DAT_01bb9b2c","READ","undefined8","0x3f8000003f800000"
"FUN_01267ef0","01267ef0","01268075","01bb9b34","DAT_01bb9b34","READ","undefined4","0x3f800000"
"FUN_01267ef0","01267ef0","012681ce","01bfe468","DAT_01bfe468","READ","undefined4","0x0"
"FUN_01267ef0","01267ef0","012681d3","01bb9b2c","DAT_01bb9b2c","READ","undefined8","0x3f8000003f800000"
"FUN_01267ef0","01267ef0","012681e9","01bb9b34","DAT_01bb9b34","READ","undefined4","0x3f800000"
"FUN_01267ef0","01267ef0","012682cf","01bfb8cc","DAT_01bfb8cc","READ","undefined4","0x0"
"FUN_01267ef0","01267ef0","012682e0","ffdff000","ExceptionList","WRITE","void *","00000000"
"FUN_01283910","01283910","0128392d","ffdff000","ExceptionList","READ","void *","00000000"
"FUN_01283910","01283910","0128393a","01bbb1c0","DAT_01bbb1c0","READ","undefined4","-0x44bf19b2"
"FUN_01283910","01283910","01283945","ffdff000","ExceptionList","WRITE","void *","00000000"
"FUN_01283910","01283910","01283964","0128795c","switchD_01283964::switchdataD_0128795c","DATA","pointer","0128406d"
"FUN_01283910","01283910","01283a22","01ae979c","s_MainMenuUI_01ae979c","DATA","string","MainMenuUI"
"FUN_01283910","01283910","01283a3d","01ad34dc","DAT_01ad34dc","READ","undefined4","0x10b92b0"
"FUN_01283910","01283910","01283a58","ffdff000","ExceptionList","WRITE","void *","00000000"
"FUN_01283910","01283910","01283b13","01ae97b8","s_QuickMenuUI_01ae97b8","DATA","string","QuickMenuUI"
"FUN_01283910","01283910","01283b2e","01ad35f0","DAT_01ad35f0","READ","undefined4","0x10bab40"
"FUN_01283910","01283910","01283b49","ffdff000","ExceptionList","WRITE","void *","00000000"
"FUN_01283910","01283910","01283bc2","01ae97a8","s_QuickSubMenuUI_01ae97a8","DATA","string","QuickSubMenuUI"
"FUN_01283910","01283910","01283bdd","01ad373c","DAT_01ad373c","READ","undefined4","0x10bba60"
"FUN_01283910","01283910","01283bf8","ffdff000","ExceptionList","WRITE","void *","00000000"
"FUN_01283910","01283910","01283c85","01ae97d0","s_VipMemberShipToolUI_01ae97d0","DATA","string","VipMemberShipToolUI"
"FUN_01283910","01283910","01283ca0","01ad3f50","DAT_01ad3f50","READ","undefined4","0x10c0da0"
"FUN_01283910","01283910","01283cbb","ffdff000","ExceptionList","WRITE","void *","00000000"
"FUN_01283910","01283910","01283d16","01ae97c4","s_OptionSound_01ae97c4","DATA","string","OptionSound"
"FUN_01283910","01283910","01283d2f","01aefcb8","DAT_01aefcb8","READ","undefined4","0xf505a0"
"FUN_01283910","01283910","01283d45","ffdff000","ExceptionList","WRITE","void *","00000000"
"FUN_01283910","01283910","01283e23","01ae97f4","s_OptionMacro_01ae97f4","DATA","string","OptionMacro"
"FUN_01283910","01283910","01283e31","01ae97f4","s_OptionMacro_01ae97f4","DATA","string","OptionMacro"
"FUN_01283910","01283910","01283e8b","01ae97e4","s_OptionGraphic_01ae97e4","DATA","string","OptionGraphic"
"FUN_01283910","01283910","01283e99","01ae97e4","s_OptionGraphic_01ae97e4","DATA","string","OptionGraphic"
"FUN_01283910","01283910","01283f41","01bfe470","DAT_01bfe470","READ","undefined4","0x0"
"FUN_01283910","01283910","01283f96","01ae9810","s_OptionInterface_01ae9810","DATA","string","OptionInterface"
"FUN_01283910","01283910","01283fa7","01ae9810","s_OptionInterface_01ae9810","DATA","string","OptionInterface"
"FUN_01283910","01283910","01284041","01ae9800","s_OptionUserGrade_01ae9800","DATA","string","OptionUserGrade"
"FUN_01283910","01283910","01284063","01ae9800","s_OptionUserGrade_01ae9800","DATA","string","OptionUserGrade"
"FUN_01283910","01283910","0128415f","01ae9834","s_TamerWindow_01ae9834","DATA","string","TamerWindow"
"FUN_01283910","01283910","0128417a","01af42dc","DAT_01af42dc","READ","undefined4","0x13894f0"
"FUN_01283910","01283910","01284295","01ae9820","s_MainDigimonWindow_01ae9820","DATA","string","MainDigimonWindow"
"FUN_01283910","01283910","012842b0","01af4060","DAT_01af4060","READ","undefined4","0x1386c40"
"FUN_01283910","01283910","012843ce","01bee88c","DAT_01bee88c","READ","undefined4","0x0"
"FUN_01283910","01283910","012843d3","01bee890","DAT_01bee890","READ","undefined4","0x0"
"FUN_01283910","01283910","012843eb","01ae9850","s_TargetUI_01ae9850","DATA","string","TargetUI"
"FUN_01283910","01283910","01284406","01af6c4c","DAT_01af6c4c","READ","undefined4","0x13bb1e0"
"FUN_01283910","01283910","012844cc","01ae9840","s_TacticsWindow_01ae9840","DATA","string","TacticsWindow"
"FUN_01283910","01283910","012844e7","01af4198","DAT_01af4198","READ","undefined4","0x10b92b0"
"FUN_01283910","01283910","0128459e","01ae9868","s_XaiGuageWindow_01ae9868","DATA","string","XaiGuageWindow"
"FUN_01283910","01283910","012845b9","01af5f5c","DAT_01af5f5c","READ","undefined4","0x13ae830"
"FUN_01283910","01283910","01284687","01adbb30","s_QuickSlot_01adbb30","DATA","string","QuickSlot"
"FUN_01283910","01283910","012846a2","01af44d4","DAT_01af44d4","READ","undefined4","0x138ad30"
"FUN_01283910","01283910","01284792","01bee88c","DAT_01bee88c","READ","undefined4","0x0"
"FUN_01283910","01283910","01284797","01bee890","DAT_01bee890","READ","undefined4","0x0"
"FUN_01283910","01283910","012847be","01ae985c","s_QuickEvol_01ae985c","DATA","string","QuickEvol"
"FUN_01283910","01283910","012847d9","01af50bc","DAT_01af50bc","READ","undefined4","0x139b6d0"
"FUN_01283910","01283910","01284859","01ae9880","s_ChatOption_01ae9880","DATA","string","ChatOption"
"FUN_01283910","01283910","01284874","01ad6c10","DAT_01ad6c10","READ","undefined4","0x10df9e0"
"FUN_01283910","01283910","01284897","ffdff000","ExceptionList","WRITE","void *","00000000"
"FUN_01283910","01283910","0128490a","01bee88c","DAT_01bee88c","READ","undefined4","0x0"
"FUN_01283910","01283910","0128490f","01bee890","DAT_01bee890","READ","undefined4","0x0"
"FUN_01283910","01283910","01284923","01ae9898","s_DigiviceQuest_01ae9898","DATA","string","DigiviceQuest"
"FUN_01283910","01283910","01284931","01ae9898","s_DigiviceQuest_01ae9898","DATA","string","DigiviceQuest"
"FUN_01283910","01283910","012849de","01ae988c","s_PartyWindow_01ae988c","DATA","string","PartyWindow"
"FUN_01283910","01283910","012849f9","01af460c","DAT_01af460c","READ","undefined4","0x138e170"
"FUN_01283910","01283910","01284b30","01ae98b4","s_BuffInfo_01ae98b4","DATA","string","BuffInfo"
"FUN_01283910","01283910","01284b3e","01ae98b4","s_BuffInfo_01ae98b4","DATA","string","BuffInfo"
"FUN_01283910","01283910","01284c66","01ae98a8","s_Inventory_01ae98a8","DATA","string","Inventory"
"FUN_01283910","01283910","01284c81","01aedc6c","DAT_01aedc6c","READ","undefined4","0x12f70e0"
"FUN_01283910","01283910","01284dd0","01afff10","DAT_01afff10","READ","undefined4","0x14647a0"
"FUN_01283910","01283910","01284e82","01adbb3c","s_Store_01adbb3c","DATA","string","Store"
"FUN_01283910","01283910","01284e9d","01aeb774","DAT_01aeb774","READ","undefined4","0x12ba410"
"FUN_01283910","01283910","01284f82","01ae98d0","s_DigitamaSell_01ae98d0","DATA","string","DigitamaSell"
"FUN_01283910","01283910","01284f9d","01ae8894","DAT_01ae8894","READ","undefined4","0x1264d60"
"FUN_01283910","01283910","012850fc","01ae98c0","s_DigitamaScan_01ae98c0","DATA","string","DigitamaScan"
"FUN_01283910","01283910","01285117","01ae8710","DAT_01ae8710","READ","undefined4","0x12614e0"
"FUN_01283910","01283910","012852a0","01ae98ec","s_QuestRev_01ae98ec","DATA","string","QuestRev"
"FUN_01283910","01283910","012852b6","01ae98ec","s_QuestRev_01ae98ec","DATA","string","QuestRev"
"FUN_01283910","01283910","01285436","01ae98e0","s_QuestComp_01ae98e0","DATA","string","QuestComp"
"FUN_01283910","01283910","0128544c","01ae98e0","s_QuestComp_01ae98e0","DATA","string","QuestComp"
"FUN_01283910","01283910","01285492","01ae9908","s_QuestList_01ae9908","DATA","string","QuestList"
"FUN_01283910","01283910","0128564b","01ae98f8","s_QuestDiscript_01ae98f8","DATA","string","QuestDiscript"
"FUN_01283910","01283910","01285659","01ae98f8","s_QuestDiscript_01ae98f8","DATA","string","QuestDiscript"
"FUN_01283910","01283910","01285725","01adbb44","s_QuestHelper_01adbb44","DATA","string","QuestHelper"
"FUN_01283910","01283910","01285744","01adbb44","s_QuestHelper_01adbb44","DATA","string","QuestHelper"
"FUN_01283910","01283910","01285786","01ae9924","s_MakeTactics_01ae9924","DATA","string","MakeTactics"
"FUN_01283910","01283910","01285794","01ae9924","s_MakeTactics_01ae9924","DATA","string","MakeTactics"
"FUN_01283910","01283910","01285937","01ae9914","s_EnchantTactics_01ae9914","DATA","string","EnchantTactics"
"FUN_01283910","01283910","01285945","01ae9914","s_EnchantTactics_01ae9914","DATA","string","EnchantTactics"
"FUN_01283910","01283910","01285987","01ae993c","s_ZoneMap_01ae993c","DATA","string","ZoneMap"
"FUN_01283910","01283910","01285995","01ae993c","s_ZoneMap_01ae993c","DATA","string","ZoneMap"
"FUN_01283910","01283910","01285a52","01beee9c","DAT_01beee9c","READ","undefined4","0x0"
"FUN_01283910","01283910","01285a57","01beeea0","DAT_01beeea0","READ","undefined4","0x0"
"FUN_01283910","01283910","01285b14","01ae9930","s_Warehouse_01ae9930","DATA","string","Warehouse"
"FUN_01283910","01283910","01285b2f","01aeaaac","DAT_01aeaaac","READ","undefined4","0x129b3c0"
"FUN_01283910","01283910","01285c49","01ae994c","s_Trade_01ae994c","DATA","string","Trade"
"FUN_01283910","01283910","01285c64","01aefdec","DAT_01aefdec","READ","undefined4","0x1314760"
"FUN_01283910","01283910","01285cf8","01ae9944","s_NpcFind_01ae9944","DATA","string","NpcFind"
"FUN_01283910","01283910","01285d13","01aefffc","DAT_01aefffc","READ","undefined4","0x1317d30"
"FUN_01283910","01283910","01285d36","ffdff000","ExceptionList","WRITE","void *","00000000"
"FUN_01283910","01283910","01285dcd","01ae9954","s_GuildSet_01ae9954","DATA","string","GuildSet"
"FUN_01283910","01283910","01285de8","01af0a04","DAT_01af0a04","READ","undefined4","0x132ab80"
"FUN_01283910","01283910","01285e68","01ae997c","s_RankView_01ae997c","DATA","string","RankView"
"FUN_01283910","01283910","01285e83","01af0bc0","DAT_01af0bc0","READ","undefined4","0x132ab80"
"FUN_01283910","01283910","01285f03","01ae996c","s_CashShopButton_01ae996c","DATA","string","CashShopButton"
"FUN_01283910","01283910","01285f1e","01ad387c","DAT_01ad387c","READ","undefined4","0x10bcba0"
"FUN_01283910","01283910","01285f6e","01ae999c","s_NewCashShop_01ae999c","DATA","string","NewCashShop"
"FUN_01283910","01283910","01285f7c","01ae999c","s_NewCashShop_01ae999c","DATA","string","NewCashShop"
"FUN_01283910","01283910","0128600c","01ae9988","s_NewCashWarehouse_01ae9988","DATA","string","NewCashWarehouse"
"FUN_01283910","01283910","01286027","01af1a80","DAT_01af1a80","READ","undefined4","0x1349580"
"FUN_01283910","01283910","0128609f","01beee9c","DAT_01beee9c","READ","undefined4","0x0"
"FUN_01283910","01283910","012860a4","01beeea0","DAT_01beeea0","READ","undefined4","0x0"
"FUN_01283910","01283910","012860b8","01bee890","DAT_01bee890","READ","undefined4","0x0"
"FUN_01283910","01283910","012860be","01bee88c","DAT_01bee88c","READ","undefined4","0x0"
"FUN_01283910","01283910","012860ce","01bfe464","DAT_01bfe464","READ","undefined4","0x0"
"FUN_01283910","01283910","012861a0","01bfe464","DAT_01bfe464","READ","undefined4","0x0"
"FUN_01283910","01283910","012861be","01ae99b4","s_TacticsHouse_01ae99b4","DATA","string","TacticsHouse"
"FUN_01283910","01283910","012861d9","01ad7da0","DAT_01ad7da0","READ","undefined4","0x10f49d0"
"FUN_01283910","01283910","012861fc","ffdff000","ExceptionList","WRITE","void *","00000000"
"FUN_01283910","01283910","0128629d","01ae99d0","s_JumpBuster_01ae99d0","DATA","string","JumpBuster"
"FUN_01283910","01283910","012862b8","01af2f74","DAT_01af2f74","READ","undefined4","0x136b6a0"
"FUN_01283910","01283910","01286378","01ae99c4","s_ChangeTamer_01ae99c4","DATA","string","ChangeTamer"
"FUN_01283910","01283910","01286393","01af8e24","DAT_01af8e24","READ","undefined4","0x13f5560"
"FUN_01283910","01283910","01286445","01ae99e8","s_Tutorial_01ae99e8","DATA","string","Tutorial"
"FUN_01283910","01283910","01286460","01af3c5c","DAT_01af3c5c","READ","undefined4","0x1383070"
"FUN_01283910","01283910","01286549","01adbb04","s_TraceUI_01adbb04","DATA","string","TraceUI"
"FUN_01283910","01283910","01286564","01adbd30","DAT_01adbd30","READ","undefined4","0x114a210"
"FUN_01283910","01283910","0128666a","01ae99dc","s_Publicity_01ae99dc","DATA","string","Publicity"
"FUN_01283910","01283910","01286685","01af2bec","DAT_01af2bec","READ","undefined4","0x1369790"
"FUN_01283910","01283910","0128670f","01ae9a00","s_Channel_01ae9a00","DATA","string","Channel"
"FUN_01283910","01283910","0128672a","01af4ba8","DAT_01af4ba8","READ","undefined4","0x1395f50"
"FUN_01283910","01283910","01286828","01bee88c","DAT_01bee88c","READ","undefined4","0x0"
"FUN_01283910","01283910","0128682d","01bee890","DAT_01bee890","READ","undefined4","0x0"
"FUN_01283910","01283910","012868a0","01ae99f4","s_SmallMap_01ae99f4","DATA","string","SmallMap"
"FUN_01283910","01283910","012868bb","01aed424","DAT_01aed424","READ","undefined4","0x12eb5e0"
"FUN_01283910","01283910","01286945","01ae9a14","s_WebWin_01ae9a14","DATA","string","WebWin"
"FUN_01283910","01283910","01286960","01aed994","DAT_01aed994","READ","undefined4","0x12f5dd0"
"FUN_01283910","01283910","01286a89","01ae9a08","s_DigimonTalk_01ae9a08","DATA","string","DigimonTalk"
"FUN_01283910","01283910","01286aa4","01aea8ac","DAT_01aea8ac","READ","undefined4","0x10b92b0"
"FUN_01283910","01283910","01286c0e","01ae9a24","s_Protect_01ae9a24","DATA","string","Protect"
"FUN_01283910","01283910","01286c29","01af3350","DAT_01af3350","READ","undefined4","0x1371690"
"FUN_01283910","01283910","01286d78","01ae9a1c","s_Achieve_01ae9a1c","DATA","string","Achieve"
"FUN_01283910","01283910","01286d93","01af1cc4","DAT_01af1cc4","READ","undefined4","0x1349910"
"FUN_01283910","01283910","01286db6","ffdff000","ExceptionList","WRITE","void *","00000000"
"FUN_01283910","01283910","01286dd2","ffdff000","ExceptionList","WRITE","void *","00000000"
"FUN_01283910","01283910","01286dee","ffdff000","ExceptionList","WRITE","void *","00000000"
"FUN_01283910","01283910","01286e0a","ffdff000","ExceptionList","WRITE","void *","00000000"
"FUN_01283910","01283910","01286e26","ffdff000","ExceptionList","WRITE","void *","00000000"
"FUN_01283910","01283910","01286e42","ffdff000","ExceptionList","WRITE","void *","00000000"
"FUN_01283910","01283910","01286e5e","ffdff000","ExceptionList","WRITE","void *","00000000"
"FUN_01283910","01283910","01286e7a","ffdff000","ExceptionList","WRITE","void *","00000000"
"FUN_01283910","01283910","01286e96","ffdff000","ExceptionList","WRITE","void *","00000000"
"FUN_01283910","01283910","01286eb2","ffdff000","ExceptionList","WRITE","void *","00000000"
"FUN_01283910","01283910","01286ece","ffdff000","ExceptionList","WRITE","void *","00000000"
"FUN_01283910","01283910","01286eea","ffdff000","ExceptionList","WRITE","void *","00000000"
"FUN_01283910","01283910","01286f06","ffdff000","ExceptionList","WRITE","void *","00000000"
"FUN_01283910","01283910","01286f22","ffdff000","ExceptionList","WRITE","void *","00000000"
"FUN_01283910","01283910","01286f3e","ffdff000","ExceptionList","WRITE","void *","00000000"
"FUN_01283910","01283910","01286f5a","ffdff000","ExceptionList","WRITE","void *","00000000"
"FUN_01283910","01283910","01286f76","ffdff000","ExceptionList","WRITE","void *","00000000"
"FUN_01283910","01283910","01286f92","ffdff000","ExceptionList","WRITE","void *","00000000"
"FUN_01283910","01283910","01286fae","ffdff000","ExceptionList","WRITE","void *","00000000"
"FUN_01283910","01283910","01286fca","ffdff000","ExceptionList","WRITE","void *","00000000"
"FUN_01283910","01283910","01286fe6","ffdff000","ExceptionList","WRITE","void *","00000000"
"FUN_01283910","01283910","01287002","ffdff000","ExceptionList","WRITE","void *","00000000"
"FUN_01283910","01283910","0128701e","ffdff000","ExceptionList","WRITE","void *","00000000"
"FUN_01283910","01283910","0128703a","ffdff000","ExceptionList","WRITE","void *","00000000"
"FUN_01283910","01283910","01287056","ffdff000","ExceptionList","WRITE","void *","00000000"
"FUN_01283910","01283910","01287072","ffdff000","ExceptionList","WRITE","void *","00000000"
"FUN_01283910","01283910","0128708e","ffdff000","ExceptionList","WRITE","void *","00000000"
"FUN_01283910","01283910","012870aa","ffdff000","ExceptionList","WRITE","void *","00000000"
"FUN_01283910","01283910","012870c6","ffdff000","ExceptionList","WRITE","void *","00000000"
"FUN_01283910","01283910","012870e2","ffdff000","ExceptionList","WRITE","void *","00000000"
"FUN_01283910","01283910","012870fe","ffdff000","ExceptionList","WRITE","void *","00000000"
"FUN_01283910","01283910","0128711a","ffdff000","ExceptionList","WRITE","void *","00000000"
"FUN_01283910","01283910","01287136","ffdff000","ExceptionList","WRITE","void *","00000000"
"FUN_01283910","01283910","01287152","ffdff000","ExceptionList","WRITE","void *","00000000"
"FUN_01283910","01283910","0128716e","ffdff000","ExceptionList","WRITE","void *","00000000"
"FUN_01283910","01283910","0128718a","ffdff000","ExceptionList","WRITE","void *","00000000"
"FUN_01283910","01283910","012871a6","ffdff000","ExceptionList","WRITE","void *","00000000"
"FUN_01283910","01283910","012871c2","ffdff000","ExceptionList","WRITE","void *","00000000"
"FUN_01283910","01283910","012871de","ffdff000","ExceptionList","WRITE","void *","00000000"
"FUN_01283910","01283910","012871fa","ffdff000","ExceptionList","WRITE","void *","00000000"
"FUN_01283910","01283910","01287216","ffdff000","ExceptionList","WRITE","void *","00000000"
"FUN_01283910","01283910","01287232","ffdff000","ExceptionList","WRITE","void *","00000000"
"FUN_01283910","01283910","0128724e","ffdff000","ExceptionList","WRITE","void *","00000000"
"FUN_01283910","01283910","0128726a","ffdff000","ExceptionList","WRITE","void *","00000000"
"FUN_01283910","01283910","01287286","ffdff000","ExceptionList","WRITE","void *","00000000"
"FUN_01283910","01283910","012872a2","ffdff000","ExceptionList","WRITE","void *","00000000"
"FUN_01283910","01283910","012872be","ffdff000","ExceptionList","WRITE","void *","00000000"
"FUN_01283910","01283910","012872da","ffdff000","ExceptionList","WRITE","void *","00000000"
"FUN_01283910","01283910","012872f6","ffdff000","ExceptionList","WRITE","void *","00000000"
"FUN_01283910","01283910","01287312","ffdff000","ExceptionList","WRITE","void *","00000000"
"FUN_01283910","01283910","0128732e","ffdff000","ExceptionList","WRITE","void *","00000000"
"FUN_01283910","01283910","0128734a","ffdff000","ExceptionList","WRITE","void *","00000000"
"FUN_01283910","01283910","01287366","ffdff000","ExceptionList","WRITE","void *","00000000"
"FUN_01283910","01283910","01287382","ffdff000","ExceptionList","WRITE","void *","00000000"
"FUN_01283910","01283910","0128739e","ffdff000","ExceptionList","WRITE","void *","00000000"
"FUN_01283910","01283910","012873ba","ffdff000","ExceptionList","WRITE","void *","00000000"
"FUN_01283910","01283910","012873d6","ffdff000","ExceptionList","WRITE","void *","00000000"
"FUN_01283910","01283910","012873f2","ffdff000","ExceptionList","WRITE","void *","00000000"
"FUN_01283910","01283910","0128740e","ffdff000","ExceptionList","WRITE","void *","00000000"
"FUN_01283910","01283910","0128742a","ffdff000","ExceptionList","WRITE","void *","00000000"
"FUN_01283910","01283910","01287446","ffdff000","ExceptionList","WRITE","void *","00000000"
"FUN_01283910","01283910","01287462","ffdff000","ExceptionList","WRITE","void *","00000000"
"FUN_01283910","01283910","0128747e","ffdff000","ExceptionList","WRITE","void *","00000000"
"FUN_01283910","01283910","0128749a","ffdff000","ExceptionList","WRITE","void *","00000000"
"FUN_01283910","01283910","012874b6","ffdff000","ExceptionList","WRITE","void *","00000000"
"FUN_01283910","01283910","012874d2","ffdff000","ExceptionList","WRITE","void *","00000000"
"FUN_01283910","01283910","012874ee","ffdff000","ExceptionList","WRITE","void *","00000000"
"FUN_01283910","01283910","0128750a","ffdff000","ExceptionList","WRITE","void *","00000000"
"FUN_01283910","01283910","01287526","ffdff000","ExceptionList","WRITE","void *","00000000"
"FUN_01283910","01283910","01287542","ffdff000","ExceptionList","WRITE","void *","00000000"
"FUN_01283910","01283910","0128755e","ffdff000","ExceptionList","WRITE","void *","00000000"
"FUN_01283910","01283910","0128757a","ffdff000","ExceptionList","WRITE","void *","00000000"
"FUN_01283910","01283910","01287596","ffdff000","ExceptionList","WRITE","void *","00000000"
"FUN_01283910","01283910","012875b2","ffdff000","ExceptionList","WRITE","void *","00000000"
"FUN_01283910","01283910","012875ce","ffdff000","ExceptionList","WRITE","void *","00000000"
"FUN_01283910","01283910","012875ea","ffdff000","ExceptionList","WRITE","void *","00000000"
"FUN_01283910","01283910","01287606","ffdff000","ExceptionList","WRITE","void *","00000000"
"FUN_01283910","01283910","01287622","ffdff000","ExceptionList","WRITE","void *","00000000"
"FUN_01283910","01283910","0128763e","ffdff000","ExceptionList","WRITE","void *","00000000"
"FUN_01283910","01283910","0128765a","ffdff000","ExceptionList","WRITE","void *","00000000"
"FUN_01283910","01283910","01287676","ffdff000","ExceptionList","WRITE","void *","00000000"
"FUN_01283910","01283910","01287692","ffdff000","ExceptionList","WRITE","void *","00000000"
"FUN_01283910","01283910","012876ae","ffdff000","ExceptionList","WRITE","void *","00000000"
"FUN_01283910","01283910","012876ca","ffdff000","ExceptionList","WRITE","void *","00000000"
"FUN_01283910","01283910","012876e6","ffdff000","ExceptionList","WRITE","void *","00000000"
"FUN_01283910","01283910","01287702","ffdff000","ExceptionList","WRITE","void *","00000000"
"FUN_01283910","01283910","0128771e","ffdff000","ExceptionList","WRITE","void *","00000000"
"FUN_01283910","01283910","0128773a","ffdff000","ExceptionList","WRITE","void *","00000000"
"FUN_01283910","01283910","01287756","ffdff000","ExceptionList","WRITE","void *","00000000"
"FUN_01283910","01283910","01287772","ffdff000","ExceptionList","WRITE","void *","00000000"
"FUN_01283910","01283910","0128778e","ffdff000","ExceptionList","WRITE","void *","00000000"
"FUN_01283910","01283910","012877aa","ffdff000","ExceptionList","WRITE","void *","00000000"
"FUN_01283910","01283910","012877c6","ffdff000","ExceptionList","WRITE","void *","00000000"
"FUN_01283910","01283910","012877e2","ffdff000","ExceptionList","WRITE","void *","00000000"
"FUN_01283910","01283910","012877fe","ffdff000","ExceptionList","WRITE","void *","00000000"
"FUN_01283910","01283910","0128781a","ffdff000","ExceptionList","WRITE","void *","00000000"
"FUN_01283910","01283910","01287836","ffdff000","ExceptionList","WRITE","void *","00000000"
"FUN_01283910","01283910","01287852","ffdff000","ExceptionList","WRITE","void *","00000000"
"FUN_01283910","01283910","0128786e","ffdff000","ExceptionList","WRITE","void *","00000000"
"FUN_01283910","01283910","0128788a","ffdff000","ExceptionList","WRITE","void *","00000000"
"FUN_01283910","01283910","012878a6","ffdff000","ExceptionList","WRITE","void *","00000000"
"FUN_01283910","01283910","012878c2","ffdff000","ExceptionList","WRITE","void *","00000000"
"FUN_01283910","01283910","012878de","ffdff000","ExceptionList","WRITE","void *","00000000"
"FUN_01283910","01283910","012878fa","ffdff000","ExceptionList","WRITE","void *","00000000"
"FUN_01283910","01283910","01287916","ffdff000","ExceptionList","WRITE","void *","00000000"
"FUN_01283910","01283910","01287932","ffdff000","ExceptionList","WRITE","void *","00000000"
"FUN_01283910","01283910","01287948","ffdff000","ExceptionList","WRITE","void *","00000000"
"FUN_0128bfa0","0128bfa0","0128bfaa","ffdff000","ExceptionList","READ","void *","00000000"
"FUN_0128bfa0","0128bfa0","0128bfb7","01bbb1c0","DAT_01bbb1c0","READ","undefined4","-0x44bf19b2"
"FUN_0128bfa0","0128bfa0","0128bfc2","ffdff000","ExceptionList","WRITE","void *","00000000"
"FUN_0128bfa0","0128bfa0","0128c097","01ae9d7c","s_DigimonTranscendenceHelp_01ae9d7c","DATA","string","DigimonTranscendenceHelp"
"FUN_0128bfa0","0128bfa0","0128c0b2","01ad9464","DAT_01ad9464","READ","undefined4","0x1118d40"
"FUN_0128bfa0","0128bfa0","0128c0cf","ffdff000","ExceptionList","WRITE","void *","00000000"
"FUN_0128c5d0","0128c5d0","0128c5da","ffdff000","ExceptionList","READ","void *","00000000"
"FUN_0128c5d0","0128c5d0","0128c5e4","01bbb1c0","DAT_01bbb1c0","READ","undefined4","-0x44bf19b2"
"FUN_0128c5d0","0128c5d0","0128c5ef","ffdff000","ExceptionList","WRITE","void *","00000000"
"FUN_0128c5d0","0128c5d0","0128c7a7","01ae9dc0","s_EnchantOption_01ae9dc0","DATA","string","EnchantOption"
"FUN_0128c5d0","0128c5d0","0128c7c2","01af3564","DAT_01af3564","READ","undefined4","0x1371e40"
"FUN_0128c5d0","0128c5d0","0128c7df","ffdff000","ExceptionList","WRITE","void *","00000000"
"FUN_0128c7f0","0128c7f0","0128c7fa","ffdff000","ExceptionList","READ","void *","00000000"
"FUN_0128c7f0","0128c7f0","0128c807","01bbb1c0","DAT_01bbb1c0","READ","undefined4","-0x44bf19b2"
"FUN_0128c7f0","0128c7f0","0128c812","ffdff000","ExceptionList","WRITE","void *","00000000"
"FUN_0128c7f0","0128c7f0","0128c93b","01ae9df8","s_EnchantOptionResultUI_01ae9df8","DATA","string","EnchantOptionResultUI"
"FUN_0128c7f0","0128c7f0","0128c956","01ae89c4","DAT_01ae89c4","READ","undefined4","0x1267760"
"FUN_0128c7f0","0128c7f0","0128c973","ffdff000","ExceptionList","WRITE","void *","00000000"
"FUN_0128c990","0128c990","0128c99a","ffdff000","ExceptionList","READ","void *","00000000"
"FUN_0128c990","0128c990","0128c9a4","01bbb1c0","DAT_01bbb1c0","READ","undefined4","-0x44bf19b2"
"FUN_0128c990","0128c990","0128c9af","ffdff000","ExceptionList","WRITE","void *","00000000"
"FUN_0128c990","0128c990","0128ca9f","01ae9de4","s_DigiPowerEnchant_01ae9de4","DATA","string","DigiPowerEnchant"
"FUN_0128c990","0128c990","0128caba","01ae84b4","DAT_01ae84b4","READ","undefined4","0x125dde0"
"FUN_0128c990","0128c990","0128cad7","ffdff000","ExceptionList","WRITE","void *","00000000"
"FUN_012cdfc0","012cdfc0","012cdfc9","01bfe474","DAT_01bfe474","READ","undefined4","0x0"
"FUN_012cdfc0","012cdfc0","012ce01b","019ec700","PTR_PtInRect_019ec700","READ","pointer","77b7e090"
"FUN_012cdfc0","012cdfc0","012ce065","01bfb2b4","DAT_01bfb2b4","READ","undefined4","0x0"
"FUN_012ce0b0","012ce0b0","012ce0b6","01bfe474","DAT_01bfe474","READ","undefined4","0x0"
"FUN_012ce0b0","012ce0b0","012ce108","019ec700","PTR_PtInRect_019ec700","READ","pointer","77b7e090"
"FUN_012ce0b0","012ce0b0","012ce11e","019ec700","PTR_PtInRect_019ec700","READ","pointer","77b7e090"
"FUN_012ce0b0","012ce0b0","012ce13c","019ec700","PTR_PtInRect_019ec700","READ","pointer","77b7e090"
"FUN_012ce0b0","012ce0b0","012ce151","01bfe474","DAT_01bfe474","READ","undefined4","0x0"
"FUN_012ce2b0","012ce2b0","012ce2b9","01bbb1c0","DAT_01bbb1c0","READ","undefined4","-0x44bf19b2"
"FUN_012ce2b0","012ce2b0","012ce2e1","01bfb2a8","DAT_01bfb2a8","READ","undefined4","0x0"
"FUN_012ce2b0","012ce2b0","012ce301","01bfb2b4","DAT_01bfb2b4","READ","undefined4","0x0"
"FUN_012ce390","012ce390","012ce39a","ffdff000","ExceptionList","READ","void *","00000000"
"FUN_012ce390","012ce390","012ce3a4","01bbb1c0","DAT_01bbb1c0","READ","undefined4","-0x44bf19b2"
"FUN_012ce390","012ce390","012ce3b5","ffdff000","ExceptionList","WRITE","void *","00000000"
"FUN_012ce390","012ce390","012ce4c7","ffdff000","ExceptionList","WRITE","void *","00000000"
"FUN_012ce4f0","012ce4f0","012ce4f0","01bfb2a8","DAT_01bfb2a8","READ","undefined4","0x0"
"FUN_012ce4f0","012ce4f0","012ce511","012ce684","switchD_012ce511::switchdataD_012ce684","DATA","pointer","012ce518"
"FUN_012ce6a0","012ce6a0","012ce6bd","ffdff000","ExceptionList","READ","void *","00000000"
"FUN_012ce6a0","012ce6a0","012ce6ca","01bbb1c0","DAT_01bbb1c0","READ","undefined4","-0x44bf19b2"
"FUN_012ce6a0","012ce6a0","012ce6d5","ffdff000","ExceptionList","WRITE","void *","00000000"
"FUN_012ce6a0","012ce6a0","012ce6fe","01bfb258","DAT_01bfb258","READ","undefined4","0x0"
"FUN_012ce6a0","012ce6a0","012ce70e","01aebc78","s_ENCHANTTACTICS_BTN_RESET_ITEM_01aebc78","DATA","string","ENCHANTTACTICS_BTN_RESET_ITEM"
"FUN_012ce6a0","012ce6a0","012ce765","01bfb258","DAT_01bfb258","READ","undefined4","0x0"
"FUN_012ce6a0","012ce6a0","012ce782","01aebbcc","s_ENCHANTTACTICS_BTN_DIGICLONE_01aebbcc","DATA","string","ENCHANTTACTICS_BTN_DIGICLONE"
"FUN_012ce6a0","012ce6a0","012ce7a4","01aebc28","s_ENCHANTTACTICS_BTN_BACKUP_DISK_01aebc28","DATA","string","ENCHANTTACTICS_BTN_BACKUP_DISK"
"FUN_012ce6a0","012ce6a0","012ce7e5","ffdff000","ExceptionList","WRITE","void *","00000000"
"FUN_012ce800","012ce800","012ce81d","ffdff000","ExceptionList","READ","void *","00000000"
"FUN_012ce800","012ce800","012ce82b","01bbb1c0","DAT_01bbb1c0","READ","undefined4","-0x44bf19b2"
"FUN_012ce800","012ce800","012ce83b","ffdff000","ExceptionList","WRITE","void *","00000000"
"FUN_012ce800","012ce800","012ce868","01bfb2a8","DAT_01bfb2a8","READ","undefined4","0x0"
"FUN_012ce800","012ce800","012ce8aa","01bfb258","DAT_01bfb258","READ","undefined4","0x0"
"FUN_012ce800","012ce800","012ce95a","01bfb2a8","DAT_01bfb2a8","READ","undefined4","0x0"
"FUN_012ce800","012ce800","012ce996","012cf2bc","switchD_012ce99d::switchdataD_012cf2bc","DATA","byte","0x0"
"FUN_012ce800","012ce800","012ce99d","012cf2b4","switchD_012ce99d::switchdataD_012cf2b4","DATA","pointer","012ce9a4"
"FUN_012ce800","012ce800","012cea02","012cf2cc","switchD_012cea02::switchdataD_012cf2cc","DATA","pointer","012cea09"
"FUN_012ce800","012ce800","012cea16","01bfb258","DAT_01bfb258","READ","undefined4","0x0"
"FUN_012ce800","012ce800","012cea82","01bfb258","DAT_01bfb258","READ","undefined4","0x0"
"FUN_012ce800","012ce800","012cead4","01bfb258","DAT_01bfb258","READ","undefined4","0x0"
"FUN_012ce800","012ce800","012ceb1d","01b02528","DAT_01b02528","READ","undefined4","0x3c23d70a"
"FUN_012ce800","012ce800","012cec7f","01aebcac","u_%d%%_~_%d%%_01aebcac","DATA","unicode","%d%% ~ %d%%"
"FUN_012ce800","012ce800","012cece8","01bfb258","DAT_01bfb258","READ","undefined4","0x0"
"FUN_012ce800","012ce800","012ced74","01b02a84","DAT_01b02a84","READ","undefined4","0x461c4000"
"FUN_012ce800","012ce800","012cedb7","01bfb258","DAT_01bfb258","READ","undefined4","0x0"
"FUN_012ce800","012ce800","012cee33","01b02a84","DAT_01b02a84","READ","undefined4","0x461c4000"
"FUN_012ce800","012ce800","012cee4f","01bfb258","DAT_01bfb258","READ","undefined4","0x0"
"FUN_012ce800","012ce800","012cef15","01b02a84","DAT_01b02a84","READ","undefined4","0x461c4000"
"FUN_012ce800","012ce800","012cef5a","01bfb258","DAT_01bfb258","READ","undefined4","0x0"
"FUN_012ce800","012ce800","012cefc4","01b02a84","DAT_01b02a84","READ","undefined4","0x461c4000"
"FUN_012ce800","012ce800","012cefde","01bfb258","DAT_01bfb258","READ","undefined4","0x0"
"FUN_012ce800","012ce800","012cf04a","01bfb258","DAT_01bfb258","READ","undefined4","0x0"
"FUN_012ce800","012ce800","012cf09c","01bfb258","DAT_01bfb258","READ","undefined4","0x0"
"FUN_012ce800","012ce800","012cf0e5","01b02528","DAT_01b02528","READ","undefined4","0x3c23d70a"
"FUN_012ce800","012ce800","012cf19f","01b02970","DAT_01b02970","READ","undefined4","0x42c80000"
"FUN_012ce800","012ce800","012cf1b3","01b02970","DAT_01b02970","READ","undefined4","0x42c80000"
"FUN_012ce800","012ce800","012cf1d0","01aebc98","u_%d_~_%d_01aebc98","DATA","unicode"," %d ~ %d"
"FUN_012ce800","012ce800","012cf206","01aebc58","u_%.2f%%_~_%.2f%%_01aebc58","DATA","unicode","%.2f%% ~ %.2f%%"
"FUN_012ce800","012ce800","012cf236","01bfb258","DAT_01bfb258","READ","undefined4","0x0"
"FUN_012ce800","012ce800","012cf248","01aebcd8","s_ENCHANTTACTICS_CANNOT_ENCHANT_01aebcd8","DATA","string","ENCHANTTACTICS_CANNOT_ENCHANT"
"FUN_012ce800","012ce800","012cf297","ffdff000","ExceptionList","WRITE","void *","00000000"
"FUN_012cf2e0","012cf2e0","012cf31a","01bfb2b4","DAT_01bfb2b4","READ","undefined4","0x0"
"FUN_012cf2e0","012cf2e0","012cf36b","01bfb2a8","DAT_01bfb2a8","READ","undefined4","0x0"
"FUN_012cf2e0","012cf2e0","012cf3cb","01bfb2b4","DAT_01bfb2b4","READ","undefined4","0x0"
"FUN_012cf2e0","012cf2e0","012cf549","01bfb2b4","DAT_01bfb2b4","READ","undefined4","0x0"
"FUN_012cf2e0","012cf2e0","012cf58f","01bfb2b4","DAT_01bfb2b4","READ","undefined4","0x0"
"FUN_012cf2e0","012cf2e0","012cf5d3","01bfb2b4","DAT_01bfb2b4","READ","undefined4","0x0"
"FUN_012cf2e0","012cf2e0","012cf615","01bfb2b4","DAT_01bfb2b4","READ","undefined4","0x0"
"FUN_012cf2e0","012cf2e0","012cf659","01bfb32c","DAT_01bfb32c","READ","undefined4","0x0"
"FUN_012cf2e0","012cf2e0","012cf665","01ae83c0","s_System\interface_person_01.wav_01ae83c0","DATA","string","System\interface_person_01.wav"
"FUN_012cf2e0","012cf2e0","012cf673","01bfb32c","DAT_01bfb32c","READ","undefined4","0x0"
"FUN_012cf2e0","012cf2e0","012cf679","01ae83c0","s_System\interface_person_01.wav_01ae83c0","DATA","string","System\interface_person_01.wav"
"FUN_012cf2e0","012cf2e0","012cf683","01bfb32c","DAT_01bfb32c","READ","undefined4","0x0"
"FUN_012cf2e0","012cf2e0","012cf689","01ae83c0","s_System\interface_person_01.wav_01ae83c0","DATA","string","System\interface_person_01.wav"
"FUN_012cf6a0","012cf6a0","012cf6ab","012cf6e0","switchD_012cf6ab::switchdataD_012cf6e0","DATA","pointer","012cf6b2"
"FUN_012cf700","012cf700","012cf709","01bbb1c0","DAT_01bbb1c0","READ","undefined4","-0x44bf19b2"
"FUN_012cf700","012cf700","012cf719","01bfb2b4","DAT_01bfb2b4","READ","undefined4","0x0"
"FUN_012cf700","012cf700","012cf7a7","01bfb2b4","DAT_01bfb2b4","READ","undefined4","0x0"
"FUN_012cf700","012cf700","012cf80f","01bfb2b4","DAT_01bfb2b4","READ","undefined4","0x0"
"FUN_012cf700","012cf700","012cf844","01bfe464","DAT_01bfe464","READ","undefined4","0x0"
"FUN_012cf930","012cf930","012cf93a","ffdff000","ExceptionList","READ","void *","00000000"
"FUN_012cf930","012cf930","012cf944","01bbb1c0","DAT_01bbb1c0","READ","undefined4","-0x44bf19b2"
"FUN_012cf930","012cf930","012cf953","ffdff000","ExceptionList","WRITE","void *","00000000"
"FUN_012cf930","012cf930","012cf98d","012cfa80","switchD_012cf98d::switchdataD_012cfa80","DATA","pointer","012cf994"
"FUN_012cf930","012cf930","012cfa27","01bfe460","DAT_01bfe460","READ","undefined4","0x0"
"FUN_012cf930","012cf930","012cfa67","ffdff000","ExceptionList","WRITE","void *","00000000"
"FUN_012cfb00","012cfb00","012cfb3a","01ad1294","s_State_AT_01ad1294","DATA","string","State_AT"
"FUN_012cfb00","012cfb00","012cfb7e","01ad12a0","s_State_BL_01ad12a0","DATA","string","State_BL"
"FUN_012cfb00","012cfb00","012cfbcb","01ad12a0","s_State_BL_01ad12a0","DATA","string","State_BL"
"FUN_012cfb00","012cfb00","012cfc09","01ad12a0","s_State_BL_01ad12a0","DATA","string","State_BL"
"FUN_012cfc40","012cfc40","012cfc5d","ffdff000","ExceptionList","READ","void *","00000000"
"FUN_012cfc40","012cfc40","012cfc68","01bbb1c0","DAT_01bbb1c0","READ","undefined4","-0x44bf19b2"
"FUN_012cfc40","012cfc40","012cfc78","ffdff000","ExceptionList","WRITE","void *","00000000"
"FUN_012cfc40","012cfc40","012cfc80","01bfb2a8","DAT_01bfb2a8","READ","undefined4","0x0"
"FUN_012cfc40","012cfc40","012cfce6","01bfb258","DAT_01bfb258","READ","undefined4","0x0"
"FUN_012cfc40","012cfc40","012cfcf9","01aebd1c","s_ENCHANTTACTICS_ENCHANT_LEVEL_01aebd1c","DATA","string","ENCHANTTACTICS_ENCHANT_LEVEL"
"FUN_012cfc40","012cfc40","012cfd51","012d01c0","switchD_012cfd51::switchdataD_012d01c0","DATA","pointer","012cfd58"
"FUN_012cfc40","012cfc40","012cfdfd","01add8a0","DAT_01add8a0","DATA","undefined2","0x41"
"FUN_012cfc40","012cfc40","012cfe13","01add8a0","DAT_01add8a0","DATA","undefined2","0x41"
"FUN_012cfc40","012cfc40","012cfec2","01add8c4","DAT_01add8c4","DATA","undefined2","0x42"
"FUN_012cfc40","012cfc40","012cfed8","01add8c4","DAT_01add8c4","DATA","undefined2","0x42"
"FUN_012cfc40","012cfc40","012cff87","01add8b4","DAT_01add8b4","DATA","undefined2","0x43"
"FUN_012cfc40","012cfc40","012cff9d","01add8b4","DAT_01add8b4","DATA","undefined2","0x43"
"FUN_012cfc40","012cfc40","012d004c","01add8bc","DAT_01add8bc","DATA","undefined2","0x45"
"FUN_012cfc40","012cfc40","012d0062","01add8bc","DAT_01add8bc","DATA","undefined2","0x45"
"FUN_012cfc40","012cfc40","012d011d","01aebcf8","u_%s_(%d%s_->_%d%s)_01aebcf8","DATA","unicode","%s (%d%s -> %d%s)"
"FUN_012cfc40","012cfc40","012d0165","012d01d4","switchD_012d0165::switchdataD_012d01d4","DATA","pointer","012d016c"
"FUN_012cfc40","012cfc40","012d016c","01add8a0","DAT_01add8a0","DATA","undefined2","0x41"
"FUN_012cfc40","012cfc40","012d0173","01add8c4","DAT_01add8c4","DATA","undefined2","0x42"
"FUN_012cfc40","012cfc40","012d017a","01add8b4","DAT_01add8b4","DATA","undefined2","0x43"
"FUN_012cfc40","012cfc40","012d0181","01add8bc","DAT_01add8bc","DATA","undefined2","0x45"
"FUN_012cfc40","012cfc40","012d01a5","ffdff000","ExceptionList","WRITE","void *","00000000"
"FUN_013121c0","013121c0","013121c9","01bbb1c0","DAT_01bbb1c0","READ","undefined4","-0x44bf19b2"
"FUN_013121c0","013121c0","013121d4","01bfb2d8","DAT_01bfb2d8","READ","undefined4","0x0"
"FUN_013121c0","013121c0","013121e1","01ac8de8","s_Enchant_Room.mp3_01ac8de8","DATA","string","Enchant_Room.mp3"
"FUN_013121c0","013121c0","013121f7","01bfe478","DAT_01bfe478","READ","undefined4","0x0"
"FUN_013121c0","013121c0","013121fc","01bfb258","DAT_01bfb258","READ","undefined4","0x0"
"FUN_013121c0","013121c0","01312234","01bfb258","DAT_01bfb258","READ","undefined4","0x0"
"FUN_013121c0","013121c0","01312278","01bfb2a8","DAT_01bfb2a8","READ","undefined4","0x0"
"FUN_01371450","01371450","0137145a","ffdff000","ExceptionList","READ","void *","00000000"
"FUN_01371450","01371450","01371464","01bbb1c0","DAT_01bbb1c0","READ","undefined4","-0x44bf19b2"
"FUN_01371450","01371450","01371474","ffdff000","ExceptionList","WRITE","void *","00000000"
"FUN_01371450","01371450","0137149f","01adb7f4","s_System\Btn_Radio5.tga_01adb7f4","DATA","string","System\Btn_Radio5.tga"
"FUN_01371450","01371450","013714ec","01adb7f4","s_System\Btn_Radio5.tga_01adb7f4","DATA","string","System\Btn_Radio5.tga"
"FUN_01371450","01371450","0137152c","01bfe468","DAT_01bfe468","READ","undefined4","0x0"
"FUN_01371450","01371450","01371531","01bb9b2c","DAT_01bb9b2c","READ","undefined8","0x3f8000003f800000"
"FUN_01371450","01371450","0137153f","01bb9b34","DAT_01bb9b34","READ","undefined4","0x3f800000"
"FUN_01371450","01371450","013715ce","ffdff000","ExceptionList","WRITE","void *","00000000"
"FUN_013715f0","013715f0","013715fa","ffdff000","ExceptionList","READ","void *","00000000"
"FUN_013715f0","013715f0","01371604","01bbb1c0","DAT_01bbb1c0","READ","undefined4","-0x44bf19b2"
"FUN_013715f0","013715f0","01371613","ffdff000","ExceptionList","WRITE","void *","00000000"
"FUN_013715f0","013715f0","01371671","ffdff000","ExceptionList","WRITE","void *","00000000"
"FUN_01371690","01371690","01371696","01bfe470","DAT_01bfe470","READ","undefined4","0x0"
"FUN_01371760","01371760","0137176a","ffdff000","ExceptionList","READ","void *","00000000"
"FUN_01371760","01371760","01371774","01bbb1c0","DAT_01bbb1c0","READ","undefined4","-0x44bf19b2"
"FUN_01371760","01371760","01371784","ffdff000","ExceptionList","WRITE","void *","00000000"
"FUN_01371760","01371760","013718ec","ffdff000","ExceptionList","WRITE","void *","00000000"
"FUN_01371a00","01371a00","01371a1d","ffdff000","ExceptionList","READ","void *","00000000"
"FUN_01371a00","01371a00","01371a2a","01bbb1c0","DAT_01bbb1c0","READ","undefined4","-0x44bf19b2"
"FUN_01371a00","01371a00","01371a35","ffdff000","ExceptionList","WRITE","void *","00000000"
"FUN_01371a00","01371a00","01371b6a","ffdff000","ExceptionList","WRITE","void *","00000000"
"FUN_01371ba0","01371ba0","01371ca4","019ec944","PTR__invalid_parameter_noinfo_noreturn_019ec944","READ","pointer","76b5c550"
"FUN_01371e40","01371e40","01371e46","01bfe470","DAT_01bfe470","READ","undefined4","0x0"
"FUN_01371fa0","01371fa0","01371fa9","01bbb1c0","DAT_01bbb1c0","READ","undefined4","-0x44bf19b2"
"FUN_01371fa0","01371fa0","01371fca","013723a4","switchD_01371fca::switchdataD_013723a4","DATA","pointer","01371fd1"
"FUN_01371fa0","01371fa0","01372068","019ec93c","PTR__errno_019ec93c","READ","pointer","76aefcd0"
"FUN_01371fa0","01371fa0","01372074","019ec940","PTR__invalid_parameter_noinfo_019ec940","READ","pointer","76b5c530"
"FUN_01371fa0","01371fa0","013720fa","019ec93c","PTR__errno_019ec93c","READ","pointer","76aefcd0"
"FUN_01371fa0","01371fa0","01372106","019ec940","PTR__invalid_parameter_noinfo_019ec940","READ","pointer","76b5c530"
"FUN_01371fa0","01371fa0","01372155","019ec93c","PTR__errno_019ec93c","READ","pointer","76aefcd0"
"FUN_01371fa0","01371fa0","01372161","019ec940","PTR__invalid_parameter_noinfo_019ec940","READ","pointer","76b5c530"
"FUN_01371fa0","01371fa0","013721b5","019ec93c","PTR__errno_019ec93c","READ","pointer","76aefcd0"
"FUN_01371fa0","01371fa0","013721c1","019ec940","PTR__invalid_parameter_noinfo_019ec940","READ","pointer","76b5c530"
"FUN_01371fa0","01371fa0","01372311","019ec93c","PTR__errno_019ec93c","READ","pointer","76aefcd0"
"FUN_01371fa0","01371fa0","0137231d","019ec940","PTR__invalid_parameter_noinfo_019ec940","READ","pointer","76b5c530"
"FUN_014484b0","014484b0","014484b4","01bfb2c4","DAT_01bfb2c4","READ","undefined4","0x0"
"FUN_014484b0","014484b0","01448577","01bfb2c4","DAT_01bfb2c4","READ","undefined4","0x0"
"FUN_014484b0","014484b0","01448596","01bfb2c4","DAT_01bfb2c4","READ","undefined4","0x0"
"FUN_014484b0","014484b0","014485bd","01afe6e8","s_system\LevelEffect\Enchant_K60.n_01afe6e8","DATA","string","system\LevelEffect\Enchant_K60.nif"
"FUN_014484b0","014484b0","014485de","01afe6c4","s_system\LevelEffect\Enchant_K45.n_01afe6c4","DATA","string","system\LevelEffect\Enchant_K45.nif"
"FUN_014484b0","014484b0","014485ff","01afe618","s_system\LevelEffect\Red_K16.nif_01afe618","DATA","string","system\LevelEffect\Red_K16.nif"
"FUN_014484b0","014484b0","0144861e","014487b4","switchD_0144861e::switchdataD_014487b4","DATA","pointer","01448790"
"FUN_014484b0","014484b0","01448633","01afe6a4","s_system\LevelEffect\Red_K15.nif_01afe6a4","DATA","string","system\LevelEffect\Red_K15.nif"
"FUN_014484b0","014484b0","01448673","01afe74c","s_system\LevelEffect\Sky_K04.nif_01afe74c","DATA","string","system\LevelEffect\Sky_K04.nif"
"FUN_014484b0","014484b0","01448699","01afe76c","s_system\LevelEffect\Sky_K05.nif_01afe76c","DATA","string","system\LevelEffect\Sky_K05.nif"
"FUN_014484b0","014484b0","014486bf","01afe70c","s_system\LevelEffect\Sky_K06.nif_01afe70c","DATA","string","system\LevelEffect\Sky_K06.nif"
"FUN_014484b0","014484b0","014486e5","01afe72c","s_system\LevelEffect\Blue_K07.nif_01afe72c","DATA","string","system\LevelEffect\Blue_K07.nif"
"FUN_014484b0","014484b0","0144870b","01afe7d4","s_system\LevelEffect\Blue_K08.nif_01afe7d4","DATA","string","system\LevelEffect\Blue_K08.nif"
"FUN_014484b0","014484b0","01448731","01afe7f4","s_system\LevelEffect\Blue_K09.nif_01afe7f4","DATA","string","system\LevelEffect\Blue_K09.nif"
"FUN_014484b0","014484b0","01448757","01afe78c","s_system\LevelEffect\Pupple_K10.ni_01afe78c","DATA","string","system\LevelEffect\Pupple_K10.nif"
"FUN_014484b0","014484b0","0144877d","01afe7b0","s_system\LevelEffect\Pupple_K11.ni_01afe7b0","DATA","string","system\LevelEffect\Pupple_K11.nif"
"FUN_014484b0","014484b0","0144879e","01afe680","s_system\LevelEffect\Pupple_K12.ni_01afe680","DATA","string","system\LevelEffect\Pupple_K12.nif"
"FUN_0161e970","0161e970","0161e97a","ffdff000","ExceptionList","READ","void *","00000000"
"FUN_0161e970","0161e970","0161e986","01bbb1c0","DAT_01bbb1c0","READ","undefined4","-0x44bf19b2"
"FUN_0161e970","0161e970","0161e991","ffdff000","ExceptionList","WRITE","void *","00000000"
"FUN_0161e970","0161e970","0161e999","01a19e88","u_EvoDigitama.bin_01a19e88","DATA","unicode","EvoDigitama.bin"
"FUN_0161e970","0161e970","0161ea01","01a19ea8","u_EnchantItemInfo.bin_01a19ea8","DATA","unicode","EnchantItemInfo.bin"
"FUN_0161e970","0161e970","0161ea69","01a19ed0","u_EnchantStatInfo.bin_01a19ed0","DATA","unicode","EnchantStatInfo.bin"
"FUN_0161e970","0161e970","0161ead1","01a19ef8","u_TranscendNeed.bin_01a19ef8","DATA","unicode","TranscendNeed.bin"
"FUN_0161e970","0161e970","0161eb39","01a19f1c","u_TranscendMaterial.bin_01a19f1c","DATA","unicode","TranscendMaterial.bin"
"FUN_0161e970","0161e970","0161eba1","01a19f48","u_TranscendCorrect.bin_01a19f48","DATA","unicode","TranscendCorrect.bin"
"FUN_0161e970","0161e970","0161ec05","01a19f74","u_TranscendCorrectEx.bin_01a19f74","DATA","unicode","TranscendCorrectEx.bin"
"FUN_0161e970","0161e970","0161ec5f","019ec944","PTR__invalid_parameter_noinfo_noreturn_019ec944","READ","pointer","76b5c550"
"FUN_0161e970","0161e970","0161ecfa","ffdff000","ExceptionList","WRITE","void *","00000000"
"FUN_0161ed10","0161ed10","0161ed1a","ffdff000","ExceptionList","READ","void *","00000000"
"FUN_0161ed10","0161ed10","0161ed26","01bbb1c0","DAT_01bbb1c0","READ","undefined4","-0x44bf19b2"
"FUN_0161ed10","0161ed10","0161ed31","ffdff000","ExceptionList","WRITE","void *","00000000"
"FUN_0161ed10","0161ed10","0161f007","ffdff000","ExceptionList","WRITE","void *","00000000"
"FUN_0161ed10","0161ed10","0161f01c","ffdff000","ExceptionList","WRITE","void *","00000000"
