"Function","Entry","RefAddr","Address","Symbol","Kind","Value","CopiedPath"
"FUN_01268580","01268580","0126858a","ffdff000","ExceptionList","void *","00000000","decompiled\RestoreTab\CreateRestoreTabPanel.original.c"
"FUN_01268580","01268580","01268596","01bbb1c0","DAT_01bbb1c0","undefined4","-0x44bf19b2","decompiled\RestoreTab\CreateRestoreTabPanel.original.c"
"FUN_01268580","01268580","012685a1","ffdff000","ExceptionList","void *","00000000","decompiled\RestoreTab\CreateRestoreTabPanel.original.c"
"FUN_01268580","01268580","012685e0","01bee88c","DAT_01bee88c","undefined4","0x0","decompiled\RestoreTab\CreateRestoreTabPanel.original.c"
"FUN_01268580","01268580","012685e5","01bee890","DAT_01bee890","undefined4","0x0","decompiled\RestoreTab\CreateRestoreTabPanel.original.c"
"FUN_01268580","01268580","012687d7","ffdff000","ExceptionList","void *","00000000","decompiled\RestoreTab\CreateRestoreTabPanel.original.c"
"FUN_01268980","01268980","01268986","01bfe470","DAT_01bfe470","undefined4","0x0","decompiled\RestoreTab\InitializeRestoreTabPanel.original.c"
"FUN_01268e20","01268e20","01268e2a","ffdff000","ExceptionList","void *","00000000","decompiled\RestoreTab\BuildRestoreTabLayout.original.c"
"FUN_01268e20","01268e20","01268e34","01bbb1c0","DAT_01bbb1c0","undefined4","-0x44bf19b2","decompiled\RestoreTab\BuildRestoreTabLayout.original.c"
"FUN_01268e20","01268e20","01268e44","ffdff000","ExceptionList","void *","00000000","decompiled\RestoreTab\BuildRestoreTabLayout.original.c"
"FUN_01268e20","01268e20","01268e91","01bb9b2c","DAT_01bb9b2c","undefined8","0x3f8000003f800000","decompiled\RestoreTab\BuildRestoreTabLayout.original.c"
"FUN_01268e20","01268e20","01268e9b","01bfe468","DAT_01bfe468","undefined4","0x0","decompiled\RestoreTab\BuildRestoreTabLayout.original.c"
"FUN_01268e20","01268e20","01268ea0","01bfb258","DAT_01bfb258","undefined4","0x0","decompiled\RestoreTab\BuildRestoreTabLayout.original.c"
"FUN_01268e20","01268e20","01268eac","01bb9b34","DAT_01bb9b34","undefined4","0x3f800000","decompiled\RestoreTab\BuildRestoreTabLayout.original.c"
"FUN_01268e20","01268e20","01268eda","01ae8a8c","s_UPGRADESYSTEM_DATA_RESTORE_BTN_01ae8a8c","string","UPGRADESYSTEM_DATA_RESTORE_BTN","decompiled\RestoreTab\BuildRestoreTabLayout.original.c"
"FUN_01268e20","01268e20","01268f4e","01ae3e9c","s_System\Btn_Nor13.tga_01ae3e9c","string","System\Btn_Nor13.tga","decompiled\RestoreTab\BuildRestoreTabLayout.original.c"
"FUN_01268e20","01268e20","01268fb4","01ae8a6c","s_EquipSystem\Mail_List_Box_1.tga_01ae8a6c","string","EquipSystem\Mail_List_Box_1.tga","decompiled\RestoreTab\BuildRestoreTabLayout.original.c"
"FUN_01268e20","01268e20","01268fd0","01ae8ad0","s_Control_G\Popup\N2Dlg_Line.tga_01ae8ad0","string","Control_G\Popup\N2Dlg_Line.tga","decompiled\RestoreTab\BuildRestoreTabLayout.original.c"
"FUN_01268e20","01268e20","0126900f","01ae893c","s_Random_box\bar_arrow.png_01ae893c","string","Random_box\bar_arrow.png","decompiled\RestoreTab\BuildRestoreTabLayout.original.c"
"FUN_01268e20","01268e20","0126902b","01ae893c","s_Random_box\bar_arrow.png_01ae893c","string","Random_box\bar_arrow.png","decompiled\RestoreTab\BuildRestoreTabLayout.original.c"
"FUN_01268e20","01268e20","0126903a","ffdff000","ExceptionList","void *","00000000","decompiled\RestoreTab\BuildRestoreTabLayout.original.c"
"FUN_012696e0","012696e0","012696fd","ffdff000","ExceptionList","void *","00000000","decompiled\RestoreTab\BuildRestoreSlotAndGaugeControls.original.c"
"FUN_012696e0","012696e0","0126970b","01bbb1c0","DAT_01bbb1c0","undefined4","-0x44bf19b2","decompiled\RestoreTab\BuildRestoreSlotAndGaugeControls.original.c"
"FUN_012696e0","012696e0","0126971b","ffdff000","ExceptionList","void *","00000000","decompiled\RestoreTab\BuildRestoreSlotAndGaugeControls.original.c"
"FUN_012696e0","012696e0","01269831","01b025d4","DAT_01b025d4","undefined4","0x3ea8a8a9","decompiled\RestoreTab\BuildRestoreSlotAndGaugeControls.original.c"
"FUN_012696e0","012696e0","01269839","01bfe468","DAT_01bfe468","undefined4","0x0","decompiled\RestoreTab\BuildRestoreSlotAndGaugeControls.original.c"
"FUN_012696e0","012696e0","01269855","01b026e0","DAT_01b026e0","undefined4","0x3f570a3d","decompiled\RestoreTab\BuildRestoreSlotAndGaugeControls.original.c"
"FUN_012696e0","012696e0","0126986b","01ac5dd8","DAT_01ac5dd8","undefined2","0x0","decompiled\RestoreTab\BuildRestoreSlotAndGaugeControls.original.c"
"FUN_012696e0","012696e0","01269914","01bb9b2c","DAT_01bb9b2c","undefined8","0x3f8000003f800000","decompiled\RestoreTab\BuildRestoreSlotAndGaugeControls.original.c"
"FUN_012696e0","012696e0","0126991f","01bb9b34","DAT_01bb9b34","undefined4","0x3f800000","decompiled\RestoreTab\BuildRestoreSlotAndGaugeControls.original.c"
"FUN_012696e0","012696e0","01269927","01ae2c40","s_EquipSystem\Upgrade_Slot.tga_01ae2c40","string","EquipSystem\Upgrade_Slot.tga","decompiled\RestoreTab\BuildRestoreSlotAndGaugeControls.original.c"
"FUN_012696e0","012696e0","01269952","01ae2c40","s_EquipSystem\Upgrade_Slot.tga_01ae2c40","string","EquipSystem\Upgrade_Slot.tga","decompiled\RestoreTab\BuildRestoreSlotAndGaugeControls.original.c"
"FUN_012696e0","012696e0","01269957","01bfbd40","DAT_01bfbd40","undefined1","0x0","decompiled\RestoreTab\BuildRestoreSlotAndGaugeControls.original.c"
"FUN_012696e0","012696e0","012699c1","01bee890","DAT_01bee890","undefined4","0x0","decompiled\RestoreTab\BuildRestoreSlotAndGaugeControls.original.c"
"FUN_012696e0","012696e0","012699c7","01bee88c","DAT_01bee88c","undefined4","0x0","decompiled\RestoreTab\BuildRestoreSlotAndGaugeControls.original.c"
"FUN_012696e0","012696e0","01269a69","01bee890","DAT_01bee890","undefined4","0x0","decompiled\RestoreTab\BuildRestoreSlotAndGaugeControls.original.c"
"FUN_012696e0","012696e0","01269a6f","01bee88c","DAT_01bee88c","undefined4","0x0","decompiled\RestoreTab\BuildRestoreSlotAndGaugeControls.original.c"
"FUN_012696e0","012696e0","01269aa1","01ae8aac","s_Item_Make\Make_ani_gauge_pixel.t_01ae8aac","string","Item_Make\Make_ani_gauge_pixel.tga","decompiled\RestoreTab\BuildRestoreSlotAndGaugeControls.original.c"
"FUN_012696e0","012696e0","01269aab","01ae2c40","s_EquipSystem\Upgrade_Slot.tga_01ae2c40","string","EquipSystem\Upgrade_Slot.tga","decompiled\RestoreTab\BuildRestoreSlotAndGaugeControls.original.c"
"FUN_012696e0","012696e0","01269ae7","019ec8ec","PTR_fmaxf_019ec8ec","pointer","76b78a90","decompiled\RestoreTab\BuildRestoreSlotAndGaugeControls.original.c"
"FUN_012696e0","012696e0","01269b9a","01ae673c","DAT_01ae673c","undefined4","0x122b370","decompiled\RestoreTab\BuildRestoreSlotAndGaugeControls.original.c"
"FUN_012696e0","012696e0","01269dc0","01bfe468","DAT_01bfe468","undefined4","0x0","decompiled\RestoreTab\BuildRestoreSlotAndGaugeControls.original.c"
"FUN_012696e0","012696e0","01269dc5","01b026e0","DAT_01b026e0","undefined4","0x3f570a3d","decompiled\RestoreTab\BuildRestoreSlotAndGaugeControls.original.c"
"FUN_012696e0","012696e0","01269de8","01ac5dd8","DAT_01ac5dd8","undefined2","0x0","decompiled\RestoreTab\BuildRestoreSlotAndGaugeControls.original.c"
"FUN_012696e0","012696e0","01269e88","01bb9b2c","DAT_01bb9b2c","undefined8","0x3f8000003f800000","decompiled\RestoreTab\BuildRestoreSlotAndGaugeControls.original.c"
"FUN_012696e0","012696e0","01269e93","01bb9b34","DAT_01bb9b34","undefined4","0x3f800000","decompiled\RestoreTab\BuildRestoreSlotAndGaugeControls.original.c"
"FUN_012696e0","012696e0","01269e9b","01ae2c40","s_EquipSystem\Upgrade_Slot.tga_01ae2c40","string","EquipSystem\Upgrade_Slot.tga","decompiled\RestoreTab\BuildRestoreSlotAndGaugeControls.original.c"
"FUN_012696e0","012696e0","01269ec6","01ae2c40","s_EquipSystem\Upgrade_Slot.tga_01ae2c40","string","EquipSystem\Upgrade_Slot.tga","decompiled\RestoreTab\BuildRestoreSlotAndGaugeControls.original.c"
"FUN_012696e0","012696e0","01269ecb","01bfbd40","DAT_01bfbd40","undefined1","0x0","decompiled\RestoreTab\BuildRestoreSlotAndGaugeControls.original.c"
"FUN_012696e0","012696e0","01269f38","01bee890","DAT_01bee890","undefined4","0x0","decompiled\RestoreTab\BuildRestoreSlotAndGaugeControls.original.c"
"FUN_012696e0","012696e0","01269f3e","01bee88c","DAT_01bee88c","undefined4","0x0","decompiled\RestoreTab\BuildRestoreSlotAndGaugeControls.original.c"
"FUN_012696e0","012696e0","01269fe3","01bee890","DAT_01bee890","undefined4","0x0","decompiled\RestoreTab\BuildRestoreSlotAndGaugeControls.original.c"
"FUN_012696e0","012696e0","01269fe9","01bee88c","DAT_01bee88c","undefined4","0x0","decompiled\RestoreTab\BuildRestoreSlotAndGaugeControls.original.c"
"FUN_012696e0","012696e0","0126a01b","01ae8aac","s_Item_Make\Make_ani_gauge_pixel.t_01ae8aac","string","Item_Make\Make_ani_gauge_pixel.tga","decompiled\RestoreTab\BuildRestoreSlotAndGaugeControls.original.c"
"FUN_012696e0","012696e0","0126a025","01ae2c40","s_EquipSystem\Upgrade_Slot.tga_01ae2c40","string","EquipSystem\Upgrade_Slot.tga","decompiled\RestoreTab\BuildRestoreSlotAndGaugeControls.original.c"
"FUN_012696e0","012696e0","0126a061","019ec8ec","PTR_fmaxf_019ec8ec","pointer","76b78a90","decompiled\RestoreTab\BuildRestoreSlotAndGaugeControls.original.c"
"FUN_012696e0","012696e0","0126a117","01ae673c","DAT_01ae673c","undefined4","0x122b370","decompiled\RestoreTab\BuildRestoreSlotAndGaugeControls.original.c"
"FUN_012696e0","012696e0","0126a24c","ffdff000","ExceptionList","void *","00000000","decompiled\RestoreTab\BuildRestoreSlotAndGaugeControls.original.c"
"FUN_0126a270","0126a270","0126a28d","ffdff000","ExceptionList","void *","00000000","decompiled\RestoreTab\BuildRestoreIconBackgrounds.original.c"
"FUN_0126a270","0126a270","0126a298","01bbb1c0","DAT_01bbb1c0","undefined4","-0x44bf19b2","decompiled\RestoreTab\BuildRestoreIconBackgrounds.original.c"
"FUN_0126a270","0126a270","0126a2a8","ffdff000","ExceptionList","void *","00000000","decompiled\RestoreTab\BuildRestoreIconBackgrounds.original.c"
"FUN_0126a270","0126a270","0126a3c9","01bb9b2c","DAT_01bb9b2c","undefined8","0x3f8000003f800000","decompiled\RestoreTab\BuildRestoreIconBackgrounds.original.c"
"FUN_0126a270","0126a270","0126a3d4","01bee88c","DAT_01bee88c","undefined4","0x0","decompiled\RestoreTab\BuildRestoreIconBackgrounds.original.c"
"FUN_0126a270","0126a270","0126a3d9","01bee890","DAT_01bee890","undefined4","0x0","decompiled\RestoreTab\BuildRestoreIconBackgrounds.original.c"
"FUN_0126a270","0126a270","0126a3df","01bb9b34","DAT_01bb9b34","undefined4","0x3f800000","decompiled\RestoreTab\BuildRestoreIconBackgrounds.original.c"
"FUN_0126a270","0126a270","0126a3e7","01ae8b0c","s_EquipSystem\Upgrade_IC_BG.tga_01ae8b0c","string","EquipSystem\Upgrade_IC_BG.tga","decompiled\RestoreTab\BuildRestoreIconBackgrounds.original.c"
"FUN_0126a270","0126a270","0126a415","01ae8b0c","s_EquipSystem\Upgrade_IC_BG.tga_01ae8b0c","string","EquipSystem\Upgrade_IC_BG.tga","decompiled\RestoreTab\BuildRestoreIconBackgrounds.original.c"
"FUN_0126a270","0126a270","0126a41a","01bfbd40","DAT_01bfbd40","undefined1","0x0","decompiled\RestoreTab\BuildRestoreIconBackgrounds.original.c"
"FUN_0126a270","0126a270","0126a48a","01bee890","DAT_01bee890","undefined4","0x0","decompiled\RestoreTab\BuildRestoreIconBackgrounds.original.c"
"FUN_0126a270","0126a270","0126a490","01bee88c","DAT_01bee88c","undefined4","0x0","decompiled\RestoreTab\BuildRestoreIconBackgrounds.original.c"
"FUN_0126a270","0126a270","0126a4e3","01bfe468","DAT_01bfe468","undefined4","0x0","decompiled\RestoreTab\BuildRestoreIconBackgrounds.original.c"
"FUN_0126a270","0126a270","0126a4e8","01bb9b2c","DAT_01bb9b2c","undefined8","0x3f8000003f800000","decompiled\RestoreTab\BuildRestoreIconBackgrounds.original.c"
"FUN_0126a270","0126a270","0126a4f8","01bb9b34","DAT_01bb9b34","undefined4","0x3f800000","decompiled\RestoreTab\BuildRestoreIconBackgrounds.original.c"
"FUN_0126a270","0126a270","0126a4fd","01ac5dd8","DAT_01ac5dd8","undefined2","0x0","decompiled\RestoreTab\BuildRestoreIconBackgrounds.original.c"
"FUN_0126a270","0126a270","0126a57d","01ae673c","DAT_01ae673c","undefined4","0x122b370","decompiled\RestoreTab\BuildRestoreIconBackgrounds.original.c"
"FUN_0126a270","0126a270","0126a687","ffdff000","ExceptionList","void *","00000000","decompiled\RestoreTab\BuildRestoreIconBackgrounds.original.c"
"FUN_0126a6b0","0126a6b0","0126a6ba","ffdff000","ExceptionList","void *","00000000","decompiled\RestoreTab\RenderRestoreGradeText.original.c"
"FUN_0126a6b0","0126a6b0","0126a6c7","01bbb1c0","DAT_01bbb1c0","undefined4","-0x44bf19b2","decompiled\RestoreTab\RenderRestoreGradeText.original.c"
"FUN_0126a6b0","0126a6b0","0126a6d7","ffdff000","ExceptionList","void *","00000000","decompiled\RestoreTab\RenderRestoreGradeText.original.c"
"FUN_0126a6b0","0126a6b0","0126a6df","01bfb2b4","DAT_01bfb2b4","undefined4","0x0","decompiled\RestoreTab\RenderRestoreGradeText.original.c"
"FUN_0126a6b0","0126a6b0","0126a7a3","01bfb2b4","DAT_01bfb2b4","undefined4","0x0","decompiled\RestoreTab\RenderRestoreGradeText.original.c"
"FUN_0126a6b0","0126a6b0","0126a8a0","01ac5dd8","DAT_01ac5dd8","undefined2","0x0","decompiled\RestoreTab\RenderRestoreGradeText.original.c"
"FUN_0126a6b0","0126a6b0","0126a8d6","01adab20","u_%d.%02d_01adab20","unicode","%d.%02d","decompiled\RestoreTab\RenderRestoreGradeText.original.c"
"FUN_0126a6b0","0126a6b0","0126a93a","01ac5dd8","DAT_01ac5dd8","undefined2","0x0","decompiled\RestoreTab\RenderRestoreGradeText.original.c"
"FUN_0126a6b0","0126a6b0","0126aa45","01ac5dd8","DAT_01ac5dd8","undefined2","0x0","decompiled\RestoreTab\RenderRestoreGradeText.original.c"
"FUN_0126a6b0","0126a6b0","0126aa79","01ace96c","u_%d/%d_01ace96c","unicode","%d/%d","decompiled\RestoreTab\RenderRestoreGradeText.original.c"
"FUN_0126a6b0","0126a6b0","0126aab9","01bfb258","DAT_01bfb258","undefined4","0x0","decompiled\RestoreTab\RenderRestoreGradeText.original.c"
"FUN_0126a6b0","0126a6b0","0126aacc","01ae8af0","s_EQUIPSYSTEM_UPGRADE_GRADE_01ae8af0","string","EQUIPSYSTEM_UPGRADE_GRADE","decompiled\RestoreTab\RenderRestoreGradeText.original.c"
"FUN_0126a6b0","0126a6b0","0126ab54","01ac5dd8","DAT_01ac5dd8","undefined2","0x0","decompiled\RestoreTab\RenderRestoreGradeText.original.c"
"FUN_0126a6b0","0126a6b0","0126abd4","01bfb258","DAT_01bfb258","undefined4","0x0","decompiled\RestoreTab\RenderRestoreGradeText.original.c"
"FUN_0126a6b0","0126a6b0","0126abe7","01ae8af0","s_EQUIPSYSTEM_UPGRADE_GRADE_01ae8af0","string","EQUIPSYSTEM_UPGRADE_GRADE","decompiled\RestoreTab\RenderRestoreGradeText.original.c"
"FUN_0126a6b0","0126a6b0","0126ac69","01ac5dd8","DAT_01ac5dd8","undefined2","0x0","decompiled\RestoreTab\RenderRestoreGradeText.original.c"
"FUN_0126a6b0","0126a6b0","0126ad88","01bfb8c4","DAT_01bfb8c4","undefined4","0x0","decompiled\RestoreTab\RenderRestoreGradeText.original.c"
"FUN_0126a6b0","0126a6b0","0126add3","01bfb8c4","DAT_01bfb8c4","undefined4","0x0","decompiled\RestoreTab\RenderRestoreGradeText.original.c"
"FUN_0126a6b0","0126a6b0","0126ae0c","ffdff000","ExceptionList","void *","00000000","decompiled\RestoreTab\RenderRestoreGradeText.original.c"
"FUN_0126ae30","0126ae30","0126ae4d","ffdff000","ExceptionList","void *","00000000","decompiled\RestoreTab\BuildRestoreGlowAndTargetSlot.original.c"
"FUN_0126ae30","0126ae30","0126ae58","01bbb1c0","DAT_01bbb1c0","undefined4","-0x44bf19b2","decompiled\RestoreTab\BuildRestoreGlowAndTargetSlot.original.c"
"FUN_0126ae30","0126ae30","0126ae68","ffdff000","ExceptionList","void *","00000000","decompiled\RestoreTab\BuildRestoreGlowAndTargetSlot.original.c"
"FUN_0126ae30","0126ae30","0126aefe","01bb9b2c","DAT_01bb9b2c","undefined8","0x3f8000003f800000","decompiled\RestoreTab\BuildRestoreGlowAndTargetSlot.original.c"
"FUN_0126ae30","0126ae30","0126af09","01bb9b34","DAT_01bb9b34","undefined4","0x3f800000","decompiled\RestoreTab\BuildRestoreGlowAndTargetSlot.original.c"
"FUN_0126ae30","0126ae30","0126af11","01ae8b2c","s_EquipSystem\glow_bg.tga_01ae8b2c","string","EquipSystem\glow_bg.tga","decompiled\RestoreTab\BuildRestoreGlowAndTargetSlot.original.c"
"FUN_0126ae30","0126ae30","0126af39","01ae8b2c","s_EquipSystem\glow_bg.tga_01ae8b2c","string","EquipSystem\glow_bg.tga","decompiled\RestoreTab\BuildRestoreGlowAndTargetSlot.original.c"
"FUN_0126ae30","0126ae30","0126af3e","01bfbd40","DAT_01bfbd40","undefined1","0x0","decompiled\RestoreTab\BuildRestoreGlowAndTargetSlot.original.c"
"FUN_0126ae30","0126ae30","0126afab","01bee890","DAT_01bee890","undefined4","0x0","decompiled\RestoreTab\BuildRestoreGlowAndTargetSlot.original.c"
"FUN_0126ae30","0126ae30","0126afb1","01bee88c","DAT_01bee88c","undefined4","0x0","decompiled\RestoreTab\BuildRestoreGlowAndTargetSlot.original.c"
"FUN_0126ae30","0126ae30","0126b00f","01bfe468","DAT_01bfe468","undefined4","0x0","decompiled\RestoreTab\BuildRestoreGlowAndTargetSlot.original.c"
"FUN_0126ae30","0126ae30","0126b014","01b02744","DAT_01b02744","undefined4","0x3f7ae148","decompiled\RestoreTab\BuildRestoreGlowAndTargetSlot.original.c"
"FUN_0126ae30","0126ae30","0126b031","01ad3990","u_0_/_0_01ad3990","unicode","0 / 0","decompiled\RestoreTab\BuildRestoreGlowAndTargetSlot.original.c"
"FUN_0126ae30","0126ae30","0126b093","01bfe468","DAT_01bfe468","undefined4","0x0","decompiled\RestoreTab\BuildRestoreGlowAndTargetSlot.original.c"
"FUN_0126ae30","0126ae30","0126b09b","01b025d4","DAT_01b025d4","undefined4","0x3ea8a8a9","decompiled\RestoreTab\BuildRestoreGlowAndTargetSlot.original.c"
"FUN_0126ae30","0126ae30","0126b0a6","01b026e0","DAT_01b026e0","undefined4","0x3f570a3d","decompiled\RestoreTab\BuildRestoreGlowAndTargetSlot.original.c"
"FUN_0126ae30","0126ae30","0126b0c0","01ac5dd8","DAT_01ac5dd8","undefined2","0x0","decompiled\RestoreTab\BuildRestoreGlowAndTargetSlot.original.c"
"FUN_0126ae30","0126ae30","0126b16f","01bee890","DAT_01bee890","undefined4","0x0","decompiled\RestoreTab\BuildRestoreGlowAndTargetSlot.original.c"
"FUN_0126ae30","0126ae30","0126b175","01bee88c","DAT_01bee88c","undefined4","0x0","decompiled\RestoreTab\BuildRestoreGlowAndTargetSlot.original.c"
"FUN_0126ae30","0126ae30","0126b1a7","01ae8aac","s_Item_Make\Make_ani_gauge_pixel.t_01ae8aac","string","Item_Make\Make_ani_gauge_pixel.tga","decompiled\RestoreTab\BuildRestoreGlowAndTargetSlot.original.c"
"FUN_0126ae30","0126ae30","0126b1b1","01ae2c40","s_EquipSystem\Upgrade_Slot.tga_01ae2c40","string","EquipSystem\Upgrade_Slot.tga","decompiled\RestoreTab\BuildRestoreGlowAndTargetSlot.original.c"
"FUN_0126ae30","0126ae30","0126b1ed","019ec8ec","PTR_fmaxf_019ec8ec","pointer","76b78a90","decompiled\RestoreTab\BuildRestoreGlowAndTargetSlot.original.c"
"FUN_0126ae30","0126ae30","0126b2bd","ffdff000","ExceptionList","void *","00000000","decompiled\RestoreTab\BuildRestoreGlowAndTargetSlot.original.c"
"FUN_0126b2e0","0126b2e0","0126b2ea","ffdff000","ExceptionList","void *","00000000","decompiled\RestoreTab\BuildRestoreUpgradeText.original.c"
"FUN_0126b2e0","0126b2e0","0126b2f4","01bbb1c0","DAT_01bbb1c0","undefined4","-0x44bf19b2","decompiled\RestoreTab\BuildRestoreUpgradeText.original.c"
"FUN_0126b2e0","0126b2e0","0126b304","ffdff000","ExceptionList","void *","00000000","decompiled\RestoreTab\BuildRestoreUpgradeText.original.c"
"FUN_0126b2e0","0126b2e0","0126b330","01bb9b2c","DAT_01bb9b2c","undefined8","0x3f8000003f800000","decompiled\RestoreTab\BuildRestoreUpgradeText.original.c"
"FUN_0126b2e0","0126b2e0","0126b33a","01bfe468","DAT_01bfe468","undefined4","0x0","decompiled\RestoreTab\BuildRestoreUpgradeText.original.c"
"FUN_0126b2e0","0126b2e0","0126b33f","01bfb258","DAT_01bfb258","undefined4","0x0","decompiled\RestoreTab\BuildRestoreUpgradeText.original.c"
"FUN_0126b2e0","0126b2e0","0126b34b","01bb9b34","DAT_01bb9b34","undefined4","0x3f800000","decompiled\RestoreTab\BuildRestoreUpgradeText.original.c"
"FUN_0126b2e0","0126b2e0","0126b379","01ae8b74","s_EQUIPSYSTEM_UPGRADE_01ae8b74","string","EQUIPSYSTEM_UPGRADE","decompiled\RestoreTab\BuildRestoreUpgradeText.original.c"
"FUN_0126b2e0","0126b2e0","0126b3fd","01bfb258","DAT_01bfb258","undefined4","0x0","decompiled\RestoreTab\BuildRestoreUpgradeText.original.c"
"FUN_0126b2e0","0126b2e0","0126b417","01ae8b74","s_EQUIPSYSTEM_UPGRADE_01ae8b74","string","EQUIPSYSTEM_UPGRADE","decompiled\RestoreTab\BuildRestoreUpgradeText.original.c"
"FUN_0126b2e0","0126b2e0","0126b4da","01ac5dd8","DAT_01ac5dd8","undefined2","0x0","decompiled\RestoreTab\BuildRestoreUpgradeText.original.c"
"FUN_0126b2e0","0126b2e0","0126b4eb","01bee890","DAT_01bee890","undefined4","0x0","decompiled\RestoreTab\BuildRestoreUpgradeText.original.c"
"FUN_0126b2e0","0126b2e0","0126b4f6","01bee88c","DAT_01bee88c","undefined4","0x0","decompiled\RestoreTab\BuildRestoreUpgradeText.original.c"
"FUN_0126b2e0","0126b2e0","0126b555","01bee890","DAT_01bee890","undefined4","0x0","decompiled\RestoreTab\BuildRestoreUpgradeText.original.c"
"FUN_0126b2e0","0126b2e0","0126b55d","01bee88c","DAT_01bee88c","undefined4","0x0","decompiled\RestoreTab\BuildRestoreUpgradeText.original.c"
"FUN_0126b2e0","0126b2e0","0126b58f","ffdff000","ExceptionList","void *","00000000","decompiled\RestoreTab\BuildRestoreUpgradeText.original.c"
"FUN_0126b5b0","0126b5b0","0126b5ba","ffdff000","ExceptionList","void *","00000000","decompiled\RestoreTab\BuildRestoreResultEffect.original.c"
"FUN_0126b5b0","0126b5b0","0126b5c4","01bbb1c0","DAT_01bbb1c0","undefined4","-0x44bf19b2","decompiled\RestoreTab\BuildRestoreResultEffect.original.c"
"FUN_0126b5b0","0126b5b0","0126b5cf","ffdff000","ExceptionList","void *","00000000","decompiled\RestoreTab\BuildRestoreResultEffect.original.c"
"FUN_0126b5b0","0126b5b0","0126b633","01ae8b4c","s_EquipSystem\Upgrade_Progress_Eff_01ae8b4c","string","EquipSystem\Upgrade_Progress_Effect.dds","decompiled\RestoreTab\BuildRestoreResultEffect.original.c"
"FUN_0126b5b0","0126b5b0","0126b642","01bee890","DAT_01bee890","undefined4","0x0","decompiled\RestoreTab\BuildRestoreResultEffect.original.c"
"FUN_0126b5b0","0126b5b0","0126b64a","01bee88c","DAT_01bee88c","undefined4","0x0","decompiled\RestoreTab\BuildRestoreResultEffect.original.c"
"FUN_0126b5b0","0126b5b0","0126b6f5","01ae4608","s_EquipSystem\Upgrade_Success_Effe_01ae4608","string","EquipSystem\Upgrade_Success_Effect.dds","decompiled\RestoreTab\BuildRestoreResultEffect.original.c"
"FUN_0126b5b0","0126b5b0","0126b704","01bee890","DAT_01bee890","undefined4","0x0","decompiled\RestoreTab\BuildRestoreResultEffect.original.c"
"FUN_0126b5b0","0126b5b0","0126b70c","01bee88c","DAT_01bee88c","undefined4","0x0","decompiled\RestoreTab\BuildRestoreResultEffect.original.c"
"FUN_0126b5b0","0126b5b0","0126b7b7","01ae8bac","s_EquipSystem\Upgrade_Destroy_Effe_01ae8bac","string","EquipSystem\Upgrade_Destroy_Effect.dds","decompiled\RestoreTab\BuildRestoreResultEffect.original.c"
"FUN_0126b5b0","0126b5b0","0126b7c6","01bee890","DAT_01bee890","undefined4","0x0","decompiled\RestoreTab\BuildRestoreResultEffect.original.c"
"FUN_0126b5b0","0126b5b0","0126b7ce","01bee88c","DAT_01bee88c","undefined4","0x0","decompiled\RestoreTab\BuildRestoreResultEffect.original.c"
"FUN_0126b5b0","0126b5b0","0126b820","ffdff000","ExceptionList","void *","00000000","decompiled\RestoreTab\BuildRestoreResultEffect.original.c"
"FUN_0126b830","0126b830","0126b83a","ffdff000","ExceptionList","void *","00000000","decompiled\RestoreTab\BuildRestoreConnectionLines.original.c"
"FUN_0126b830","0126b830","0126b844","01bbb1c0","DAT_01bbb1c0","undefined4","-0x44bf19b2","decompiled\RestoreTab\BuildRestoreConnectionLines.original.c"
"FUN_0126b830","0126b830","0126b84f","ffdff000","ExceptionList","void *","00000000","decompiled\RestoreTab\BuildRestoreConnectionLines.original.c"
"FUN_0126b830","0126b830","0126b8ed","01ae8aac","s_Item_Make\Make_ani_gauge_pixel.t_01ae8aac","string","Item_Make\Make_ani_gauge_pixel.tga","decompiled\RestoreTab\BuildRestoreConnectionLines.original.c"
"FUN_0126b830","0126b830","0126b8fd","01ae8b88","s_EquipSystem\Upgrade_Empty_Line.t_01ae8b88","string","EquipSystem\Upgrade_Empty_Line.tga","decompiled\RestoreTab\BuildRestoreConnectionLines.original.c"
"FUN_0126b830","0126b830","0126b943","019ec8ec","PTR_fmaxf_019ec8ec","pointer","76b78a90","decompiled\RestoreTab\BuildRestoreConnectionLines.original.c"
"FUN_0126b830","0126b830","0126ba3e","01ae8aac","s_Item_Make\Make_ani_gauge_pixel.t_01ae8aac","string","Item_Make\Make_ani_gauge_pixel.tga","decompiled\RestoreTab\BuildRestoreConnectionLines.original.c"
"FUN_0126b830","0126b830","0126ba4e","01ae8b88","s_EquipSystem\Upgrade_Empty_Line.t_01ae8b88","string","EquipSystem\Upgrade_Empty_Line.tga","decompiled\RestoreTab\BuildRestoreConnectionLines.original.c"
"FUN_0126b830","0126b830","0126ba94","019ec8ec","PTR_fmaxf_019ec8ec","pointer","76b78a90","decompiled\RestoreTab\BuildRestoreConnectionLines.original.c"
"FUN_0126b830","0126b830","0126bb06","01ae8bec","s_EquipSystem\Upgrade_Line_horizon_01ae8bec","string","EquipSystem\Upgrade_Line_horizontal.tga","decompiled\RestoreTab\BuildRestoreConnectionLines.original.c"
"FUN_0126b830","0126b830","0126bb1f","01ae8bec","s_EquipSystem\Upgrade_Line_horizon_01ae8bec","string","EquipSystem\Upgrade_Line_horizontal.tga","decompiled\RestoreTab\BuildRestoreConnectionLines.original.c"
"FUN_0126b830","0126b830","0126bb2e","ffdff000","ExceptionList","void *","00000000","decompiled\RestoreTab\BuildRestoreConnectionLines.original.c"
"FUN_0126bd30","0126bd30","0126bd3a","ffdff000","ExceptionList","void *","00000000","decompiled\RestoreTab\ResetRestoreSlotTexture.original.c"
"FUN_0126bd30","0126bd30","0126bd44","01bbb1c0","DAT_01bbb1c0","undefined4","-0x44bf19b2","decompiled\RestoreTab\ResetRestoreSlotTexture.original.c"
"FUN_0126bd30","0126bd30","0126bd53","ffdff000","ExceptionList","void *","00000000","decompiled\RestoreTab\ResetRestoreSlotTexture.original.c"
"FUN_0126bd30","0126bd30","0126bd6b","01ac5dd8","DAT_01ac5dd8","undefined2","0x0","decompiled\RestoreTab\ResetRestoreSlotTexture.original.c"
"FUN_0126bd30","0126bd30","0126bd81","01ae2c40","s_EquipSystem\Upgrade_Slot.tga_01ae2c40","string","EquipSystem\Upgrade_Slot.tga","decompiled\RestoreTab\ResetRestoreSlotTexture.original.c"
"FUN_0126bd30","0126bd30","0126bdde","01ac5dd8","DAT_01ac5dd8","undefined2","0x0","decompiled\RestoreTab\ResetRestoreSlotTexture.original.c"
"FUN_0126bd30","0126bd30","0126be04","01ace96c","u_%d/%d_01ace96c","unicode","%d/%d","decompiled\RestoreTab\ResetRestoreSlotTexture.original.c"
"FUN_0126bd30","0126bd30","0126be4b","01ac5dd8","DAT_01ac5dd8","undefined2","0x0","decompiled\RestoreTab\ResetRestoreSlotTexture.original.c"
"FUN_0126bd30","0126bd30","0126be89","01ac5dd8","DAT_01ac5dd8","undefined2","0x0","decompiled\RestoreTab\ResetRestoreSlotTexture.original.c"
"FUN_0126bd30","0126bd30","0126bed8","01ac5dd8","DAT_01ac5dd8","undefined2","0x0","decompiled\RestoreTab\ResetRestoreSlotTexture.original.c"
"FUN_0126bd30","0126bd30","0126befd","01ac5dd8","DAT_01ac5dd8","undefined2","0x0","decompiled\RestoreTab\ResetRestoreSlotTexture.original.c"
"FUN_0126bd30","0126bd30","0126bf11","01ac5dd8","DAT_01ac5dd8","undefined2","0x0","decompiled\RestoreTab\ResetRestoreSlotTexture.original.c"
"FUN_0126bd30","0126bd30","0126bf36","ffdff000","ExceptionList","void *","00000000","decompiled\RestoreTab\ResetRestoreSlotTexture.original.c"
"FUN_0126c260","0126c260","0126c2bf","01ae8c30","s_DATA_RESTORE_FAIL_01ae8c30","string","DATA_RESTORE_FAIL","decompiled\RestoreTab\HandleRestoreResultMessage.original.c"
"FUN_0126c260","0126c260","0126c2dc","01bfb2a0","DAT_01bfb2a0","undefined4","0x0","decompiled\RestoreTab\HandleRestoreResultMessage.original.c"
"FUN_0126c260","0126c260","0126c2eb","01ae4630","s_game\Upgrade_Fail.wav_01ae4630","string","game\Upgrade_Fail.wav","decompiled\RestoreTab\HandleRestoreResultMessage.original.c"
"FUN_0126c260","0126c260","0126c33c","01ae8bd4","s_DATA_RESTORE_SUCCESS_01ae8bd4","string","DATA_RESTORE_SUCCESS","decompiled\RestoreTab\HandleRestoreResultMessage.original.c"
"FUN_0126c260","0126c260","0126c359","01bfb2a0","DAT_01bfb2a0","undefined4","0x0","decompiled\RestoreTab\HandleRestoreResultMessage.original.c"
"FUN_0126c260","0126c260","0126c364","01ae4648","s_game\Upgrade_Success.wav_01ae4648","string","game\Upgrade_Success.wav","decompiled\RestoreTab\HandleRestoreResultMessage.original.c"
"FUN_0126c420","0126c420","0126c42a","ffdff000","ExceptionList","void *","00000000","decompiled\RestoreTab\ApplyRestoreSlotVisual.original.c"
"FUN_0126c420","0126c420","0126c434","01bbb1c0","DAT_01bbb1c0","undefined4","-0x44bf19b2","decompiled\RestoreTab\ApplyRestoreSlotVisual.original.c"
"FUN_0126c420","0126c420","0126c443","ffdff000","ExceptionList","void *","00000000","decompiled\RestoreTab\ApplyRestoreSlotVisual.original.c"
"FUN_0126c420","0126c420","0126c4a6","01ac5dd8","DAT_01ac5dd8","undefined2","0x0","decompiled\RestoreTab\ApplyRestoreSlotVisual.original.c"
"FUN_0126c420","0126c420","0126c4f5","01ac5dd8","DAT_01ac5dd8","undefined2","0x0","decompiled\RestoreTab\ApplyRestoreSlotVisual.original.c"
"FUN_0126c420","0126c420","0126c51e","01ac5dd8","DAT_01ac5dd8","undefined2","0x0","decompiled\RestoreTab\ApplyRestoreSlotVisual.original.c"
"FUN_0126c420","0126c420","0126c536","01ac5dd8","DAT_01ac5dd8","undefined2","0x0","decompiled\RestoreTab\ApplyRestoreSlotVisual.original.c"
"FUN_0126c420","0126c420","0126c54c","01ae2c40","s_EquipSystem\Upgrade_Slot.tga_01ae2c40","string","EquipSystem\Upgrade_Slot.tga","decompiled\RestoreTab\ApplyRestoreSlotVisual.original.c"
"FUN_0126c420","0126c420","0126c5a9","01ac5dd8","DAT_01ac5dd8","undefined2","0x0","decompiled\RestoreTab\ApplyRestoreSlotVisual.original.c"
"FUN_0126c420","0126c420","0126c5cf","01ace96c","u_%d/%d_01ace96c","unicode","%d/%d","decompiled\RestoreTab\ApplyRestoreSlotVisual.original.c"
"FUN_0126c420","0126c420","0126c612","01ac5dd8","DAT_01ac5dd8","undefined2","0x0","decompiled\RestoreTab\ApplyRestoreSlotVisual.original.c"
"FUN_0126c420","0126c420","0126c626","01ac5dd8","DAT_01ac5dd8","undefined2","0x0","decompiled\RestoreTab\ApplyRestoreSlotVisual.original.c"
"FUN_0126c420","0126c420","0126c64b","ffdff000","ExceptionList","void *","00000000","decompiled\RestoreTab\ApplyRestoreSlotVisual.original.c"
"FUN_0126c670","0126c670","0126c763","01bfb2a0","DAT_01bfb2a0","undefined4","0x0","decompiled\RestoreTab\PlayRestoreProcessSound.original.c"
"FUN_0126c670","0126c670","0126c76e","01ae8c14","s_game\Upgrade_Process.wav_01ae8c14","string","game\Upgrade_Process.wav","decompiled\RestoreTab\PlayRestoreProcessSound.original.c"
"FUN_0126c890","0126c890","0126c8ad","ffdff000","ExceptionList","void *","00000000","decompiled\RestoreTab\BindRestoreButtonHandler.original.c"
"FUN_0126c890","0126c890","0126c8ba","01bbb1c0","DAT_01bbb1c0","undefined4","-0x44bf19b2","decompiled\RestoreTab\BindRestoreButtonHandler.original.c"
"FUN_0126c890","0126c890","0126c8c5","ffdff000","ExceptionList","void *","00000000","decompiled\RestoreTab\BindRestoreButtonHandler.original.c"
"FUN_0126c890","0126c890","0126c9f5","ffdff000","ExceptionList","void *","00000000","decompiled\RestoreTab\BindRestoreButtonHandler.original.c"
"FUN_0126cb80","0126cb80","0126cb8a","ffdff000","ExceptionList","void *","00000000","decompiled\TransferTab\CreateTransferTabPanel.original.c"
"FUN_0126cb80","0126cb80","0126cb96","01bbb1c0","DAT_01bbb1c0","undefined4","-0x44bf19b2","decompiled\TransferTab\CreateTransferTabPanel.original.c"
"FUN_0126cb80","0126cb80","0126cba1","ffdff000","ExceptionList","void *","00000000","decompiled\TransferTab\CreateTransferTabPanel.original.c"
"FUN_0126cb80","0126cb80","0126cbe0","01bee88c","DAT_01bee88c","undefined4","0x0","decompiled\TransferTab\CreateTransferTabPanel.original.c"
"FUN_0126cb80","0126cb80","0126cbe5","01bee890","DAT_01bee890","undefined4","0x0","decompiled\TransferTab\CreateTransferTabPanel.original.c"
"FUN_0126cb80","0126cb80","0126cdf5","ffdff000","ExceptionList","void *","00000000","decompiled\TransferTab\CreateTransferTabPanel.original.c"
"FUN_0126cfc0","0126cfc0","0126cfc6","01bfe470","DAT_01bfe470","undefined4","0x0","decompiled\TransferTab\InitializeTransferTabPanel.original.c"
"FUN_0126d080","0126d080","0126d08a","ffdff000","ExceptionList","void *","00000000","decompiled\TransferTab\BuildTransferTabLayout.original.c"
"FUN_0126d080","0126d080","0126d094","01bbb1c0","DAT_01bbb1c0","undefined4","-0x44bf19b2","decompiled\TransferTab\BuildTransferTabLayout.original.c"
"FUN_0126d080","0126d080","0126d0a4","ffdff000","ExceptionList","void *","00000000","decompiled\TransferTab\BuildTransferTabLayout.original.c"
"FUN_0126d080","0126d080","0126d10c","019ec93c","PTR__errno_019ec93c","pointer","76aefcd0","decompiled\TransferTab\BuildTransferTabLayout.original.c"
"FUN_0126d080","0126d080","0126d118","019ec940","PTR__invalid_parameter_noinfo_019ec940","pointer","76b5c530","decompiled\TransferTab\BuildTransferTabLayout.original.c"
"FUN_0126d080","0126d080","0126d1c3","019ec8ec","PTR_fmaxf_019ec8ec","pointer","76b78a90","decompiled\TransferTab\BuildTransferTabLayout.original.c"
"FUN_0126d080","0126d080","0126d290","019ec93c","PTR__errno_019ec93c","pointer","76aefcd0","decompiled\TransferTab\BuildTransferTabLayout.original.c"
"FUN_0126d080","0126d080","0126d29c","019ec940","PTR__invalid_parameter_noinfo_019ec940","pointer","76b5c530","decompiled\TransferTab\BuildTransferTabLayout.original.c"
"FUN_0126d080","0126d080","0126d2d1","019ec93c","PTR__errno_019ec93c","pointer","76aefcd0","decompiled\TransferTab\BuildTransferTabLayout.original.c"
"FUN_0126d080","0126d080","0126d2dd","019ec940","PTR__invalid_parameter_noinfo_019ec940","pointer","76b5c530","decompiled\TransferTab\BuildTransferTabLayout.original.c"
"FUN_0126d080","0126d080","0126d347","019ec93c","PTR__errno_019ec93c","pointer","76aefcd0","decompiled\TransferTab\BuildTransferTabLayout.original.c"
"FUN_0126d080","0126d080","0126d353","019ec940","PTR__invalid_parameter_noinfo_019ec940","pointer","76b5c530","decompiled\TransferTab\BuildTransferTabLayout.original.c"
"FUN_0126d080","0126d080","0126d39b","019ec93c","PTR__errno_019ec93c","pointer","76aefcd0","decompiled\TransferTab\BuildTransferTabLayout.original.c"
"FUN_0126d080","0126d080","0126d3a7","019ec940","PTR__invalid_parameter_noinfo_019ec940","pointer","76b5c530","decompiled\TransferTab\BuildTransferTabLayout.original.c"
"FUN_0126d080","0126d080","0126d3d2","ffdff000","ExceptionList","void *","00000000","decompiled\TransferTab\BuildTransferTabLayout.original.c"
"FUN_0126ef40","0126ef40","0126ef4a","ffdff000","ExceptionList","void *","00000000","decompiled\TransferTab\RenderTransferGradeText.original.c"
"FUN_0126ef40","0126ef40","0126ef57","01bbb1c0","DAT_01bbb1c0","undefined4","-0x44bf19b2","decompiled\TransferTab\RenderTransferGradeText.original.c"
"FUN_0126ef40","0126ef40","0126ef67","ffdff000","ExceptionList","void *","00000000","decompiled\TransferTab\RenderTransferGradeText.original.c"
"FUN_0126ef40","0126ef40","0126ef72","01bfb2b4","DAT_01bfb2b4","undefined4","0x0","decompiled\TransferTab\RenderTransferGradeText.original.c"
"FUN_0126ef40","0126ef40","0126f12f","01ac5dd8","DAT_01ac5dd8","undefined2","0x0","decompiled\TransferTab\RenderTransferGradeText.original.c"
"FUN_0126ef40","0126ef40","0126f15b","01adab20","u_%d.%02d_01adab20","unicode","%d.%02d","decompiled\TransferTab\RenderTransferGradeText.original.c"
"FUN_0126ef40","0126ef40","0126f1bf","01ac5dd8","DAT_01ac5dd8","undefined2","0x0","decompiled\TransferTab\RenderTransferGradeText.original.c"
"FUN_0126ef40","0126ef40","0126f25c","01ac5dd8","DAT_01ac5dd8","undefined2","0x0","decompiled\TransferTab\RenderTransferGradeText.original.c"
"FUN_0126ef40","0126ef40","0126f287","01ace96c","u_%d/%d_01ace96c","unicode","%d/%d","decompiled\TransferTab\RenderTransferGradeText.original.c"
"FUN_0126ef40","0126ef40","0126f2cd","01bfb258","DAT_01bfb258","undefined4","0x0","decompiled\TransferTab\RenderTransferGradeText.original.c"
"FUN_0126ef40","0126ef40","0126f2e0","01ae8af0","s_EQUIPSYSTEM_UPGRADE_GRADE_01ae8af0","string","EQUIPSYSTEM_UPGRADE_GRADE","decompiled\TransferTab\RenderTransferGradeText.original.c"
"FUN_0126ef40","0126ef40","0126f364","01ac5dd8","DAT_01ac5dd8","undefined2","0x0","decompiled\TransferTab\RenderTransferGradeText.original.c"
"FUN_0126ef40","0126ef40","0126f3ed","01bfb258","DAT_01bfb258","undefined4","0x0","decompiled\TransferTab\RenderTransferGradeText.original.c"
"FUN_0126ef40","0126ef40","0126f400","01ae8af0","s_EQUIPSYSTEM_UPGRADE_GRADE_01ae8af0","string","EQUIPSYSTEM_UPGRADE_GRADE","decompiled\TransferTab\RenderTransferGradeText.original.c"
"FUN_0126ef40","0126ef40","0126f484","01ac5dd8","DAT_01ac5dd8","undefined2","0x0","decompiled\TransferTab\RenderTransferGradeText.original.c"
"FUN_0126ef40","0126ef40","0126f53c","01bfb8c4","DAT_01bfb8c4","undefined4","0x0","decompiled\TransferTab\RenderTransferGradeText.original.c"
"FUN_0126ef40","0126ef40","0126f569","01bfb8c4","DAT_01bfb8c4","undefined4","0x0","decompiled\TransferTab\RenderTransferGradeText.original.c"
"FUN_0126ef40","0126ef40","0126f5bd","ffdff000","ExceptionList","void *","00000000","decompiled\TransferTab\RenderTransferGradeText.original.c"
"FUN_01270110","01270110","0127011a","ffdff000","ExceptionList","void *","00000000","decompiled\TransferTab\BuildTransferUpgradeText.original.c"
"FUN_01270110","01270110","01270124","01bbb1c0","DAT_01bbb1c0","undefined4","-0x44bf19b2","decompiled\TransferTab\BuildTransferUpgradeText.original.c"
"FUN_01270110","01270110","01270134","ffdff000","ExceptionList","void *","00000000","decompiled\TransferTab\BuildTransferUpgradeText.original.c"
"FUN_01270110","01270110","01270160","01bb9b2c","DAT_01bb9b2c","undefined8","0x3f8000003f800000","decompiled\TransferTab\BuildTransferUpgradeText.original.c"
"FUN_01270110","01270110","0127016a","01bfe468","DAT_01bfe468","undefined4","0x0","decompiled\TransferTab\BuildTransferUpgradeText.original.c"
"FUN_01270110","01270110","0127016f","01bfb258","DAT_01bfb258","undefined4","0x0","decompiled\TransferTab\BuildTransferUpgradeText.original.c"
"FUN_01270110","01270110","0127017b","01bb9b34","DAT_01bb9b34","undefined4","0x3f800000","decompiled\TransferTab\BuildTransferUpgradeText.original.c"
"FUN_01270110","01270110","012701a9","01ae8b74","s_EQUIPSYSTEM_UPGRADE_01ae8b74","string","EQUIPSYSTEM_UPGRADE","decompiled\TransferTab\BuildTransferUpgradeText.original.c"
"FUN_01270110","01270110","0127022d","01bfb258","DAT_01bfb258","undefined4","0x0","decompiled\TransferTab\BuildTransferUpgradeText.original.c"
"FUN_01270110","01270110","01270247","01ae8b74","s_EQUIPSYSTEM_UPGRADE_01ae8b74","string","EQUIPSYSTEM_UPGRADE","decompiled\TransferTab\BuildTransferUpgradeText.original.c"
"FUN_01270110","01270110","0127030a","01ac5dd8","DAT_01ac5dd8","undefined2","0x0","decompiled\TransferTab\BuildTransferUpgradeText.original.c"
"FUN_01270110","01270110","0127031b","01bee890","DAT_01bee890","undefined4","0x0","decompiled\TransferTab\BuildTransferUpgradeText.original.c"
"FUN_01270110","01270110","01270326","01bee88c","DAT_01bee88c","undefined4","0x0","decompiled\TransferTab\BuildTransferUpgradeText.original.c"
"FUN_01270110","01270110","01270385","01bee890","DAT_01bee890","undefined4","0x0","decompiled\TransferTab\BuildTransferUpgradeText.original.c"
"FUN_01270110","01270110","0127038d","01bee88c","DAT_01bee88c","undefined4","0x0","decompiled\TransferTab\BuildTransferUpgradeText.original.c"
"FUN_01270110","01270110","012703bf","ffdff000","ExceptionList","void *","00000000","decompiled\TransferTab\BuildTransferUpgradeText.original.c"
"FUN_012703e0","012703e0","012703ea","ffdff000","ExceptionList","void *","00000000","decompiled\TransferTab\BuildTransferResultEffect.original.c"
"FUN_012703e0","012703e0","012703f4","01bbb1c0","DAT_01bbb1c0","undefined4","-0x44bf19b2","decompiled\TransferTab\BuildTransferResultEffect.original.c"
"FUN_012703e0","012703e0","012703ff","ffdff000","ExceptionList","void *","00000000","decompiled\TransferTab\BuildTransferResultEffect.original.c"
"FUN_012703e0","012703e0","01270463","01ae8b4c","s_EquipSystem\Upgrade_Progress_Eff_01ae8b4c","string","EquipSystem\Upgrade_Progress_Effect.dds","decompiled\TransferTab\BuildTransferResultEffect.original.c"
"FUN_012703e0","012703e0","01270472","01bee890","DAT_01bee890","undefined4","0x0","decompiled\TransferTab\BuildTransferResultEffect.original.c"
"FUN_012703e0","012703e0","0127047a","01bee88c","DAT_01bee88c","undefined4","0x0","decompiled\TransferTab\BuildTransferResultEffect.original.c"
"FUN_012703e0","012703e0","01270525","01ae4608","s_EquipSystem\Upgrade_Success_Effe_01ae4608","string","EquipSystem\Upgrade_Success_Effect.dds","decompiled\TransferTab\BuildTransferResultEffect.original.c"
"FUN_012703e0","012703e0","01270534","01bee890","DAT_01bee890","undefined4","0x0","decompiled\TransferTab\BuildTransferResultEffect.original.c"
"FUN_012703e0","012703e0","0127053c","01bee88c","DAT_01bee88c","undefined4","0x0","decompiled\TransferTab\BuildTransferResultEffect.original.c"
"FUN_012703e0","012703e0","012705e7","01ae8bac","s_EquipSystem\Upgrade_Destroy_Effe_01ae8bac","string","EquipSystem\Upgrade_Destroy_Effect.dds","decompiled\TransferTab\BuildTransferResultEffect.original.c"
"FUN_012703e0","012703e0","012705f6","01bee890","DAT_01bee890","undefined4","0x0","decompiled\TransferTab\BuildTransferResultEffect.original.c"
"FUN_012703e0","012703e0","012705fe","01bee88c","DAT_01bee88c","undefined4","0x0","decompiled\TransferTab\BuildTransferResultEffect.original.c"
"FUN_012703e0","012703e0","01270650","ffdff000","ExceptionList","void *","00000000","decompiled\TransferTab\BuildTransferResultEffect.original.c"
"FUN_01270660","01270660","0127066a","ffdff000","ExceptionList","void *","00000000","decompiled\TransferTab\BuildTransferConnectionLines.original.c"
"FUN_01270660","01270660","01270674","01bbb1c0","DAT_01bbb1c0","undefined4","-0x44bf19b2","decompiled\TransferTab\BuildTransferConnectionLines.original.c"
"FUN_01270660","01270660","0127067f","ffdff000","ExceptionList","void *","00000000","decompiled\TransferTab\BuildTransferConnectionLines.original.c"
"FUN_01270660","01270660","0127071d","01ae8aac","s_Item_Make\Make_ani_gauge_pixel.t_01ae8aac","string","Item_Make\Make_ani_gauge_pixel.tga","decompiled\TransferTab\BuildTransferConnectionLines.original.c"
"FUN_01270660","01270660","0127072d","01ae8b88","s_EquipSystem\Upgrade_Empty_Line.t_01ae8b88","string","EquipSystem\Upgrade_Empty_Line.tga","decompiled\TransferTab\BuildTransferConnectionLines.original.c"
"FUN_01270660","01270660","01270773","019ec8ec","PTR_fmaxf_019ec8ec","pointer","76b78a90","decompiled\TransferTab\BuildTransferConnectionLines.original.c"
"FUN_01270660","01270660","0127086e","01ae8aac","s_Item_Make\Make_ani_gauge_pixel.t_01ae8aac","string","Item_Make\Make_ani_gauge_pixel.tga","decompiled\TransferTab\BuildTransferConnectionLines.original.c"
"FUN_01270660","01270660","0127087e","01ae8b88","s_EquipSystem\Upgrade_Empty_Line.t_01ae8b88","string","EquipSystem\Upgrade_Empty_Line.tga","decompiled\TransferTab\BuildTransferConnectionLines.original.c"
"FUN_01270660","01270660","012708c4","019ec8ec","PTR_fmaxf_019ec8ec","pointer","76b78a90","decompiled\TransferTab\BuildTransferConnectionLines.original.c"
"FUN_01270660","01270660","01270936","01ae8bec","s_EquipSystem\Upgrade_Line_horizon_01ae8bec","string","EquipSystem\Upgrade_Line_horizontal.tga","decompiled\TransferTab\BuildTransferConnectionLines.original.c"
"FUN_01270660","01270660","0127094f","01ae8bec","s_EquipSystem\Upgrade_Line_horizon_01ae8bec","string","EquipSystem\Upgrade_Line_horizontal.tga","decompiled\TransferTab\BuildTransferConnectionLines.original.c"
"FUN_01270660","01270660","0127095e","ffdff000","ExceptionList","void *","00000000","decompiled\TransferTab\BuildTransferConnectionLines.original.c"
"FUN_01270b90","01270b90","01270b9a","ffdff000","ExceptionList","void *","00000000","decompiled\TransferTab\ResetTransferSlotTexture.original.c"
"FUN_01270b90","01270b90","01270ba4","01bbb1c0","DAT_01bbb1c0","undefined4","-0x44bf19b2","decompiled\TransferTab\ResetTransferSlotTexture.original.c"
"FUN_01270b90","01270b90","01270bb3","ffdff000","ExceptionList","void *","00000000","decompiled\TransferTab\ResetTransferSlotTexture.original.c"
"FUN_01270b90","01270b90","01270bcb","01ac5dd8","DAT_01ac5dd8","undefined2","0x0","decompiled\TransferTab\ResetTransferSlotTexture.original.c"
"FUN_01270b90","01270b90","01270be1","01ae2c40","s_EquipSystem\Upgrade_Slot.tga_01ae2c40","string","EquipSystem\Upgrade_Slot.tga","decompiled\TransferTab\ResetTransferSlotTexture.original.c"
"FUN_01270b90","01270b90","01270c3e","01ac5dd8","DAT_01ac5dd8","undefined2","0x0","decompiled\TransferTab\ResetTransferSlotTexture.original.c"
"FUN_01270b90","01270b90","01270c64","01ace96c","u_%d/%d_01ace96c","unicode","%d/%d","decompiled\TransferTab\ResetTransferSlotTexture.original.c"
"FUN_01270b90","01270b90","01270cab","01ac5dd8","DAT_01ac5dd8","undefined2","0x0","decompiled\TransferTab\ResetTransferSlotTexture.original.c"
"FUN_01270b90","01270b90","01270ce9","01ac5dd8","DAT_01ac5dd8","undefined2","0x0","decompiled\TransferTab\ResetTransferSlotTexture.original.c"
"FUN_01270b90","01270b90","01270d38","01ac5dd8","DAT_01ac5dd8","undefined2","0x0","decompiled\TransferTab\ResetTransferSlotTexture.original.c"
"FUN_01270b90","01270b90","01270d5d","01ac5dd8","DAT_01ac5dd8","undefined2","0x0","decompiled\TransferTab\ResetTransferSlotTexture.original.c"
"FUN_01270b90","01270b90","01270d71","01ac5dd8","DAT_01ac5dd8","undefined2","0x0","decompiled\TransferTab\ResetTransferSlotTexture.original.c"
"FUN_01270b90","01270b90","01270d96","ffdff000","ExceptionList","void *","00000000","decompiled\TransferTab\ResetTransferSlotTexture.original.c"
"FUN_01271060","01271060","012710bb","01ae8d0c","s_DATA_TRANSFER_CONFLICT_01ae8d0c","string","DATA_TRANSFER_CONFLICT","decompiled\TransferTab\HandleTransferResultMessage.original.c"
"FUN_01271060","01271060","012710d8","01bfb2a0","DAT_01bfb2a0","undefined4","0x0","decompiled\TransferTab\HandleTransferResultMessage.original.c"
"FUN_01271060","01271060","012710e3","01ae4630","s_game\Upgrade_Fail.wav_01ae4630","string","game\Upgrade_Fail.wav","decompiled\TransferTab\HandleTransferResultMessage.original.c"
"FUN_01271060","01271060","0127112a","01ae8d24","s_DATA_TRANSFER_SUCCESS_01ae8d24","string","DATA_TRANSFER_SUCCESS","decompiled\TransferTab\HandleTransferResultMessage.original.c"
"FUN_01271060","01271060","01271147","01bfb2a0","DAT_01bfb2a0","undefined4","0x0","decompiled\TransferTab\HandleTransferResultMessage.original.c"
"FUN_01271060","01271060","01271152","01ae4648","s_game\Upgrade_Success.wav_01ae4648","string","game\Upgrade_Success.wav","decompiled\TransferTab\HandleTransferResultMessage.original.c"
"FUN_012713a0","012713a0","012713aa","ffdff000","ExceptionList","void *","00000000","decompiled\TransferTab\ApplyTransferSlotVisual.original.c"
"FUN_012713a0","012713a0","012713b4","01bbb1c0","DAT_01bbb1c0","undefined4","-0x44bf19b2","decompiled\TransferTab\ApplyTransferSlotVisual.original.c"
"FUN_012713a0","012713a0","012713c3","ffdff000","ExceptionList","void *","00000000","decompiled\TransferTab\ApplyTransferSlotVisual.original.c"
"FUN_012713a0","012713a0","01271426","01ac5dd8","DAT_01ac5dd8","undefined2","0x0","decompiled\TransferTab\ApplyTransferSlotVisual.original.c"
"FUN_012713a0","012713a0","0127144f","01ac5dd8","DAT_01ac5dd8","undefined2","0x0","decompiled\TransferTab\ApplyTransferSlotVisual.original.c"
"FUN_012713a0","012713a0","01271471","01ac5dd8","DAT_01ac5dd8","undefined2","0x0","decompiled\TransferTab\ApplyTransferSlotVisual.original.c"
"FUN_012713a0","012713a0","01271487","01ae2c40","s_EquipSystem\Upgrade_Slot.tga_01ae2c40","string","EquipSystem\Upgrade_Slot.tga","decompiled\TransferTab\ApplyTransferSlotVisual.original.c"
"FUN_012713a0","012713a0","012714e4","01ac5dd8","DAT_01ac5dd8","undefined2","0x0","decompiled\TransferTab\ApplyTransferSlotVisual.original.c"
"FUN_012713a0","012713a0","0127150a","01ace96c","u_%d/%d_01ace96c","unicode","%d/%d","decompiled\TransferTab\ApplyTransferSlotVisual.original.c"
"FUN_012713a0","012713a0","0127154d","01ac5dd8","DAT_01ac5dd8","undefined2","0x0","decompiled\TransferTab\ApplyTransferSlotVisual.original.c"
"FUN_012713a0","012713a0","01271561","01ac5dd8","DAT_01ac5dd8","undefined2","0x0","decompiled\TransferTab\ApplyTransferSlotVisual.original.c"
"FUN_012713a0","012713a0","01271586","ffdff000","ExceptionList","void *","00000000","decompiled\TransferTab\ApplyTransferSlotVisual.original.c"
"FUN_01271aa0","01271aa0","01271b93","01bfb2a0","DAT_01bfb2a0","undefined4","0x0","decompiled\TransferTab\PlayTransferProcessSound.original.c"
"FUN_01271aa0","01271aa0","01271b9e","01ae8c14","s_game\Upgrade_Process.wav_01ae8c14","string","game\Upgrade_Process.wav","decompiled\TransferTab\PlayTransferProcessSound.original.c"
"FUN_01271e80","01271e80","01271e8a","ffdff000","ExceptionList","void *","00000000","decompiled\StrengthenTab\CreateStrengthenTabPanel.original.c"
"FUN_01271e80","01271e80","01271e96","01bbb1c0","DAT_01bbb1c0","undefined4","-0x44bf19b2","decompiled\StrengthenTab\CreateStrengthenTabPanel.original.c"
"FUN_01271e80","01271e80","01271ea1","ffdff000","ExceptionList","void *","00000000","decompiled\StrengthenTab\CreateStrengthenTabPanel.original.c"
"FUN_01271e80","01271e80","01271ef5","01bee88c","DAT_01bee88c","undefined4","0x0","decompiled\StrengthenTab\CreateStrengthenTabPanel.original.c"
"FUN_01271e80","01271e80","01271efa","01bee890","DAT_01bee890","undefined4","0x0","decompiled\StrengthenTab\CreateStrengthenTabPanel.original.c"
"FUN_01271e80","01271e80","01272101","ffdff000","ExceptionList","void *","00000000","decompiled\StrengthenTab\CreateStrengthenTabPanel.original.c"
"FUN_01272200","01272200","01272206","01bfe470","DAT_01bfe470","undefined4","0x0","decompiled\StrengthenTab\InitializeStrengthenTabPanel.original.c"
"FUN_01272360","01272360","0127236a","ffdff000","ExceptionList","void *","00000000","decompiled\StrengthenTab\BuildStrengthenTabLayout.original.c"
"FUN_01272360","01272360","01272374","01bbb1c0","DAT_01bbb1c0","undefined4","-0x44bf19b2","decompiled\StrengthenTab\BuildStrengthenTabLayout.original.c"
"FUN_01272360","01272360","01272384","ffdff000","ExceptionList","void *","00000000","decompiled\StrengthenTab\BuildStrengthenTabLayout.original.c"
"FUN_01272360","01272360","012723a3","01272808","switchD_012723a3::switchdataD_01272808","pointer","0127252e","decompiled\StrengthenTab\BuildStrengthenTabLayout.original.c"
"FUN_01272360","01272360","01272420","019ec93c","PTR__errno_019ec93c","pointer","76aefcd0","decompiled\StrengthenTab\BuildStrengthenTabLayout.original.c"
"FUN_01272360","01272360","0127242c","019ec940","PTR__invalid_parameter_noinfo_019ec940","pointer","76b5c530","decompiled\StrengthenTab\BuildStrengthenTabLayout.original.c"
"FUN_01272360","01272360","0127247e","019ec93c","PTR__errno_019ec93c","pointer","76aefcd0","decompiled\StrengthenTab\BuildStrengthenTabLayout.original.c"
"FUN_01272360","01272360","0127248a","019ec940","PTR__invalid_parameter_noinfo_019ec940","pointer","76b5c530","decompiled\StrengthenTab\BuildStrengthenTabLayout.original.c"
"FUN_01272360","01272360","012724f4","019ec93c","PTR__errno_019ec93c","pointer","76aefcd0","decompiled\StrengthenTab\BuildStrengthenTabLayout.original.c"
"FUN_01272360","01272360","01272500","019ec940","PTR__invalid_parameter_noinfo_019ec940","pointer","76b5c530","decompiled\StrengthenTab\BuildStrengthenTabLayout.original.c"
"FUN_01272360","01272360","012725a6","019ec93c","PTR__errno_019ec93c","pointer","76aefcd0","decompiled\StrengthenTab\BuildStrengthenTabLayout.original.c"
"FUN_01272360","01272360","012725b2","019ec940","PTR__invalid_parameter_noinfo_019ec940","pointer","76b5c530","decompiled\StrengthenTab\BuildStrengthenTabLayout.original.c"
"FUN_01272360","01272360","01272601","019ec93c","PTR__errno_019ec93c","pointer","76aefcd0","decompiled\StrengthenTab\BuildStrengthenTabLayout.original.c"
"FUN_01272360","01272360","0127260d","019ec940","PTR__invalid_parameter_noinfo_019ec940","pointer","76b5c530","decompiled\StrengthenTab\BuildStrengthenTabLayout.original.c"
"FUN_01272360","01272360","01272677","019ec93c","PTR__errno_019ec93c","pointer","76aefcd0","decompiled\StrengthenTab\BuildStrengthenTabLayout.original.c"
"FUN_01272360","01272360","01272683","019ec940","PTR__invalid_parameter_noinfo_019ec940","pointer","76b5c530","decompiled\StrengthenTab\BuildStrengthenTabLayout.original.c"
"FUN_01272360","01272360","012726cf","019ec93c","PTR__errno_019ec93c","pointer","76aefcd0","decompiled\StrengthenTab\BuildStrengthenTabLayout.original.c"
"FUN_01272360","01272360","012726db","019ec940","PTR__invalid_parameter_noinfo_019ec940","pointer","76b5c530","decompiled\StrengthenTab\BuildStrengthenTabLayout.original.c"
"FUN_01272360","01272360","012727e4","ffdff000","ExceptionList","void *","00000000","decompiled\StrengthenTab\BuildStrengthenTabLayout.original.c"
"FUN_012742c0","012742c0","012742ca","ffdff000","ExceptionList","void *","00000000","decompiled\StrengthenTab\RefreshStrengthenCostAndMaterials.original.c"
"FUN_012742c0","012742c0","012742d7","01bbb1c0","DAT_01bbb1c0","undefined4","-0x44bf19b2","decompiled\StrengthenTab\RefreshStrengthenCostAndMaterials.original.c"
"FUN_012742c0","012742c0","012742e7","ffdff000","ExceptionList","void *","00000000","decompiled\StrengthenTab\RefreshStrengthenCostAndMaterials.original.c"
"FUN_012742c0","012742c0","01274325","01bfb2b4","DAT_01bfb2b4","undefined4","0x0","decompiled\StrengthenTab\RefreshStrengthenCostAndMaterials.original.c"
"FUN_012742c0","012742c0","012743d2","01ac5dd8","DAT_01ac5dd8","undefined2","0x0","decompiled\StrengthenTab\RefreshStrengthenCostAndMaterials.original.c"
"FUN_012742c0","012742c0","0127440c","01adab20","u_%d.%02d_01adab20","unicode","%d.%02d","decompiled\StrengthenTab\RefreshStrengthenCostAndMaterials.original.c"
"FUN_012742c0","012742c0","01274534","01ac5dd8","DAT_01ac5dd8","undefined2","0x0","decompiled\StrengthenTab\RefreshStrengthenCostAndMaterials.original.c"
"FUN_012742c0","012742c0","012746c1","01ac5dd8","DAT_01ac5dd8","undefined2","0x0","decompiled\StrengthenTab\RefreshStrengthenCostAndMaterials.original.c"
"FUN_012742c0","012742c0","012746fb","01ace96c","u_%d/%d_01ace96c","unicode","%d/%d","decompiled\StrengthenTab\RefreshStrengthenCostAndMaterials.original.c"
"FUN_012742c0","012742c0","0127480c","01ac5dd8","DAT_01ac5dd8","undefined2","0x0","decompiled\StrengthenTab\RefreshStrengthenCostAndMaterials.original.c"
"FUN_012742c0","012742c0","0127483a","01adab20","u_%d.%02d_01adab20","unicode","%d.%02d","decompiled\StrengthenTab\RefreshStrengthenCostAndMaterials.original.c"
"FUN_012742c0","012742c0","012749e0","01bfb2b4","DAT_01bfb2b4","undefined4","0x0","decompiled\StrengthenTab\RefreshStrengthenCostAndMaterials.original.c"
"FUN_012742c0","012742c0","01274a83","01ac5dd8","DAT_01ac5dd8","undefined2","0x0","decompiled\StrengthenTab\RefreshStrengthenCostAndMaterials.original.c"
"FUN_012742c0","012742c0","01274aa1","01ace96c","u_%d/%d_01ace96c","unicode","%d/%d","decompiled\StrengthenTab\RefreshStrengthenCostAndMaterials.original.c"
"FUN_012742c0","012742c0","01274adf","01b02768","DAT_01b02768","undefined4","0x3f800000","decompiled\StrengthenTab\RefreshStrengthenCostAndMaterials.original.c"
"FUN_012742c0","012742c0","01274b0e","01b025d4","DAT_01b025d4","undefined4","0x3ea8a8a9","decompiled\StrengthenTab\RefreshStrengthenCostAndMaterials.original.c"
"FUN_012742c0","012742c0","01274b18","01b026e0","DAT_01b026e0","undefined4","0x3f570a3d","decompiled\StrengthenTab\RefreshStrengthenCostAndMaterials.original.c"
"FUN_012742c0","012742c0","01274bd4","01bfb258","DAT_01bfb258","undefined4","0x0","decompiled\StrengthenTab\RefreshStrengthenCostAndMaterials.original.c"
"FUN_012742c0","012742c0","01274be7","01ae8b74","s_EQUIPSYSTEM_UPGRADE_01ae8b74","string","EQUIPSYSTEM_UPGRADE","decompiled\StrengthenTab\RefreshStrengthenCostAndMaterials.original.c"
"FUN_012742c0","012742c0","01274c69","01ac5dd8","DAT_01ac5dd8","undefined2","0x0","decompiled\StrengthenTab\RefreshStrengthenCostAndMaterials.original.c"
"FUN_012742c0","012742c0","01274cf2","01bfb258","DAT_01bfb258","undefined4","0x0","decompiled\StrengthenTab\RefreshStrengthenCostAndMaterials.original.c"
"FUN_012742c0","012742c0","01274d05","01ae8b74","s_EQUIPSYSTEM_UPGRADE_01ae8b74","string","EQUIPSYSTEM_UPGRADE","decompiled\StrengthenTab\RefreshStrengthenCostAndMaterials.original.c"
"FUN_012742c0","012742c0","01274d87","01ac5dd8","DAT_01ac5dd8","undefined2","0x0","decompiled\StrengthenTab\RefreshStrengthenCostAndMaterials.original.c"
"FUN_012742c0","012742c0","01274e5c","01bfb8c4","DAT_01bfb8c4","undefined4","0x0","decompiled\StrengthenTab\RefreshStrengthenCostAndMaterials.original.c"
"FUN_012742c0","012742c0","01274eba","01bfb8c4","DAT_01bfb8c4","undefined4","0x0","decompiled\StrengthenTab\RefreshStrengthenCostAndMaterials.original.c"
"FUN_012742c0","012742c0","01274f64","ffdff000","ExceptionList","void *","00000000","decompiled\StrengthenTab\RefreshStrengthenCostAndMaterials.original.c"
"FUN_01275b40","01275b40","01275b4a","ffdff000","ExceptionList","void *","00000000","decompiled\StrengthenTab\BuildStrengthenUpgradeText.original.c"
"FUN_01275b40","01275b40","01275b54","01bbb1c0","DAT_01bbb1c0","undefined4","-0x44bf19b2","decompiled\StrengthenTab\BuildStrengthenUpgradeText.original.c"
"FUN_01275b40","01275b40","01275b64","ffdff000","ExceptionList","void *","00000000","decompiled\StrengthenTab\BuildStrengthenUpgradeText.original.c"
"FUN_01275b40","01275b40","01275b93","01bb9b2c","DAT_01bb9b2c","undefined8","0x3f8000003f800000","decompiled\StrengthenTab\BuildStrengthenUpgradeText.original.c"
"FUN_01275b40","01275b40","01275b9d","01bfe468","DAT_01bfe468","undefined4","0x0","decompiled\StrengthenTab\BuildStrengthenUpgradeText.original.c"
"FUN_01275b40","01275b40","01275ba2","01bfb258","DAT_01bfb258","undefined4","0x0","decompiled\StrengthenTab\BuildStrengthenUpgradeText.original.c"
"FUN_01275b40","01275b40","01275bae","01bb9b34","DAT_01bb9b34","undefined4","0x3f800000","decompiled\StrengthenTab\BuildStrengthenUpgradeText.original.c"
"FUN_01275b40","01275b40","01275bdc","01ae8b74","s_EQUIPSYSTEM_UPGRADE_01ae8b74","string","EQUIPSYSTEM_UPGRADE","decompiled\StrengthenTab\BuildStrengthenUpgradeText.original.c"
"FUN_01275b40","01275b40","01275c5f","01bfb258","DAT_01bfb258","undefined4","0x0","decompiled\StrengthenTab\BuildStrengthenUpgradeText.original.c"
"FUN_01275b40","01275b40","01275c79","01ae8b74","s_EQUIPSYSTEM_UPGRADE_01ae8b74","string","EQUIPSYSTEM_UPGRADE","decompiled\StrengthenTab\BuildStrengthenUpgradeText.original.c"
"FUN_01275b40","01275b40","01275d41","01ac5dd8","DAT_01ac5dd8","undefined2","0x0","decompiled\StrengthenTab\BuildStrengthenUpgradeText.original.c"
"FUN_01275b40","01275b40","01275d52","01bee890","DAT_01bee890","undefined4","0x0","decompiled\StrengthenTab\BuildStrengthenUpgradeText.original.c"
"FUN_01275b40","01275b40","01275d5d","01bee88c","DAT_01bee88c","undefined4","0x0","decompiled\StrengthenTab\BuildStrengthenUpgradeText.original.c"
"FUN_01275b40","01275b40","01275dc3","01bee890","DAT_01bee890","undefined4","0x0","decompiled\StrengthenTab\BuildStrengthenUpgradeText.original.c"
"FUN_01275b40","01275b40","01275dcb","01bee88c","DAT_01bee88c","undefined4","0x0","decompiled\StrengthenTab\BuildStrengthenUpgradeText.original.c"
"FUN_01275b40","01275b40","01275e0b","ffdff000","ExceptionList","void *","00000000","decompiled\StrengthenTab\BuildStrengthenUpgradeText.original.c"
"FUN_01275e30","01275e30","01275e3a","ffdff000","ExceptionList","void *","00000000","decompiled\StrengthenTab\BuildStrengthenResultEffect.original.c"
"FUN_01275e30","01275e30","01275e44","01bbb1c0","DAT_01bbb1c0","undefined4","-0x44bf19b2","decompiled\StrengthenTab\BuildStrengthenResultEffect.original.c"
"FUN_01275e30","01275e30","01275e4f","ffdff000","ExceptionList","void *","00000000","decompiled\StrengthenTab\BuildStrengthenResultEffect.original.c"
"FUN_01275e30","01275e30","01275eb3","01ae8b4c","s_EquipSystem\Upgrade_Progress_Eff_01ae8b4c","string","EquipSystem\Upgrade_Progress_Effect.dds","decompiled\StrengthenTab\BuildStrengthenResultEffect.original.c"
"FUN_01275e30","01275e30","01275ec2","01bee890","DAT_01bee890","undefined4","0x0","decompiled\StrengthenTab\BuildStrengthenResultEffect.original.c"
"FUN_01275e30","01275e30","01275eca","01bee88c","DAT_01bee88c","undefined4","0x0","decompiled\StrengthenTab\BuildStrengthenResultEffect.original.c"
"FUN_01275e30","01275e30","01275f75","01ae4608","s_EquipSystem\Upgrade_Success_Effe_01ae4608","string","EquipSystem\Upgrade_Success_Effect.dds","decompiled\StrengthenTab\BuildStrengthenResultEffect.original.c"
"FUN_01275e30","01275e30","01275f84","01bee890","DAT_01bee890","undefined4","0x0","decompiled\StrengthenTab\BuildStrengthenResultEffect.original.c"
"FUN_01275e30","01275e30","01275f8c","01bee88c","DAT_01bee88c","undefined4","0x0","decompiled\StrengthenTab\BuildStrengthenResultEffect.original.c"
"FUN_01275e30","01275e30","01276022","01ae45e4","s_EquipSystem\Upgrade_Fail_Effect._01ae45e4","string","EquipSystem\Upgrade_Fail_Effect.dds","decompiled\StrengthenTab\BuildStrengthenResultEffect.original.c"
"FUN_01275e30","01275e30","01276031","01bee890","DAT_01bee890","undefined4","0x0","decompiled\StrengthenTab\BuildStrengthenResultEffect.original.c"
"FUN_01275e30","01275e30","01276039","01bee88c","DAT_01bee88c","undefined4","0x0","decompiled\StrengthenTab\BuildStrengthenResultEffect.original.c"
"FUN_01275e30","01275e30","012760cf","01ae8bac","s_EquipSystem\Upgrade_Destroy_Effe_01ae8bac","string","EquipSystem\Upgrade_Destroy_Effect.dds","decompiled\StrengthenTab\BuildStrengthenResultEffect.original.c"
"FUN_01275e30","01275e30","012760de","01bee890","DAT_01bee890","undefined4","0x0","decompiled\StrengthenTab\BuildStrengthenResultEffect.original.c"
"FUN_01275e30","01275e30","012760e6","01bee88c","DAT_01bee88c","undefined4","0x0","decompiled\StrengthenTab\BuildStrengthenResultEffect.original.c"
"FUN_01275e30","01275e30","01276123","ffdff000","ExceptionList","void *","00000000","decompiled\StrengthenTab\BuildStrengthenResultEffect.original.c"
"FUN_01276140","01276140","0127614a","ffdff000","ExceptionList","void *","00000000","decompiled\StrengthenTab\BuildStrengthenSlotNetwork.original.c"
"FUN_01276140","01276140","01276154","01bbb1c0","DAT_01bbb1c0","undefined4","-0x44bf19b2","decompiled\StrengthenTab\BuildStrengthenSlotNetwork.original.c"
"FUN_01276140","01276140","0127615f","ffdff000","ExceptionList","void *","00000000","decompiled\StrengthenTab\BuildStrengthenSlotNetwork.original.c"
"FUN_01276140","01276140","01276200","01ae8aac","s_Item_Make\Make_ani_gauge_pixel.t_01ae8aac","string","Item_Make\Make_ani_gauge_pixel.tga","decompiled\StrengthenTab\BuildStrengthenSlotNetwork.original.c"
"FUN_01276140","01276140","01276210","01ae8b88","s_EquipSystem\Upgrade_Empty_Line.t_01ae8b88","string","EquipSystem\Upgrade_Empty_Line.tga","decompiled\StrengthenTab\BuildStrengthenSlotNetwork.original.c"
"FUN_01276140","01276140","01276256","019ec8ec","PTR_fmaxf_019ec8ec","pointer","76b78a90","decompiled\StrengthenTab\BuildStrengthenSlotNetwork.original.c"
"FUN_01276140","01276140","01276354","01ae8aac","s_Item_Make\Make_ani_gauge_pixel.t_01ae8aac","string","Item_Make\Make_ani_gauge_pixel.tga","decompiled\StrengthenTab\BuildStrengthenSlotNetwork.original.c"
"FUN_01276140","01276140","01276364","01ae8b88","s_EquipSystem\Upgrade_Empty_Line.t_01ae8b88","string","EquipSystem\Upgrade_Empty_Line.tga","decompiled\StrengthenTab\BuildStrengthenSlotNetwork.original.c"
"FUN_01276140","01276140","012763aa","019ec8ec","PTR_fmaxf_019ec8ec","pointer","76b78a90","decompiled\StrengthenTab\BuildStrengthenSlotNetwork.original.c"
"FUN_01276140","01276140","012764b8","01ae8aac","s_Item_Make\Make_ani_gauge_pixel.t_01ae8aac","string","Item_Make\Make_ani_gauge_pixel.tga","decompiled\StrengthenTab\BuildStrengthenSlotNetwork.original.c"
"FUN_01276140","01276140","012764c8","01ae8b88","s_EquipSystem\Upgrade_Empty_Line.t_01ae8b88","string","EquipSystem\Upgrade_Empty_Line.tga","decompiled\StrengthenTab\BuildStrengthenSlotNetwork.original.c"
"FUN_01276140","01276140","0127650e","019ec8ec","PTR_fmaxf_019ec8ec","pointer","76b78a90","decompiled\StrengthenTab\BuildStrengthenSlotNetwork.original.c"
"FUN_01276140","01276140","0127660c","01ae8aac","s_Item_Make\Make_ani_gauge_pixel.t_01ae8aac","string","Item_Make\Make_ani_gauge_pixel.tga","decompiled\StrengthenTab\BuildStrengthenSlotNetwork.original.c"
"FUN_01276140","01276140","0127661c","01ae8b88","s_EquipSystem\Upgrade_Empty_Line.t_01ae8b88","string","EquipSystem\Upgrade_Empty_Line.tga","decompiled\StrengthenTab\BuildStrengthenSlotNetwork.original.c"
"FUN_01276140","01276140","01276662","019ec8ec","PTR_fmaxf_019ec8ec","pointer","76b78a90","decompiled\StrengthenTab\BuildStrengthenSlotNetwork.original.c"
"FUN_01276140","01276140","01276770","01ae8aac","s_Item_Make\Make_ani_gauge_pixel.t_01ae8aac","string","Item_Make\Make_ani_gauge_pixel.tga","decompiled\StrengthenTab\BuildStrengthenSlotNetwork.original.c"
"FUN_01276140","01276140","01276780","01ae8b88","s_EquipSystem\Upgrade_Empty_Line.t_01ae8b88","string","EquipSystem\Upgrade_Empty_Line.tga","decompiled\StrengthenTab\BuildStrengthenSlotNetwork.original.c"
"FUN_01276140","01276140","012767c6","019ec8ec","PTR_fmaxf_019ec8ec","pointer","76b78a90","decompiled\StrengthenTab\BuildStrengthenSlotNetwork.original.c"
"FUN_01276140","01276140","0127684b","01ae8bec","s_EquipSystem\Upgrade_Line_horizon_01ae8bec","string","EquipSystem\Upgrade_Line_horizontal.tga","decompiled\StrengthenTab\BuildStrengthenSlotNetwork.original.c"
"FUN_01276140","01276140","01276867","01ae8bec","s_EquipSystem\Upgrade_Line_horizon_01ae8bec","string","EquipSystem\Upgrade_Line_horizontal.tga","decompiled\StrengthenTab\BuildStrengthenSlotNetwork.original.c"
"FUN_01276140","01276140","01276883","01ae8bec","s_EquipSystem\Upgrade_Line_horizon_01ae8bec","string","EquipSystem\Upgrade_Line_horizontal.tga","decompiled\StrengthenTab\BuildStrengthenSlotNetwork.original.c"
"FUN_01276140","01276140","0127689f","01ae8bec","s_EquipSystem\Upgrade_Line_horizon_01ae8bec","string","EquipSystem\Upgrade_Line_horizontal.tga","decompiled\StrengthenTab\BuildStrengthenSlotNetwork.original.c"
"FUN_01276140","01276140","012768bb","01ae8dc4","s_EquipSystem\Upgrade_Line_vertica_01ae8dc4","string","EquipSystem\Upgrade_Line_vertical.tga","decompiled\StrengthenTab\BuildStrengthenSlotNetwork.original.c"
"FUN_01276140","01276140","012768ca","ffdff000","ExceptionList","void *","00000000","decompiled\StrengthenTab\BuildStrengthenSlotNetwork.original.c"
"FUN_012768e0","012768e0","012769d3","01bfb2a0","DAT_01bfb2a0","undefined4","0x0","decompiled\StrengthenTab\PlayStrengthenProcessSound.original.c"
"FUN_012768e0","012768e0","012769de","01ae8c14","s_game\Upgrade_Process.wav_01ae8c14","string","game\Upgrade_Process.wav","decompiled\StrengthenTab\PlayStrengthenProcessSound.original.c"
"FUN_01276a00","01276a00","01276a0a","ffdff000","ExceptionList","void *","00000000","decompiled\StrengthenTab\ResolveStrengthenMaterialCost.original.c"
"FUN_01276a00","01276a00","01276a14","01bbb1c0","DAT_01bbb1c0","undefined4","-0x44bf19b2","decompiled\StrengthenTab\ResolveStrengthenMaterialCost.original.c"
"FUN_01276a00","01276a00","01276a25","ffdff000","ExceptionList","void *","00000000","decompiled\StrengthenTab\ResolveStrengthenMaterialCost.original.c"
"FUN_01276a00","01276a00","01276a69","01bfb2b4","DAT_01bfb2b4","undefined4","0x0","decompiled\StrengthenTab\ResolveStrengthenMaterialCost.original.c"
"FUN_01276a00","01276a00","01276be3","01bfb2b4","DAT_01bfb2b4","undefined4","0x0","decompiled\StrengthenTab\ResolveStrengthenMaterialCost.original.c"
"FUN_01276a00","01276a00","01276bf2","01bfe460","DAT_01bfe460","undefined4","0x0","decompiled\StrengthenTab\ResolveStrengthenMaterialCost.original.c"
"FUN_01276a00","01276a00","01276c50","01bfe460","DAT_01bfe460","undefined4","0x0","decompiled\StrengthenTab\ResolveStrengthenMaterialCost.original.c"
"FUN_01276a00","01276a00","01276c55","01ac6564","DAT_01ac6564","undefined4","0xf322b0","decompiled\StrengthenTab\ResolveStrengthenMaterialCost.original.c"
"FUN_01276a00","01276a00","01276c90","ffdff000","ExceptionList","void *","00000000","decompiled\StrengthenTab\ResolveStrengthenMaterialCost.original.c"
"FUN_01276eb0","01276eb0","01276ecd","ffdff000","ExceptionList","void *","00000000","decompiled\StrengthenTab\ResetStrengthenSlotTexture.original.c"
"FUN_01276eb0","01276eb0","01276ed8","01bbb1c0","DAT_01bbb1c0","undefined4","-0x44bf19b2","decompiled\StrengthenTab\ResetStrengthenSlotTexture.original.c"
"FUN_01276eb0","01276eb0","01276ee8","ffdff000","ExceptionList","void *","00000000","decompiled\StrengthenTab\ResetStrengthenSlotTexture.original.c"
"FUN_01276eb0","01276eb0","01276f0d","01ac5dd8","DAT_01ac5dd8","undefined2","0x0","decompiled\StrengthenTab\ResetStrengthenSlotTexture.original.c"
"FUN_01276eb0","01276eb0","01276f1f","01ae2c40","s_EquipSystem\Upgrade_Slot.tga_01ae2c40","string","EquipSystem\Upgrade_Slot.tga","decompiled\StrengthenTab\ResetStrengthenSlotTexture.original.c"
"FUN_01276eb0","01276eb0","01276f6f","01ac5dd8","DAT_01ac5dd8","undefined2","0x0","decompiled\StrengthenTab\ResetStrengthenSlotTexture.original.c"
"FUN_01276eb0","01276eb0","01276f95","01ace96c","u_%d/%d_01ace96c","unicode","%d/%d","decompiled\StrengthenTab\ResetStrengthenSlotTexture.original.c"
"FUN_01276eb0","01276eb0","01276ff0","01ac5dd8","DAT_01ac5dd8","undefined2","0x0","decompiled\StrengthenTab\ResetStrengthenSlotTexture.original.c"
"FUN_01276eb0","01276eb0","0127704b","01ac5dd8","DAT_01ac5dd8","undefined2","0x0","decompiled\StrengthenTab\ResetStrengthenSlotTexture.original.c"
"FUN_01276eb0","01276eb0","01277080","01ac5dd8","DAT_01ac5dd8","undefined2","0x0","decompiled\StrengthenTab\ResetStrengthenSlotTexture.original.c"
"FUN_01276eb0","01276eb0","01277097","01ac5dd8","DAT_01ac5dd8","undefined2","0x0","decompiled\StrengthenTab\ResetStrengthenSlotTexture.original.c"
"FUN_01276eb0","01276eb0","012770cc","01ac5dd8","DAT_01ac5dd8","undefined2","0x0","decompiled\StrengthenTab\ResetStrengthenSlotTexture.original.c"
"FUN_01276eb0","01276eb0","012770e0","01ac5dd8","DAT_01ac5dd8","undefined2","0x0","decompiled\StrengthenTab\ResetStrengthenSlotTexture.original.c"
"FUN_01276eb0","01276eb0","012770f4","01ac5dd8","DAT_01ac5dd8","undefined2","0x0","decompiled\StrengthenTab\ResetStrengthenSlotTexture.original.c"
"FUN_01276eb0","01276eb0","01277119","ffdff000","ExceptionList","void *","00000000","decompiled\StrengthenTab\ResetStrengthenSlotTexture.original.c"
"FUN_01277870","01277870","01277886","01277a44","switchD_01277886::switchdataD_01277a44","pointer","0127788d","decompiled\StrengthenTab\HandleStrengthenResultMessage.original.c"
"FUN_01277870","01277870","012778cd","01ae8da8","s_EQUIPSYSTEM_UPGRADE_SUCCESS_01ae8da8","string","EQUIPSYSTEM_UPGRADE_SUCCESS","decompiled\StrengthenTab\HandleStrengthenResultMessage.original.c"
"FUN_01277870","01277870","012778ea","01bfb2a0","DAT_01bfb2a0","undefined4","0x0","decompiled\StrengthenTab\HandleStrengthenResultMessage.original.c"
"FUN_01277870","01277870","012778f9","01ae4648","s_game\Upgrade_Success.wav_01ae4648","string","game\Upgrade_Success.wav","decompiled\StrengthenTab\HandleStrengthenResultMessage.original.c"
"FUN_01277870","01277870","0127793d","01ae8e0c","s_EQUIPSYSTEM_UPGRADE_FAIL_01ae8e0c","string","EQUIPSYSTEM_UPGRADE_FAIL","decompiled\StrengthenTab\HandleStrengthenResultMessage.original.c"
"FUN_01277870","01277870","01277960","01bfb2a0","DAT_01bfb2a0","undefined4","0x0","decompiled\StrengthenTab\HandleStrengthenResultMessage.original.c"
"FUN_01277870","01277870","0127796f","01ae4630","s_game\Upgrade_Fail.wav_01ae4630","string","game\Upgrade_Fail.wav","decompiled\StrengthenTab\HandleStrengthenResultMessage.original.c"
"FUN_01277870","01277870","012779b3","01ae8dec","s_EQUIPSYSTEM_UPGRADE_BACKUPDISK_01ae8dec","string","EQUIPSYSTEM_UPGRADE_BACKUPDISK","decompiled\StrengthenTab\HandleStrengthenResultMessage.original.c"
"FUN_01277870","01277870","012779fa","01ae8e44","s_EQUIPSYSTEM_UPGRADE_DESTROY_01ae8e44","string","EQUIPSYSTEM_UPGRADE_DESTROY","decompiled\StrengthenTab\HandleStrengthenResultMessage.original.c"
"FUN_01277870","01277870","01277a17","01bfb2a0","DAT_01bfb2a0","undefined4","0x0","decompiled\StrengthenTab\HandleStrengthenResultMessage.original.c"
"FUN_01277870","01277870","01277a22","01ae8e28","s_game\Upgrade_Destory.wav_01ae8e28","string","game\Upgrade_Destory.wav","decompiled\StrengthenTab\HandleStrengthenResultMessage.original.c"
"FUN_012787a0","012787a0","012787bd","ffdff000","ExceptionList","void *","00000000","decompiled\StrengthenTab\BindStrengthenButtonHandler.original.c"
"FUN_012787a0","012787a0","012787ca","01bbb1c0","DAT_01bbb1c0","undefined4","-0x44bf19b2","decompiled\StrengthenTab\BindStrengthenButtonHandler.original.c"
"FUN_012787a0","012787a0","012787d5","ffdff000","ExceptionList","void *","00000000","decompiled\StrengthenTab\BindStrengthenButtonHandler.original.c"
"FUN_012787a0","012787a0","01278905","ffdff000","ExceptionList","void *","00000000","decompiled\StrengthenTab\BindStrengthenButtonHandler.original.c"
"FUN_01278990","01278990","01278996","01bfe470","DAT_01bfe470","undefined4","0x0","decompiled\MainWindow\AttachUpgradeViewerToParent.original.c"
"FUN_01278ad0","01278ad0","01278ada","ffdff000","ExceptionList","void *","00000000","decompiled\MainWindow\BuildUpgradeManagementWindow.original.c"
"FUN_01278ad0","01278ad0","01278ae4","01bbb1c0","DAT_01bbb1c0","undefined4","-0x44bf19b2","decompiled\MainWindow\BuildUpgradeManagementWindow.original.c"
"FUN_01278ad0","01278ad0","01278af4","ffdff000","ExceptionList","void *","00000000","decompiled\MainWindow\BuildUpgradeManagementWindow.original.c"
"FUN_01278ad0","01278ad0","01278b0d","01bc07ec","DAT_01bc07ec","undefined4","0x400","decompiled\MainWindow\BuildUpgradeManagementWindow.original.c"
"FUN_01278ad0","01278ad0","01278b25","01bc07f0","DAT_01bc07f0","undefined4","0x300","decompiled\MainWindow\BuildUpgradeManagementWindow.original.c"
"FUN_01278ad0","01278ad0","01278b32","01b0256c","DAT_01b0256c","undefined4","0x3dcccccd","decompiled\MainWindow\BuildUpgradeManagementWindow.original.c"
"FUN_01278ad0","01278ad0","01278b45","01b025f8","DAT_01b025f8","undefined4","0x3ecccccd","decompiled\MainWindow\BuildUpgradeManagementWindow.original.c"
"FUN_01278ad0","01278ad0","01278b5b","01ae8ed4","s_EquipSystem\Recharge_bg.tga_01ae8ed4","string","EquipSystem\Recharge_bg.tga","decompiled\MainWindow\BuildUpgradeManagementWindow.original.c"
"FUN_01278ad0","01278ad0","01278b67","01bfb258","DAT_01bfb258","undefined4","0x0","decompiled\MainWindow\BuildUpgradeManagementWindow.original.c"
"FUN_01278ad0","01278ad0","01278b8f","01ad2990","s_UPGRADESYSTEM_TITLE_01ad2990","string","UPGRADESYSTEM_TITLE","decompiled\MainWindow\BuildUpgradeManagementWindow.original.c"
"FUN_01278ad0","01278ad0","01278c07","01ad3144","s_CommonUI\CommonUI_close.tga_01ad3144","string","CommonUI\CommonUI_close.tga","decompiled\MainWindow\BuildUpgradeManagementWindow.original.c"
"FUN_01278ad0","01278ad0","01278c3e","01ad7890","s_CommonUI\Menu_tap_btn.tga_01ad7890","string","CommonUI\Menu_tap_btn.tga","decompiled\MainWindow\BuildUpgradeManagementWindow.original.c"
"FUN_01278ad0","01278ad0","01278c80","01bb9b2c","DAT_01bb9b2c","undefined8","0x3f8000003f800000","decompiled\MainWindow\BuildUpgradeManagementWindow.original.c"
"FUN_01278ad0","01278ad0","01278c8a","01bfe468","DAT_01bfe468","undefined4","0x0","decompiled\MainWindow\BuildUpgradeManagementWindow.original.c"
"FUN_01278ad0","01278ad0","01278c8f","01bfb258","DAT_01bfb258","undefined4","0x0","decompiled\MainWindow\BuildUpgradeManagementWindow.original.c"
"FUN_01278ad0","01278ad0","01278c9b","01bb9b34","DAT_01bb9b34","undefined4","0x3f800000","decompiled\MainWindow\BuildUpgradeManagementWindow.original.c"
"FUN_01278ad0","01278ad0","01278cc9","01ae8b74","s_EQUIPSYSTEM_UPGRADE_01ae8b74","string","EQUIPSYSTEM_UPGRADE","decompiled\MainWindow\BuildUpgradeManagementWindow.original.c"
"FUN_01278ad0","01278ad0","01278d25","01bee890","DAT_01bee890","undefined4","0x0","decompiled\MainWindow\BuildUpgradeManagementWindow.original.c"
"FUN_01278ad0","01278ad0","01278d34","01bee88c","DAT_01bee88c","undefined4","0x0","decompiled\MainWindow\BuildUpgradeManagementWindow.original.c"
"FUN_01278ad0","01278ad0","01278dda","01ad7890","s_CommonUI\Menu_tap_btn.tga_01ad7890","string","CommonUI\Menu_tap_btn.tga","decompiled\MainWindow\BuildUpgradeManagementWindow.original.c"
"FUN_01278ad0","01278ad0","01278e17","01bb9b2c","DAT_01bb9b2c","undefined8","0x3f8000003f800000","decompiled\MainWindow\BuildUpgradeManagementWindow.original.c"
"FUN_01278ad0","01278ad0","01278e21","01bfe468","DAT_01bfe468","undefined4","0x0","decompiled\MainWindow\BuildUpgradeManagementWindow.original.c"
"FUN_01278ad0","01278ad0","01278e26","01bfb258","DAT_01bfb258","undefined4","0x0","decompiled\MainWindow\BuildUpgradeManagementWindow.original.c"
"FUN_01278ad0","01278ad0","01278e32","01bb9b34","DAT_01bb9b34","undefined4","0x3f800000","decompiled\MainWindow\BuildUpgradeManagementWindow.original.c"
"FUN_01278ad0","01278ad0","01278e60","01ae8f18","s_UPGRADESYSTEM_TAB_UPGRADE_DATA_T_01ae8f18","string","UPGRADESYSTEM_TAB_UPGRADE_DATA_TRANSFER","decompiled\MainWindow\BuildUpgradeManagementWindow.original.c"
"FUN_01278ad0","01278ad0","01278ebb","01bee890","DAT_01bee890","undefined4","0x0","decompiled\MainWindow\BuildUpgradeManagementWindow.original.c"
"FUN_01278ad0","01278ad0","01278ec7","01bee88c","DAT_01bee88c","undefined4","0x0","decompiled\MainWindow\BuildUpgradeManagementWindow.original.c"
"FUN_01278ad0","01278ad0","01278f39","01ad7890","s_CommonUI\Menu_tap_btn.tga_01ad7890","string","CommonUI\Menu_tap_btn.tga","decompiled\MainWindow\BuildUpgradeManagementWindow.original.c"
"FUN_01278ad0","01278ad0","01278f76","01bb9b2c","DAT_01bb9b2c","undefined8","0x3f8000003f800000","decompiled\MainWindow\BuildUpgradeManagementWindow.original.c"
"FUN_01278ad0","01278ad0","01278f80","01bfe468","DAT_01bfe468","undefined4","0x0","decompiled\MainWindow\BuildUpgradeManagementWindow.original.c"
"FUN_01278ad0","01278ad0","01278f85","01bfb258","DAT_01bfb258","undefined4","0x0","decompiled\MainWindow\BuildUpgradeManagementWindow.original.c"
"FUN_01278ad0","01278ad0","01278f91","01bb9b34","DAT_01bb9b34","undefined4","0x3f800000","decompiled\MainWindow\BuildUpgradeManagementWindow.original.c"
"FUN_01278ad0","01278ad0","01278fbf","01ae8ef0","s_UPGRADESYSTEM_TAB_UPGRADE_DATA_R_01ae8ef0","string","UPGRADESYSTEM_TAB_UPGRADE_DATA_RESTORE","decompiled\MainWindow\BuildUpgradeManagementWindow.original.c"
"FUN_01278ad0","01278ad0","0127901a","01bee890","DAT_01bee890","undefined4","0x0","decompiled\MainWindow\BuildUpgradeManagementWindow.original.c"
"FUN_01278ad0","01278ad0","01279026","01bee88c","DAT_01bee88c","undefined4","0x0","decompiled\MainWindow\BuildUpgradeManagementWindow.original.c"
"FUN_01278ad0","01278ad0","01279260","01abdaa4","s_list_too_long_01abdaa4","string","list too long","decompiled\MainWindow\BuildUpgradeManagementWindow.original.c"
"FUN_01278ad0","01278ad0","01279265","019ec3d0","PTR__Xlength_error_019ec3d0","pointer","6b7ed790","decompiled\MainWindow\BuildUpgradeManagementWindow.original.c"
"FUN_01278ad0","01278ad0","012792f6","ffdff000","ExceptionList","void *","00000000","decompiled\MainWindow\BuildUpgradeManagementWindow.original.c"
"FUN_01279340","01279340","01279349","01bbb1c0","DAT_01bbb1c0","undefined4","-0x44bf19b2","decompiled\MainWindow\UpdateUpgradeManagementMouseState.original.c"
"FUN_01279340","01279340","012793d0","01bfe474","DAT_01bfe474","undefined4","0x0","decompiled\MainWindow\UpdateUpgradeManagementMouseState.original.c"
"FUN_01279340","01279340","0127941e","01bfe474","DAT_01bfe474","undefined4","0x0","decompiled\MainWindow\UpdateUpgradeManagementMouseState.original.c"
"FUN_01279670","01279670","0127968d","ffdff000","ExceptionList","void *","00000000","decompiled\MainWindow\BindUpgradeCloseButton.original.c"
"FUN_01279670","01279670","0127969a","01bbb1c0","DAT_01bbb1c0","undefined4","-0x44bf19b2","decompiled\MainWindow\BindUpgradeCloseButton.original.c"
"FUN_01279670","01279670","012796a5","ffdff000","ExceptionList","void *","00000000","decompiled\MainWindow\BindUpgradeCloseButton.original.c"
"FUN_01279670","01279670","012797d5","ffdff000","ExceptionList","void *","00000000","decompiled\MainWindow\BindUpgradeCloseButton.original.c"
"FUN_0128ac10","0128ac10","0128ac1a","ffdff000","ExceptionList","void *","00000000","decompiled\Launcher\CreateDataTradeDigimonUpgradeWindow.original.c"
"FUN_0128ac10","0128ac10","0128ac27","01bbb1c0","DAT_01bbb1c0","undefined4","-0x44bf19b2","decompiled\Launcher\CreateDataTradeDigimonUpgradeWindow.original.c"
"FUN_0128ac10","0128ac10","0128ac32","ffdff000","ExceptionList","void *","00000000","decompiled\Launcher\CreateDataTradeDigimonUpgradeWindow.original.c"
"FUN_0128ac10","0128ac10","0128ad04","01ae9be4","s_DataTradeDigimonUpgrade_01ae9be4","string","DataTradeDigimonUpgrade","decompiled\Launcher\CreateDataTradeDigimonUpgradeWindow.original.c"
"FUN_0128ac10","0128ac10","0128ad1f","01ad7558","DAT_01ad7558","undefined4","0x10f2b50","decompiled\Launcher\CreateDataTradeDigimonUpgradeWindow.original.c"
"FUN_0128ac10","0128ac10","0128ad3c","ffdff000","ExceptionList","void *","00000000","decompiled\Launcher\CreateDataTradeDigimonUpgradeWindow.original.c"
"FUN_0128c370","0128c370","0128c37a","ffdff000","ExceptionList","void *","00000000","decompiled\Launcher\CreateEquipmentUpgradeSystemWindow.original.c"
"FUN_0128c370","0128c370","0128c384","01bbb1c0","DAT_01bbb1c0","undefined4","-0x44bf19b2","decompiled\Launcher\CreateEquipmentUpgradeSystemWindow.original.c"
"FUN_0128c370","0128c370","0128c38f","ffdff000","ExceptionList","void *","00000000","decompiled\Launcher\CreateEquipmentUpgradeSystemWindow.original.c"
"FUN_0128c370","0128c370","0128c43c","01ae9d98","s_EquipmentUpgradeSystem_01ae9d98","string","EquipmentUpgradeSystem","decompiled\Launcher\CreateEquipmentUpgradeSystemWindow.original.c"
"FUN_0128c370","0128c370","0128c457","01ae8f84","DAT_01ae8f84","undefined4","0x1278990","decompiled\Launcher\CreateEquipmentUpgradeSystemWindow.original.c"
"FUN_0128c370","0128c370","0128c474","ffdff000","ExceptionList","void *","00000000","decompiled\Launcher\CreateEquipmentUpgradeSystemWindow.original.c"
"FUN_012aee10","012aee10","012aee1a","ffdff000","ExceptionList","void *","00000000","decompiled\ValidationAndPackets\HandleUpgradeErrorCode.original.c"
"FUN_012aee10","012aee10","012aee27","01bbb1c0","DAT_01bbb1c0","undefined4","-0x44bf19b2","decompiled\ValidationAndPackets\HandleUpgradeErrorCode.original.c"
"FUN_012aee10","012aee10","012aee37","ffdff000","ExceptionList","void *","00000000","decompiled\ValidationAndPackets\HandleUpgradeErrorCode.original.c"
"FUN_012aee10","012aee10","012aee7f","012af0d4","switchD_012aee86::switchdataD_012af0d4","byte","0x0","decompiled\ValidationAndPackets\HandleUpgradeErrorCode.original.c"
"FUN_012aee10","012aee10","012aee86","012af0c8","switchD_012aee86::switchdataD_012af0c8","pointer","012aee8d","decompiled\ValidationAndPackets\HandleUpgradeErrorCode.original.c"
"FUN_012aee10","012aee10","012aee9b","01aeb0f8","s_EQUIPSYSTEM_UPGRADE_ERROR_CODE_01aeb0f8","string","EQUIPSYSTEM_UPGRADE_ERROR_CODE","decompiled\ValidationAndPackets\HandleUpgradeErrorCode.original.c"
"FUN_012aee10","012aee10","012aeee6","019ec93c","PTR__errno_019ec93c","pointer","76aefcd0","decompiled\ValidationAndPackets\HandleUpgradeErrorCode.original.c"
"FUN_012aee10","012aee10","012aeef2","019ec940","PTR__invalid_parameter_noinfo_019ec940","pointer","76b5c530","decompiled\ValidationAndPackets\HandleUpgradeErrorCode.original.c"
"FUN_012aee10","012aee10","012aef12","01ac5dd8","DAT_01ac5dd8","undefined2","0x0","decompiled\ValidationAndPackets\HandleUpgradeErrorCode.original.c"
"FUN_012aee10","012aee10","012aef54","01bfb258","DAT_01bfb258","undefined4","0x0","decompiled\ValidationAndPackets\HandleUpgradeErrorCode.original.c"
"FUN_012aee10","012aee10","012aef64","01ace3c0","s_MESSAGE_BOX_CAPTION_NOTICE_01ace3c0","string","MESSAGE_BOX_CAPTION_NOTICE","decompiled\ValidationAndPackets\HandleUpgradeErrorCode.original.c"
"FUN_012aee10","012aee10","012aefe4","01bfb258","DAT_01bfb258","undefined4","0x0","decompiled\ValidationAndPackets\HandleUpgradeErrorCode.original.c"
"FUN_012aee10","012aee10","012af0a6","ffdff000","ExceptionList","void *","00000000","decompiled\ValidationAndPackets\HandleUpgradeErrorCode.original.c"
"FUN_012af150","012af150","012af16d","ffdff000","ExceptionList","void *","00000000","decompiled\ValidationAndPackets\HandleTransferErrorCode.original.c"
"FUN_012af150","012af150","012af17b","01bbb1c0","DAT_01bbb1c0","undefined4","-0x44bf19b2","decompiled\ValidationAndPackets\HandleTransferErrorCode.original.c"
"FUN_012af150","012af150","012af18b","ffdff000","ExceptionList","void *","00000000","decompiled\ValidationAndPackets\HandleTransferErrorCode.original.c"
"FUN_012af150","012af150","012af1d3","012af428","switchD_012af1da::switchdataD_012af428","byte","0x0","decompiled\ValidationAndPackets\HandleTransferErrorCode.original.c"
"FUN_012af150","012af150","012af1da","012af420","switchD_012af1da::switchdataD_012af420","pointer","012af1e1","decompiled\ValidationAndPackets\HandleTransferErrorCode.original.c"
"FUN_012af150","012af150","012af1ef","01aeb0dc","s_DATA_TRANSFER_ERROR_CODE_01aeb0dc","string","DATA_TRANSFER_ERROR_CODE","decompiled\ValidationAndPackets\HandleTransferErrorCode.original.c"
"FUN_012af150","012af150","012af23a","019ec93c","PTR__errno_019ec93c","pointer","76aefcd0","decompiled\ValidationAndPackets\HandleTransferErrorCode.original.c"
"FUN_012af150","012af150","012af246","019ec940","PTR__invalid_parameter_noinfo_019ec940","pointer","76b5c530","decompiled\ValidationAndPackets\HandleTransferErrorCode.original.c"
"FUN_012af150","012af150","012af266","01ac5dd8","DAT_01ac5dd8","undefined2","0x0","decompiled\ValidationAndPackets\HandleTransferErrorCode.original.c"
"FUN_012af150","012af150","012af2a8","01bfb258","DAT_01bfb258","undefined4","0x0","decompiled\ValidationAndPackets\HandleTransferErrorCode.original.c"
"FUN_012af150","012af150","012af2b8","01ace3c0","s_MESSAGE_BOX_CAPTION_NOTICE_01ace3c0","string","MESSAGE_BOX_CAPTION_NOTICE","decompiled\ValidationAndPackets\HandleTransferErrorCode.original.c"
"FUN_012af150","012af150","012af338","01bfb258","DAT_01bfb258","undefined4","0x0","decompiled\ValidationAndPackets\HandleTransferErrorCode.original.c"
"FUN_012af150","012af150","012af3fd","ffdff000","ExceptionList","void *","00000000","decompiled\ValidationAndPackets\HandleTransferErrorCode.original.c"
"FUN_012af440","012af440","012af45d","ffdff000","ExceptionList","void *","00000000","decompiled\ValidationAndPackets\HandleRestoreErrorCode.original.c"
"FUN_012af440","012af440","012af46b","01bbb1c0","DAT_01bbb1c0","undefined4","-0x44bf19b2","decompiled\ValidationAndPackets\HandleRestoreErrorCode.original.c"
"FUN_012af440","012af440","012af47b","ffdff000","ExceptionList","void *","00000000","decompiled\ValidationAndPackets\HandleRestoreErrorCode.original.c"
"FUN_012af440","012af440","012af4c3","012af718","switchD_012af4ca::switchdataD_012af718","byte","0x0","decompiled\ValidationAndPackets\HandleRestoreErrorCode.original.c"
"FUN_012af440","012af440","012af4ca","012af710","switchD_012af4ca::switchdataD_012af710","pointer","012af4d1","decompiled\ValidationAndPackets\HandleRestoreErrorCode.original.c"
"FUN_012af440","012af440","012af4df","01aeb12c","s_DATA_RESTORE_ERROR_CODE_01aeb12c","string","DATA_RESTORE_ERROR_CODE","decompiled\ValidationAndPackets\HandleRestoreErrorCode.original.c"
"FUN_012af440","012af440","012af52a","019ec93c","PTR__errno_019ec93c","pointer","76aefcd0","decompiled\ValidationAndPackets\HandleRestoreErrorCode.original.c"
"FUN_012af440","012af440","012af536","019ec940","PTR__invalid_parameter_noinfo_019ec940","pointer","76b5c530","decompiled\ValidationAndPackets\HandleRestoreErrorCode.original.c"
"FUN_012af440","012af440","012af556","01ac5dd8","DAT_01ac5dd8","undefined2","0x0","decompiled\ValidationAndPackets\HandleRestoreErrorCode.original.c"
"FUN_012af440","012af440","012af598","01bfb258","DAT_01bfb258","undefined4","0x0","decompiled\ValidationAndPackets\HandleRestoreErrorCode.original.c"
"FUN_012af440","012af440","012af5a8","01ace3c0","s_MESSAGE_BOX_CAPTION_NOTICE_01ace3c0","string","MESSAGE_BOX_CAPTION_NOTICE","decompiled\ValidationAndPackets\HandleRestoreErrorCode.original.c"
"FUN_012af440","012af440","012af628","01bfb258","DAT_01bfb258","undefined4","0x0","decompiled\ValidationAndPackets\HandleRestoreErrorCode.original.c"
"FUN_012af440","012af440","012af6ed","ffdff000","ExceptionList","void *","00000000","decompiled\ValidationAndPackets\HandleRestoreErrorCode.original.c"
"FUN_012b0060","012b0060","012b006d","01bfb2b4","DAT_01bfb2b4","undefined4","0x0","decompiled\ValidationAndPackets\ValidateUpgradeMaxGrade.original.c"
"FUN_012b0060","012b0060","012b00b4","01aeb164","s_EQUIPSYSTEM_UPGRADE_MAX_GRADE_01aeb164","string","EQUIPSYSTEM_UPGRADE_MAX_GRADE","decompiled\ValidationAndPackets\ValidateUpgradeMaxGrade.original.c"
"FUN_012b1590","012b1590","012b15ad","ffdff000","ExceptionList","void *","00000000","decompiled\ValidationAndPackets\ValidateTransferSourceAndGrade.original.c"
"FUN_012b1590","012b1590","012b15b8","01bbb1c0","DAT_01bbb1c0","undefined4","-0x44bf19b2","decompiled\ValidationAndPackets\ValidateTransferSourceAndGrade.original.c"
"FUN_012b1590","012b1590","012b15c8","ffdff000","ExceptionList","void *","00000000","decompiled\ValidationAndPackets\ValidateTransferSourceAndGrade.original.c"
"FUN_012b1590","012b1590","012b1609","01bfb2b4","DAT_01bfb2b4","undefined4","0x0","decompiled\ValidationAndPackets\ValidateTransferSourceAndGrade.original.c"
"FUN_012b1590","012b1590","012b1670","01bfb2b4","DAT_01bfb2b4","undefined4","0x0","decompiled\ValidationAndPackets\ValidateTransferSourceAndGrade.original.c"
"FUN_012b1590","012b1590","012b171f","01aeb144","s_DATA_TRANSFER_NO_DATA_EQUIPMENT_01aeb144","string","DATA_TRANSFER_NO_DATA_EQUIPMENT","decompiled\ValidationAndPackets\ValidateTransferSourceAndGrade.original.c"
"FUN_012b1590","012b1590","012b1739","01aeb19c","s_DATA_TRANSFER_GRADE_ERROR_01aeb19c","string","DATA_TRANSFER_GRADE_ERROR","decompiled\ValidationAndPackets\ValidateTransferSourceAndGrade.original.c"
"FUN_012b1590","012b1590","012b176b","01bfb2b4","DAT_01bfb2b4","undefined4","0x0","decompiled\ValidationAndPackets\ValidateTransferSourceAndGrade.original.c"
"FUN_012b1590","012b1590","012b17c1","01bfb2b4","DAT_01bfb2b4","undefined4","0x0","decompiled\ValidationAndPackets\ValidateTransferSourceAndGrade.original.c"
"FUN_012b1590","012b1590","012b17e9","01bfb2b4","DAT_01bfb2b4","undefined4","0x0","decompiled\ValidationAndPackets\ValidateTransferSourceAndGrade.original.c"
"FUN_012b1590","012b1590","012b1945","01aeb144","s_DATA_TRANSFER_NO_DATA_EQUIPMENT_01aeb144","string","DATA_TRANSFER_NO_DATA_EQUIPMENT","decompiled\ValidationAndPackets\ValidateTransferSourceAndGrade.original.c"
"FUN_012b1590","012b1590","012b1969","ffdff000","ExceptionList","void *","00000000","decompiled\ValidationAndPackets\ValidateTransferSourceAndGrade.original.c"
"FUN_012b1e10","012b1e10","012b1e10","01bfb2b4","DAT_01bfb2b4","undefined4","0x0","decompiled\ValidationAndPackets\ResolveTransferOutputBoxAsset.original.c"
"FUN_012b1e10","012b1e10","012b1e7e","012b1ee4","switchD_012b1e7e::switchdataD_012b1ee4","pointer","012b1e85","decompiled\ValidationAndPackets\ResolveTransferOutputBoxAsset.original.c"
"FUN_012b1e10","012b1e10","012b1e87","01ad6ee8","s_EI_Item\Outbox_1.tga_01ad6ee8","string","EI_Item\Outbox_1.tga","decompiled\ValidationAndPackets\ResolveTransferOutputBoxAsset.original.c"
"FUN_012b1e10","012b1e10","012b1e90","01aeb184","s_EI_Item\Outbox_2.tga_01aeb184","string","EI_Item\Outbox_2.tga","decompiled\ValidationAndPackets\ResolveTransferOutputBoxAsset.original.c"
"FUN_012b1e10","012b1e10","012b1e99","01aeb1d0","s_EI_Item\Outbox_3.tga_01aeb1d0","string","EI_Item\Outbox_3.tga","decompiled\ValidationAndPackets\ResolveTransferOutputBoxAsset.original.c"
"FUN_012b1e10","012b1e10","012b1ea2","01aeb1b8","s_EI_Item\Outbox_4.tga_01aeb1b8","string","EI_Item\Outbox_4.tga","decompiled\ValidationAndPackets\ResolveTransferOutputBoxAsset.original.c"
"FUN_012b1e10","012b1e10","012b1eab","01ad8674","s_EI_Item\Outbox_5.tga_01ad8674","string","EI_Item\Outbox_5.tga","decompiled\ValidationAndPackets\ResolveTransferOutputBoxAsset.original.c"
"FUN_012b1e10","012b1e10","012b1eb4","01abd9ec","DAT_01abd9ec","undefined1","0x0","decompiled\ValidationAndPackets\ResolveTransferOutputBoxAsset.original.c"
"FUN_012b5c70","012b5c70","012b5c7a","ffdff000","ExceptionList","void *","00000000","decompiled\ValidationAndPackets\ConfirmUpgradeDestroyRisk.original.c"
"FUN_012b5c70","012b5c70","012b5c87","01bbb1c0","DAT_01bbb1c0","undefined4","-0x44bf19b2","decompiled\ValidationAndPackets\ConfirmUpgradeDestroyRisk.original.c"
"FUN_012b5c70","012b5c70","012b5c97","ffdff000","ExceptionList","void *","00000000","decompiled\ValidationAndPackets\ConfirmUpgradeDestroyRisk.original.c"
"FUN_012b5c70","012b5c70","012b5ca6","01bfb2b4","DAT_01bfb2b4","undefined4","0x0","decompiled\ValidationAndPackets\ConfirmUpgradeDestroyRisk.original.c"
"FUN_012b5c70","012b5c70","012b5cbe","01bfb258","DAT_01bfb258","undefined4","0x0","decompiled\ValidationAndPackets\ConfirmUpgradeDestroyRisk.original.c"
"FUN_012b5c70","012b5c70","012b5cd9","01aeb1e8","s_EQUIPSYSTEM_UPGRADE_DESTROY_REMI_01aeb1e8","string","EQUIPSYSTEM_UPGRADE_DESTROY_REMIND","decompiled\ValidationAndPackets\ConfirmUpgradeDestroyRisk.original.c"
"FUN_012b5c70","012b5c70","012b5dc2","01bfb258","DAT_01bfb258","undefined4","0x0","decompiled\ValidationAndPackets\ConfirmUpgradeDestroyRisk.original.c"
"FUN_012b5c70","012b5c70","012b5de9","01ace3c0","s_MESSAGE_BOX_CAPTION_NOTICE_01ace3c0","string","MESSAGE_BOX_CAPTION_NOTICE","decompiled\ValidationAndPackets\ConfirmUpgradeDestroyRisk.original.c"
"FUN_012b5c70","012b5c70","012b5e2a","01aeb1e8","s_EQUIPSYSTEM_UPGRADE_DESTROY_REMI_01aeb1e8","string","EQUIPSYSTEM_UPGRADE_DESTROY_REMIND","decompiled\ValidationAndPackets\ConfirmUpgradeDestroyRisk.original.c"
"FUN_012b5c70","012b5c70","012b5f09","ffdff000","ExceptionList","void *","00000000","decompiled\ValidationAndPackets\ConfirmUpgradeDestroyRisk.original.c"
"FUN_012b5f30","012b5f30","012b5f30","01bfb2b4","DAT_01bfb2b4","undefined4","0x0","decompiled\ValidationAndPackets\ResolveCurrentMoneyTuple.original.c"
"FUN_012b5fb0","012b5fb0","012b5fba","ffdff000","ExceptionList","void *","00000000","decompiled\ValidationAndPackets\ValidateUpgradeMaterialsAndMoney.original.c"
"FUN_012b5fb0","012b5fb0","012b5fc7","01bbb1c0","DAT_01bbb1c0","undefined4","-0x44bf19b2","decompiled\ValidationAndPackets\ValidateUpgradeMaterialsAndMoney.original.c"
"FUN_012b5fb0","012b5fb0","012b5fd7","ffdff000","ExceptionList","void *","00000000","decompiled\ValidationAndPackets\ValidateUpgradeMaterialsAndMoney.original.c"
"FUN_012b5fb0","012b5fb0","012b5fef","01bfb2b4","DAT_01bfb2b4","undefined4","0x0","decompiled\ValidationAndPackets\ValidateUpgradeMaterialsAndMoney.original.c"
"FUN_012b5fb0","012b5fb0","012b6040","01aeb164","s_EQUIPSYSTEM_UPGRADE_MAX_GRADE_01aeb164","string","EQUIPSYSTEM_UPGRADE_MAX_GRADE","decompiled\ValidationAndPackets\ValidateUpgradeMaterialsAndMoney.original.c"
"FUN_012b5fb0","012b5fb0","012b6064","ffdff000","ExceptionList","void *","00000000","decompiled\ValidationAndPackets\ValidateUpgradeMaterialsAndMoney.original.c"
"FUN_012b5fb0","012b5fb0","012b6296","01aeb20c","s_EQUIPSYSTEM_UPGRADE_ADDITIONAL_M_01aeb20c","string","EQUIPSYSTEM_UPGRADE_ADDITIONAL_MATERIAL_LACK","decompiled\ValidationAndPackets\ValidateUpgradeMaterialsAndMoney.original.c"
"FUN_012b5fb0","012b5fb0","012b6305","01aeb23c","s_EQUIPSYSTEM_UPGRADE_MATERIAL_LAC_01aeb23c","string","EQUIPSYSTEM_UPGRADE_MATERIAL_LACK","decompiled\ValidationAndPackets\ValidateUpgradeMaterialsAndMoney.original.c"
"FUN_012b5fb0","012b5fb0","012b63be","01ace3dc","s_EQUIPSYSTEM_UPGRADE_MONEY_LACK_01ace3dc","string","EQUIPSYSTEM_UPGRADE_MONEY_LACK","decompiled\ValidationAndPackets\ValidateUpgradeMaterialsAndMoney.original.c"
"FUN_012b5fb0","012b5fb0","012b63d4","01bfb2b4","DAT_01bfb2b4","undefined4","0x0","decompiled\ValidationAndPackets\ValidateUpgradeMaterialsAndMoney.original.c"
"FUN_012b5fb0","012b5fb0","012b63e3","01bfe460","DAT_01bfe460","undefined4","0x0","decompiled\ValidationAndPackets\ValidateUpgradeMaterialsAndMoney.original.c"
"FUN_012b6bf0","012b6bf0","012b6bfa","ffdff000","ExceptionList","void *","00000000","decompiled\ValidationAndPackets\ValidateRequiredItemCount.original.c"
"FUN_012b6bf0","012b6bf0","012b6c04","01bbb1c0","DAT_01bbb1c0","undefined4","-0x44bf19b2","decompiled\ValidationAndPackets\ValidateRequiredItemCount.original.c"
"FUN_012b6bf0","012b6bf0","012b6c14","ffdff000","ExceptionList","void *","00000000","decompiled\ValidationAndPackets\ValidateRequiredItemCount.original.c"
"FUN_012b6bf0","012b6bf0","012b6c1f","01bfb2b4","DAT_01bfb2b4","undefined4","0x0","decompiled\ValidationAndPackets\ValidateRequiredItemCount.original.c"
"FUN_012b6bf0","012b6bf0","012b6d3c","01ace3dc","s_EQUIPSYSTEM_UPGRADE_MONEY_LACK_01ace3dc","string","EQUIPSYSTEM_UPGRADE_MONEY_LACK","decompiled\ValidationAndPackets\ValidateRequiredItemCount.original.c"
"FUN_012b6bf0","012b6bf0","012b6d60","ffdff000","ExceptionList","void *","00000000","decompiled\ValidationAndPackets\ValidateRequiredItemCount.original.c"
"FUN_012b6bf0","012b6bf0","012b6d7a","01bfb2b4","DAT_01bfb2b4","undefined4","0x0","decompiled\ValidationAndPackets\ValidateRequiredItemCount.original.c"
"FUN_012b6bf0","012b6bf0","012b6de5","01aeb260","s_NEED_ITEM_LACK_01aeb260","string","NEED_ITEM_LACK","decompiled\ValidationAndPackets\ValidateRequiredItemCount.original.c"
"FUN_012b6bf0","012b6bf0","012b6dfe","01bfb2b4","DAT_01bfb2b4","undefined4","0x0","decompiled\ValidationAndPackets\ValidateRequiredItemCount.original.c"
"FUN_012b6bf0","012b6bf0","012b6e0d","01bfe460","DAT_01bfe460","undefined4","0x0","decompiled\ValidationAndPackets\ValidateRequiredItemCount.original.c"
"FUN_012b80c0","012b80c0","012b80e3","019ec93c","PTR__errno_019ec93c","pointer","76aefcd0","decompiled\Tables\ParseItemUpgradeRestoreEntry.original.c"
"FUN_012b80c0","012b80c0","012b80f0","019ec940","PTR__invalid_parameter_noinfo_019ec940","pointer","76b5c530","decompiled\Tables\ParseItemUpgradeRestoreEntry.original.c"
"FUN_012b80c0","012b80c0","012b8240","019ec93c","PTR__errno_019ec93c","pointer","76aefcd0","decompiled\Tables\ParseItemUpgradeRestoreEntry.original.c"
"FUN_012b80c0","012b80c0","012b8253","019ec940","PTR__invalid_parameter_noinfo_019ec940","pointer","76b5c530","decompiled\Tables\ParseItemUpgradeRestoreEntry.original.c"
"FUN_015e9a60","015e9a60","015e9a6a","ffdff000","ExceptionList","void *","00000000","decompiled\Tables\ParseItemUpgradeRestoreGroups.original.c"
"FUN_015e9a60","015e9a60","015e9a74","01bbb1c0","DAT_01bbb1c0","undefined4","-0x44bf19b2","decompiled\Tables\ParseItemUpgradeRestoreGroups.original.c"
"FUN_015e9a60","015e9a60","015e9a85","ffdff000","ExceptionList","void *","00000000","decompiled\Tables\ParseItemUpgradeRestoreGroups.original.c"
"FUN_015e9a60","015e9a60","015e9ad5","019ec93c","PTR__errno_019ec93c","pointer","76aefcd0","decompiled\Tables\ParseItemUpgradeRestoreGroups.original.c"
"FUN_015e9a60","015e9a60","015e9ae1","019ec940","PTR__invalid_parameter_noinfo_019ec940","pointer","76b5c530","decompiled\Tables\ParseItemUpgradeRestoreGroups.original.c"
"FUN_015e9a60","015e9a60","015e9b7a","019ec93c","PTR__errno_019ec93c","pointer","76aefcd0","decompiled\Tables\ParseItemUpgradeRestoreGroups.original.c"
"FUN_015e9a60","015e9a60","015e9b86","019ec940","PTR__invalid_parameter_noinfo_019ec940","pointer","76b5c530","decompiled\Tables\ParseItemUpgradeRestoreGroups.original.c"
"FUN_015e9a60","015e9a60","015e9bea","ffdff000","ExceptionList","void *","00000000","decompiled\Tables\ParseItemUpgradeRestoreGroups.original.c"
"FUN_015ea9c0","015ea9c0","015ea9ca","ffdff000","ExceptionList","void *","00000000","decompiled\Tables\ParseItemUpgradeDataEntries.original.c"
"FUN_015ea9c0","015ea9c0","015ea9d4","01bbb1c0","DAT_01bbb1c0","undefined4","-0x44bf19b2","decompiled\Tables\ParseItemUpgradeDataEntries.original.c"
"FUN_015ea9c0","015ea9c0","015ea9e5","ffdff000","ExceptionList","void *","00000000","decompiled\Tables\ParseItemUpgradeDataEntries.original.c"
"FUN_015ea9c0","015ea9c0","015eaa3c","019ec93c","PTR__errno_019ec93c","pointer","76aefcd0","decompiled\Tables\ParseItemUpgradeDataEntries.original.c"
"FUN_015ea9c0","015ea9c0","015eaa48","019ec940","PTR__invalid_parameter_noinfo_019ec940","pointer","76b5c530","decompiled\Tables\ParseItemUpgradeDataEntries.original.c"
"FUN_015ea9c0","015ea9c0","015eab0f","019ec93c","PTR__errno_019ec93c","pointer","76aefcd0","decompiled\Tables\ParseItemUpgradeDataEntries.original.c"
"FUN_015ea9c0","015ea9c0","015eab1b","019ec940","PTR__invalid_parameter_noinfo_019ec940","pointer","76b5c530","decompiled\Tables\ParseItemUpgradeDataEntries.original.c"
"FUN_015ea9c0","015ea9c0","015eac8b","ffdff000","ExceptionList","void *","00000000","decompiled\Tables\ParseItemUpgradeDataEntries.original.c"
"FUN_015eacc0","015eacc0","015eacc6","01bbb1c0","DAT_01bbb1c0","undefined4","-0x44bf19b2","decompiled\Tables\ParseItemUpgradeEtcValue.original.c"
"FUN_015eacc0","015eacc0","015ead20","019ec93c","PTR__errno_019ec93c","pointer","76aefcd0","decompiled\Tables\ParseItemUpgradeEtcValue.original.c"
"FUN_015eacc0","015eacc0","015ead2c","019ec940","PTR__invalid_parameter_noinfo_019ec940","pointer","76b5c530","decompiled\Tables\ParseItemUpgradeEtcValue.original.c"
"FUN_015eacc0","015eacc0","015eada2","019ec93c","PTR__errno_019ec93c","pointer","76aefcd0","decompiled\Tables\ParseItemUpgradeEtcValue.original.c"
"FUN_015eacc0","015eacc0","015eadae","019ec940","PTR__invalid_parameter_noinfo_019ec940","pointer","76b5c530","decompiled\Tables\ParseItemUpgradeEtcValue.original.c"
"FUN_015eacc0","015eacc0","015eade9","019ec93c","PTR__errno_019ec93c","pointer","76aefcd0","decompiled\Tables\ParseItemUpgradeEtcValue.original.c"
"FUN_015eacc0","015eacc0","015eadf5","019ec940","PTR__invalid_parameter_noinfo_019ec940","pointer","76b5c530","decompiled\Tables\ParseItemUpgradeEtcValue.original.c"
"FUN_015eae50","015eae50","015eae5a","ffdff000","ExceptionList","void *","00000000","decompiled\Tables\ParseItemUpgradeMaterialGroups.original.c"
"FUN_015eae50","015eae50","015eae64","01bbb1c0","DAT_01bbb1c0","undefined4","-0x44bf19b2","decompiled\Tables\ParseItemUpgradeMaterialGroups.original.c"
"FUN_015eae50","015eae50","015eae75","ffdff000","ExceptionList","void *","00000000","decompiled\Tables\ParseItemUpgradeMaterialGroups.original.c"
"FUN_015eae50","015eae50","015eaecb","019ec93c","PTR__errno_019ec93c","pointer","76aefcd0","decompiled\Tables\ParseItemUpgradeMaterialGroups.original.c"
"FUN_015eae50","015eae50","015eaed7","019ec940","PTR__invalid_parameter_noinfo_019ec940","pointer","76b5c530","decompiled\Tables\ParseItemUpgradeMaterialGroups.original.c"
"FUN_015eae50","015eae50","015eaf4b","019ec93c","PTR__errno_019ec93c","pointer","76aefcd0","decompiled\Tables\ParseItemUpgradeMaterialGroups.original.c"
"FUN_015eae50","015eae50","015eaf57","019ec940","PTR__invalid_parameter_noinfo_019ec940","pointer","76b5c530","decompiled\Tables\ParseItemUpgradeMaterialGroups.original.c"
"FUN_015eae50","015eae50","015eaf9d","019ec93c","PTR__errno_019ec93c","pointer","76aefcd0","decompiled\Tables\ParseItemUpgradeMaterialGroups.original.c"
"FUN_015eae50","015eae50","015eafa9","019ec940","PTR__invalid_parameter_noinfo_019ec940","pointer","76b5c530","decompiled\Tables\ParseItemUpgradeMaterialGroups.original.c"
"FUN_015eae50","015eae50","015eafe8","019ec93c","PTR__errno_019ec93c","pointer","76aefcd0","decompiled\Tables\ParseItemUpgradeMaterialGroups.original.c"
"FUN_015eae50","015eae50","015eaff4","019ec940","PTR__invalid_parameter_noinfo_019ec940","pointer","76b5c530","decompiled\Tables\ParseItemUpgradeMaterialGroups.original.c"
"FUN_015eae50","015eae50","015eb0b1","ffdff000","ExceptionList","void *","00000000","decompiled\Tables\ParseItemUpgradeMaterialGroups.original.c"
"FUN_015eb0e0","015eb0e0","015eb0ea","ffdff000","ExceptionList","void *","00000000","decompiled\Tables\ParseItemUpgradeRestoreEntries.original.c"
"FUN_015eb0e0","015eb0e0","015eb0f4","01bbb1c0","DAT_01bbb1c0","undefined4","-0x44bf19b2","decompiled\Tables\ParseItemUpgradeRestoreEntries.original.c"
"FUN_015eb0e0","015eb0e0","015eb105","ffdff000","ExceptionList","void *","00000000","decompiled\Tables\ParseItemUpgradeRestoreEntries.original.c"
"FUN_015eb0e0","015eb0e0","015eb159","019ec93c","PTR__errno_019ec93c","pointer","76aefcd0","decompiled\Tables\ParseItemUpgradeRestoreEntries.original.c"
"FUN_015eb0e0","015eb0e0","015eb165","019ec940","PTR__invalid_parameter_noinfo_019ec940","pointer","76b5c530","decompiled\Tables\ParseItemUpgradeRestoreEntries.original.c"
"FUN_015eb0e0","015eb0e0","015eb1d8","019ec93c","PTR__errno_019ec93c","pointer","76aefcd0","decompiled\Tables\ParseItemUpgradeRestoreEntries.original.c"
"FUN_015eb0e0","015eb0e0","015eb1e4","019ec940","PTR__invalid_parameter_noinfo_019ec940","pointer","76b5c530","decompiled\Tables\ParseItemUpgradeRestoreEntries.original.c"
"FUN_015eb0e0","015eb0e0","015eb2ce","ffdff000","ExceptionList","void *","00000000","decompiled\Tables\ParseItemUpgradeRestoreEntries.original.c"
"FUN_015eb300","015eb300","015eb30a","ffdff000","ExceptionList","void *","00000000","decompiled\Tables\ParseItemUpgradeTransferEntries.original.c"
"FUN_015eb300","015eb300","015eb314","01bbb1c0","DAT_01bbb1c0","undefined4","-0x44bf19b2","decompiled\Tables\ParseItemUpgradeTransferEntries.original.c"
"FUN_015eb300","015eb300","015eb325","ffdff000","ExceptionList","void *","00000000","decompiled\Tables\ParseItemUpgradeTransferEntries.original.c"
"FUN_015eb300","015eb300","015eb37c","019ec93c","PTR__errno_019ec93c","pointer","76aefcd0","decompiled\Tables\ParseItemUpgradeTransferEntries.original.c"
"FUN_015eb300","015eb300","015eb388","019ec940","PTR__invalid_parameter_noinfo_019ec940","pointer","76b5c530","decompiled\Tables\ParseItemUpgradeTransferEntries.original.c"
"FUN_015eb300","015eb300","015eb3f7","019ec93c","PTR__errno_019ec93c","pointer","76aefcd0","decompiled\Tables\ParseItemUpgradeTransferEntries.original.c"
"FUN_015eb300","015eb300","015eb403","019ec940","PTR__invalid_parameter_noinfo_019ec940","pointer","76b5c530","decompiled\Tables\ParseItemUpgradeTransferEntries.original.c"
"FUN_015eb300","015eb300","015eb51a","ffdff000","ExceptionList","void *","00000000","decompiled\Tables\ParseItemUpgradeTransferEntries.original.c"
"FUN_015eb540","015eb540","015eb54a","ffdff000","ExceptionList","void *","00000000","decompiled\Tables\ParseItemUpgradeDataGroups.original.c"
"FUN_015eb540","015eb540","015eb554","01bbb1c0","DAT_01bbb1c0","undefined4","-0x44bf19b2","decompiled\Tables\ParseItemUpgradeDataGroups.original.c"
"FUN_015eb540","015eb540","015eb565","ffdff000","ExceptionList","void *","00000000","decompiled\Tables\ParseItemUpgradeDataGroups.original.c"
"FUN_015eb540","015eb540","015eb5b6","019ec93c","PTR__errno_019ec93c","pointer","76aefcd0","decompiled\Tables\ParseItemUpgradeDataGroups.original.c"
"FUN_015eb540","015eb540","015eb5c2","019ec940","PTR__invalid_parameter_noinfo_019ec940","pointer","76b5c530","decompiled\Tables\ParseItemUpgradeDataGroups.original.c"
"FUN_015eb540","015eb540","015eb657","019ec93c","PTR__errno_019ec93c","pointer","76aefcd0","decompiled\Tables\ParseItemUpgradeDataGroups.original.c"
"FUN_015eb540","015eb540","015eb663","019ec940","PTR__invalid_parameter_noinfo_019ec940","pointer","76b5c530","decompiled\Tables\ParseItemUpgradeDataGroups.original.c"
"FUN_015eb540","015eb540","015eb6ee","ffdff000","ExceptionList","void *","00000000","decompiled\Tables\ParseItemUpgradeDataGroups.original.c"
"FUN_015eb710","015eb710","015eb71a","ffdff000","ExceptionList","void *","00000000","decompiled\Tables\ParseItemUpgradeTransferGroups.original.c"
"FUN_015eb710","015eb710","015eb724","01bbb1c0","DAT_01bbb1c0","undefined4","-0x44bf19b2","decompiled\Tables\ParseItemUpgradeTransferGroups.original.c"
"FUN_015eb710","015eb710","015eb735","ffdff000","ExceptionList","void *","00000000","decompiled\Tables\ParseItemUpgradeTransferGroups.original.c"
"FUN_015eb710","015eb710","015eb78c","019ec93c","PTR__errno_019ec93c","pointer","76aefcd0","decompiled\Tables\ParseItemUpgradeTransferGroups.original.c"
"FUN_015eb710","015eb710","015eb798","019ec940","PTR__invalid_parameter_noinfo_019ec940","pointer","76b5c530","decompiled\Tables\ParseItemUpgradeTransferGroups.original.c"
"FUN_015eb710","015eb710","015eb847","019ec93c","PTR__errno_019ec93c","pointer","76aefcd0","decompiled\Tables\ParseItemUpgradeTransferGroups.original.c"
"FUN_015eb710","015eb710","015eb853","019ec940","PTR__invalid_parameter_noinfo_019ec940","pointer","76b5c530","decompiled\Tables\ParseItemUpgradeTransferGroups.original.c"
"FUN_015eb710","015eb710","015eb950","ffdff000","ExceptionList","void *","00000000","decompiled\Tables\ParseItemUpgradeTransferGroups.original.c"
"FUN_015ec940","015ec940","015ec94a","ffdff000","ExceptionList","void *","00000000","decompiled\Tables\BuildItemUpgradeMaterialList.original.c"
"FUN_015ec940","015ec940","015ec956","01bbb1c0","DAT_01bbb1c0","undefined4","-0x44bf19b2","decompiled\Tables\BuildItemUpgradeMaterialList.original.c"
"FUN_015ec940","015ec940","015ec961","ffdff000","ExceptionList","void *","00000000","decompiled\Tables\BuildItemUpgradeMaterialList.original.c"
"FUN_015ec940","015ec940","015ec9c5","ffdff000","ExceptionList","void *","00000000","decompiled\Tables\BuildItemUpgradeMaterialList.original.c"
"FUN_015ec9e0","015ec9e0","015ec9ea","ffdff000","ExceptionList","void *","00000000","decompiled\Tables\LoadItemUpgradeTables.original.c"
"FUN_015ec9e0","015ec9e0","015ec9f5","01bbb1c0","DAT_01bbb1c0","undefined4","-0x44bf19b2","decompiled\Tables\LoadItemUpgradeTables.original.c"
"FUN_015ec9e0","015ec9e0","015eca00","ffdff000","ExceptionList","void *","00000000","decompiled\Tables\LoadItemUpgradeTables.original.c"
"FUN_015ec9e0","015ec9e0","015eca08","01a18ec8","u_DM_ItemUpgrade-Data.bin_01a18ec8","unicode","DM_ItemUpgrade-Data.bin","decompiled\Tables\LoadItemUpgradeTables.original.c"
"FUN_015ec9e0","015ec9e0","015eca70","01a18ef8","u_DM_ItemUpgrade-EtcValue.bin_01a18ef8","unicode","DM_ItemUpgrade-EtcValue.bin","decompiled\Tables\LoadItemUpgradeTables.original.c"
"FUN_015ec9e0","015ec9e0","015ecad8","01a18f30","u_DM_ItemUpgrade-Transfer.bin_01a18f30","unicode","DM_ItemUpgrade-Transfer.bin","decompiled\Tables\LoadItemUpgradeTables.original.c"
"FUN_015ec9e0","015ec9e0","015ecb40","01a18f68","u_DM_ItemUpgrade-Restore.bin_01a18f68","unicode","DM_ItemUpgrade-Restore.bin","decompiled\Tables\LoadItemUpgradeTables.original.c"
"FUN_015ec9e0","015ec9e0","015ecba4","01a18fa0","u_DM_ItemUpgrade-MaterialGroup.bin_01a18fa0","unicode","DM_ItemUpgrade-MaterialGroup.bin","decompiled\Tables\LoadItemUpgradeTables.original.c"
"FUN_015ec9e0","015ec9e0","015ecbf7","019ec944","PTR__invalid_parameter_noinfo_noreturn_019ec944","pointer","76b5c550","decompiled\Tables\LoadItemUpgradeTables.original.c"
"FUN_015ec9e0","015ec9e0","015ecc0a","ffdff000","ExceptionList","void *","00000000","decompiled\Tables\LoadItemUpgradeTables.original.c"
"FUN_015ecd40","015ecd40","015ecd4a","ffdff000","ExceptionList","void *","00000000","decompiled\Tables\ParseItemUpgradeDataMaterialEntry.original.c"
"FUN_015ecd40","015ecd40","015ecd54","01bbb1c0","DAT_01bbb1c0","undefined4","-0x44bf19b2","decompiled\Tables\ParseItemUpgradeDataMaterialEntry.original.c"
"FUN_015ecd40","015ecd40","015ecd65","ffdff000","ExceptionList","void *","00000000","decompiled\Tables\ParseItemUpgradeDataMaterialEntry.original.c"
"FUN_015ecd40","015ecd40","015ecd79","019ec93c","PTR__errno_019ec93c","pointer","76aefcd0","decompiled\Tables\ParseItemUpgradeDataMaterialEntry.original.c"
"FUN_015ecd40","015ecd40","015ecd99","019ec940","PTR__invalid_parameter_noinfo_019ec940","pointer","76b5c530","decompiled\Tables\ParseItemUpgradeDataMaterialEntry.original.c"
"FUN_015ecd40","015ecd40","015ecdf9","019ec93c","PTR__errno_019ec93c","pointer","76aefcd0","decompiled\Tables\ParseItemUpgradeDataMaterialEntry.original.c"
"FUN_015ecd40","015ecd40","015ece4c","019ec93c","PTR__errno_019ec93c","pointer","76aefcd0","decompiled\Tables\ParseItemUpgradeDataMaterialEntry.original.c"
"FUN_015ecd40","015ecd40","015ece9f","019ec93c","PTR__errno_019ec93c","pointer","76aefcd0","decompiled\Tables\ParseItemUpgradeDataMaterialEntry.original.c"
"FUN_015ecd40","015ecd40","015ecef2","019ec93c","PTR__errno_019ec93c","pointer","76aefcd0","decompiled\Tables\ParseItemUpgradeDataMaterialEntry.original.c"
"FUN_015ecd40","015ecd40","015ed066","019ec940","PTR__invalid_parameter_noinfo_019ec940","pointer","76b5c530","decompiled\Tables\ParseItemUpgradeDataMaterialEntry.original.c"
"FUN_015ecd40","015ecd40","015ed0b9","019ec93c","PTR__errno_019ec93c","pointer","76aefcd0","decompiled\Tables\ParseItemUpgradeDataMaterialEntry.original.c"
"FUN_015ecd40","015ecd40","015ed108","019ec93c","PTR__errno_019ec93c","pointer","76aefcd0","decompiled\Tables\ParseItemUpgradeDataMaterialEntry.original.c"
"FUN_015ecd40","015ecd40","015ed145","ffdff000","ExceptionList","void *","00000000","decompiled\Tables\ParseItemUpgradeDataMaterialEntry.original.c"
"FUN_015ecd40","015ecd40","015ed165","01abdaa4","s_list_too_long_01abdaa4","string","list too long","decompiled\Tables\ParseItemUpgradeDataMaterialEntry.original.c"
"FUN_015ed170","015ed170","015ed193","019ec93c","PTR__errno_019ec93c","pointer","76aefcd0","decompiled\Tables\ParseItemUpgradeTransferEntry.original.c"
"FUN_015ed170","015ed170","015ed19f","019ec940","PTR__invalid_parameter_noinfo_019ec940","pointer","76b5c530","decompiled\Tables\ParseItemUpgradeTransferEntry.original.c"
