"SkillId","Action","ApplyCount","TruncatedTo3"
"1110100","Replace","5","True"
"1110125","Replace","5","True"
"1110150","Replace","5","True"
"1110175","Replace","5","True"
"1110200","Replace","5","True"
"1110201","Replace","5","True"
"1110235","Replace","5","True"
"1110240","Replace","5","True"
"1110250","Replace","5","True"
"1110300","Replace","5","True"
"1110330","Replace","5","True"
"1110350","Replace","5","True"
"1110400","Replace","5","True"
"1110420","Replace","5","True"
"1110450","Replace","5","True"
"1110500","Replace","5","True"
"1110550","Replace","5","True"
"1110600","Replace","5","True"
"1110650","Replace","5","True"
"1110700","Replace","5","True"
"1110750","Replace","5","True"
"1110900","Replace","5","True"
"1111200","Replace","5","True"
"1111350","Replace","5","True"
"1111600","Replace","5","True"
"1111800","Replace","5","True"
"1112000","Replace","5","True"
"1112101","Replace","5","True"
"1112102","Replace","5","True"
"1112103","Replace","5","True"
"1112104","Replace","5","True"
"1112105","Replace","5","True"
"1112106","Replace","5","True"
"1112107","Replace","5","True"
"1112108","Replace","5","True"
"1112109","Replace","5","True"
"1112110","Replace","5","True"
"1112111","Replace","5","True"
"1112112","Replace","5","True"
"1112113","Replace","5","True"
"1112114","Replace","5","True"
"1112115","Replace","5","True"
"1112116","Replace","5","True"
"1112501","Replace","5","True"
"1112502","Replace","5","True"
"1112503","Replace","5","True"
"1112504","Replace","5","True"
"1112505","Replace","5","True"
"1112506","Replace","5","True"
"1112507","Replace","5","True"
"1112508","Replace","5","True"
"1112509","Replace","5","True"
"1112510","Replace","5","True"
"1112511","Replace","5","True"
"1112512","Replace","5","True"
"1112513","Replace","5","True"
"1112514","Replace","5","True"
"1112515","Replace","5","True"
"1112516","Replace","5","True"
"1113000","Replace","5","True"
"1113001","Replace","5","True"
"1113002","Replace","5","True"
"1113005","Add","5","True"
"1113006","Add","5","True"
"1113007","Add","5","True"
"1113008","Add","5","True"
"1113009","Add","5","True"
"1113010","Add","5","True"
"1113011","Add","5","True"
"1113015","Add","5","True"
"1113016","Add","5","True"
"1113017","Add","5","True"
"1113018","Add","5","True"
"1113019","Add","5","True"
"1113020","Add","5","True"
"1113021","Add","5","True"
"1113022","Add","5","True"
"1113023","Add","5","True"
"1113024","Add","5","True"
"1113025","Add","5","True"
"1113026","Add","5","True"
"1113027","Add","5","True"
"1113028","Add","5","True"
"1113029","Add","5","True"
"1113030","Add","5","True"
"1113031","Add","5","True"
"1113032","Add","5","True"
"1113033","Add","5","True"
"1113034","Add","5","True"
"1113035","Add","5","True"
"1113036","Add","5","True"
"1113037","Add","5","True"
"1113038","Add","5","True"
"1113039","Add","5","True"
"1113040","Add","5","True"
"1140001","Replace","5","True"
"1140002","Replace","5","True"
"1140003","Replace","5","True"
"1140004","Replace","5","True"
"1140005","Replace","5","True"
"1140006","Replace","5","True"
"1140007","Replace","5","True"
"1140008","Replace","5","True"
"1140009","Replace","5","True"
"1140010","Replace","5","True"
"1140011","Replace","5","True"
"1140012","Replace","5","True"
"1140013","Replace","5","True"
"1140014","Replace","5","True"
"1140015","Replace","5","True"
"1140018","Replace","5","True"
"1140101","Replace","5","True"
"1140102","Replace","5","True"
"1140103","Replace","5","True"
"1140104","Replace","5","True"
"1140105","Replace","5","True"
"1140106","Replace","5","True"
"1140107","Replace","5","True"
"1140108","Replace","5","True"
"1140109","Replace","5","True"
"1140110","Replace","5","True"
"1140111","Replace","5","True"
"1140112","Replace","5","True"
"1140113","Replace","5","True"
"1140114","Replace","5","True"
"1140115","Replace","5","True"
"1140116","Replace","5","True"
"1140117","Replace","5","True"
"1140118","Replace","5","True"
"1140119","Replace","5","True"
"1140120","Replace","5","True"
"1140121","Replace","5","True"
"1140122","Replace","5","True"
"1140123","Replace","5","True"
"1140124","Replace","5","True"
"1140125","Replace","5","True"
"1140126","Replace","5","True"
"1140127","Replace","5","True"
"1140128","Replace","5","True"
"1140129","Replace","5","True"
"1140130","Replace","5","True"
"1140131","Replace","5","True"
"1140132","Replace","5","True"
"1140133","Replace","5","True"
"1140134","Replace","5","True"
"1140135","Replace","5","True"
"1140136","Replace","5","True"
"1140137","Replace","5","True"
"1140138","Replace","5","True"
"1140139","Replace","5","True"
"1140140","Replace","5","True"
"1140141","Replace","5","True"
"1140142","Replace","5","True"
"1140143","Replace","5","True"
"1140144","Replace","5","True"
"1140145","Replace","5","True"
"1140146","Replace","5","True"
"1140147","Replace","5","True"
"1140148","Replace","5","True"
"1140149","Replace","5","True"
"1140150","Replace","5","True"
"1141001","Replace","5","True"
"1150000","Replace","5","True"
"1210050","Replace","5","True"
"1210062","Replace","5","True"
"1210070","Replace","5","True"
"1210075","Replace","5","True"
"1210085","Replace","5","True"
"1210100","Replace","5","True"
"1210120","Replace","5","True"
"1210150","Replace","5","True"
"1210200","Replace","5","True"
"1210201","Replace","5","True"
"1210250","Replace","5","True"
"1210300","Replace","5","True"
"1210375","Replace","5","True"
"1210400","Replace","5","True"
"1210450","Replace","5","True"
"1210500","Replace","5","True"
"1210600","Replace","5","True"
"1210675","Replace","5","True"
"1210700","Replace","5","True"
"1210800","Replace","5","True"
"1210900","Replace","5","True"
"1211200","Replace","5","True"
"1211500","Replace","5","True"
"1212000","Replace","5","True"
"1212101","Replace","5","True"
"1212102","Replace","5","True"
"1212103","Replace","5","True"
"1212104","Replace","5","True"
"1212105","Replace","5","True"
"1212106","Replace","5","True"
"1212107","Replace","5","True"
"1212108","Replace","5","True"
"1212109","Replace","5","True"
"1212110","Replace","5","True"
"1212111","Replace","5","True"
"1212112","Replace","5","True"
"1212113","Replace","5","True"
"1212114","Replace","5","True"
"1212115","Replace","5","True"
"1212116","Replace","5","True"
"1212501","Replace","5","True"
"1212502","Replace","5","True"
"1212503","Replace","5","True"
"1212504","Replace","5","True"
"1212505","Replace","5","True"
"1212506","Replace","5","True"
"1212507","Replace","5","True"
"1212508","Replace","5","True"
"1212509","Replace","5","True"
"1212510","Replace","5","True"
"1212511","Replace","5","True"
"1212512","Replace","5","True"
"1212513","Replace","5","True"
"1212514","Replace","5","True"
"1212515","Replace","5","True"
"1212516","Replace","5","True"
"1240001","Replace","5","True"
"1240002","Replace","5","True"
"1240003","Replace","5","True"
"1240004","Replace","5","True"
"1240005","Replace","5","True"
"1240006","Replace","5","True"
"1240007","Replace","5","True"
"1240008","Replace","5","True"
"1240009","Replace","5","True"
"1240010","Replace","5","True"
"1240011","Replace","5","True"
"1240012","Replace","5","True"
"1240013","Replace","5","True"
"1240014","Replace","5","True"
"1240015","Replace","5","True"
"1240016","Replace","5","True"
"1240017","Replace","5","True"
"1240019","Replace","5","True"
"1240021","Replace","5","True"
"1240101","Replace","5","True"
"1240102","Replace","5","True"
"1240103","Replace","5","True"
"1240104","Replace","5","True"
"1240105","Replace","5","True"
"1240106","Replace","5","True"
"1240107","Replace","5","True"
"1240108","Replace","5","True"
"1240109","Replace","5","True"
"1240110","Replace","5","True"
"1240111","Replace","5","True"
"1240112","Replace","5","True"
"1240113","Replace","5","True"
"1240114","Replace","5","True"
"1240115","Replace","5","True"
"1240116","Replace","5","True"
"1240117","Replace","5","True"
"1240118","Replace","5","True"
"1240119","Replace","5","True"
"1240120","Replace","5","True"
"1240121","Replace","5","True"
"1240122","Replace","5","True"
"1240123","Replace","5","True"
"1240124","Replace","5","True"
"1240125","Replace","5","True"
"1240126","Replace","5","True"
"1240127","Replace","5","True"
"1240128","Replace","5","True"
"1240129","Replace","5","True"
"1240130","Replace","5","True"
"1240131","Replace","5","True"
"1240132","Replace","5","True"
"1240133","Replace","5","True"
"1240134","Replace","5","True"
"1240135","Replace","5","True"
"1240136","Replace","5","True"
"1240137","Replace","5","True"
"1240138","Replace","5","True"
"1240139","Replace","5","True"
"1240140","Replace","5","True"
"1240141","Replace","5","True"
"1240142","Replace","5","True"
"1240143","Replace","5","True"
"1240144","Replace","5","True"
"1240145","Replace","5","True"
"1240146","Replace","5","True"
"1240147","Replace","5","True"
"1240148","Replace","5","True"
"1240149","Replace","5","True"
"1240150","Replace","5","True"
"1240151","Replace","5","True"
"1240152","Replace","5","True"
"1240153","Replace","5","True"
"1240154","Replace","5","True"
"1240155","Replace","5","True"
"1240156","Replace","5","True"
"1240157","Replace","5","True"
"1340001","Replace","5","True"
"1340002","Replace","5","True"
"1340003","Replace","5","True"
"1340004","Replace","5","True"
"1340005","Replace","5","True"
"1340006","Replace","5","True"
"1340007","Replace","5","True"
"1340008","Replace","5","True"
"1340009","Replace","5","True"
"1340010","Replace","5","True"
"1340011","Replace","5","True"
"1340012","Replace","5","True"
"1340013","Replace","5","True"
"1340014","Replace","5","True"
"1340015","Replace","5","True"
"1340016","Replace","5","True"
"1340017","Replace","5","True"
"1340101","Replace","5","True"
"1340102","Replace","5","True"
"1340103","Replace","5","True"
"1340104","Replace","5","True"
"1340105","Replace","5","True"
"1340106","Replace","5","True"
"1340107","Replace","5","True"
"1340108","Replace","5","True"
"1340109","Replace","5","True"
"1340110","Replace","5","True"
"1340111","Replace","5","True"
"1340112","Replace","5","True"
"1340113","Replace","5","True"
"1340114","Replace","5","True"
"1340115","Replace","5","True"
"1340116","Replace","5","True"
"1340117","Replace","5","True"
"1340118","Replace","5","True"
"1340119","Replace","5","True"
"1340120","Replace","5","True"
"1340121","Replace","5","True"
"1340122","Replace","5","True"
"1340123","Replace","5","True"
"1340124","Replace","5","True"
"1340125","Replace","5","True"
"1340126","Replace","5","True"
"1340127","Replace","5","True"
"1340128","Replace","5","True"
"1340129","Replace","5","True"
"1340130","Replace","5","True"
"1340131","Replace","5","True"
"1340132","Replace","5","True"
"1340133","Replace","5","True"
"1340134","Replace","5","True"
"1340135","Replace","5","True"
"1340136","Replace","5","True"
"1340137","Replace","5","True"
"1340138","Replace","5","True"
"1340139","Replace","5","True"
"1340140","Replace","5","True"
"1340141","Replace","5","True"
"1340142","Replace","5","True"
"1340143","Replace","5","True"
"1340144","Replace","5","True"
"1340145","Replace","5","True"
"1340146","Replace","5","True"
"1340147","Replace","5","True"
"1340148","Replace","5","True"
"1340149","Replace","5","True"
"1340150","Replace","5","True"
"1349999","Replace","5","True"
"1440001","Replace","5","True"
"1440002","Replace","5","True"
"1440003","Replace","5","True"
"1440004","Replace","5","True"
"1440005","Replace","5","True"
"1440006","Replace","5","True"
"1440007","Replace","5","True"
"1440008","Replace","5","True"
"1440009","Replace","5","True"
"1440010","Replace","5","True"
"1440011","Replace","5","True"
"1440012","Replace","5","True"
"1440013","Replace","5","True"
"1440014","Replace","5","True"
"1440015","Replace","5","True"
"1440101","Replace","5","True"
"1440102","Replace","5","True"
"1440103","Replace","5","True"
"1440104","Replace","5","True"
"1440105","Replace","5","True"
"1440106","Replace","5","True"
"1440107","Replace","5","True"
"1440108","Replace","5","True"
"1440109","Replace","5","True"
"1440110","Replace","5","True"
"1440111","Replace","5","True"
"1440112","Replace","5","True"
"1440113","Replace","5","True"
"1440114","Replace","5","True"
"1440115","Replace","5","True"
"1440116","Replace","5","True"
"1440117","Replace","5","True"
"1440118","Replace","5","True"
"1440119","Replace","5","True"
"1440120","Replace","5","True"
"1440121","Replace","5","True"
"1440122","Replace","5","True"
"1440123","Replace","5","True"
"1440124","Replace","5","True"
"1440125","Replace","5","True"
"1440126","Replace","5","True"
"1440127","Replace","5","True"
"1440128","Replace","5","True"
"1440129","Replace","5","True"
"1440130","Replace","5","True"
"1440131","Replace","5","True"
"1440132","Replace","5","True"
"1440133","Replace","5","True"
"1440134","Replace","5","True"
"1440135","Replace","5","True"
"1440136","Replace","5","True"
"1440137","Replace","5","True"
"1440138","Replace","5","True"
"1440139","Replace","5","True"
"1440140","Replace","5","True"
"1440141","Replace","5","True"
"1440142","Replace","5","True"
"1440143","Replace","5","True"
"1440144","Replace","5","True"
"1440145","Replace","5","True"
"1440146","Replace","5","True"
"1440147","Replace","5","True"
"1440148","Replace","5","True"
"1440149","Replace","5","True"
"1440150","Replace","5","True"
"1450001","Replace","5","True"
"1450002","Replace","5","True"
"1451001","Replace","5","True"
"1452001","Replace","5","True"
"1453001","Replace","5","True"
"1453002","Replace","5","True"
"1454001","Replace","5","True"
"1540101","Replace","5","True"
"1540102","Replace","5","True"
"1540103","Replace","5","True"
"1540104","Replace","5","True"
"1540105","Replace","5","True"
"1711001","Replace","5","True"
"1711002","Replace","5","True"
"1711003","Replace","5","True"
"1711004","Replace","5","True"
"1711005","Replace","5","True"
"1711006","Replace","5","True"
"1711007","Replace","5","True"
"1711008","Replace","5","True"
"1711009","Replace","5","True"
"1711010","Replace","5","True"
"1711011","Replace","5","True"
"1711012","Replace","5","True"
"1711101","Replace","5","True"
"1711102","Replace","5","True"
"1711103","Replace","5","True"
"1711104","Replace","5","True"
"1711105","Replace","5","True"
"1711106","Replace","5","True"
"1711107","Replace","5","True"
"1711108","Replace","5","True"
"1711109","Replace","5","True"
"1711110","Replace","5","True"
"1711111","Replace","5","True"
"1711112","Replace","5","True"
"1711113","Replace","5","True"
"1711114","Replace","5","True"
"1711115","Replace","5","True"
"1711116","Replace","5","True"
"1711117","Replace","5","True"
"1711118","Replace","5","True"
"1711119","Replace","5","True"
"1711120","Replace","5","True"
"1711121","Replace","5","True"
"1711122","Replace","5","True"
"1711123","Replace","5","True"
"1711124","Replace","5","True"
"1711125","Replace","5","True"
"1711126","Replace","5","True"
"1711127","Replace","5","True"
"1711128","Replace","5","True"
"1711129","Replace","5","True"
"1711130","Replace","5","True"
"1712001","Replace","5","True"
"1712002","Replace","5","True"
"1712003","Replace","5","True"
"1712004","Replace","5","True"
"1712005","Replace","5","True"
"1712006","Replace","5","True"
"1712007","Replace","5","True"
"1712008","Replace","5","True"
"1712009","Replace","5","True"
"1712010","Replace","5","True"
"1712101","Replace","5","True"
"1712102","Replace","5","True"
"1712103","Replace","5","True"
"1712104","Replace","5","True"
"1712105","Replace","5","True"
"1712106","Replace","5","True"
"1712107","Replace","5","True"
"1712108","Replace","5","True"
"1712109","Replace","5","True"
"1712110","Replace","5","True"
"1712111","Replace","5","True"
"1712112","Replace","5","True"
"1712113","Replace","5","True"
"1712114","Replace","5","True"
"1712115","Replace","5","True"
"1712116","Replace","5","True"
"1712117","Replace","5","True"
"1712118","Replace","5","True"
"1712119","Replace","5","True"
"1712120","Replace","5","True"
"1712121","Replace","5","True"
"1712122","Replace","5","True"
"1712123","Replace","5","True"
"1712124","Replace","5","True"
"1712125","Replace","5","True"
"1712126","Replace","5","True"
"1712127","Replace","5","True"
"1712128","Replace","5","True"
"1712129","Replace","5","True"
"1712130","Replace","5","True"
"1713001","Replace","5","True"
"1713002","Replace","5","True"
"1713003","Replace","5","True"
"1713004","Replace","5","True"
"1713005","Replace","5","True"
"1713006","Replace","5","True"
"1713007","Replace","5","True"
"1713008","Replace","5","True"
"1713009","Replace","5","True"
"1713010","Replace","5","True"
"1713101","Replace","5","True"
"1713102","Replace","5","True"
"1713103","Replace","5","True"
"1713104","Replace","5","True"
"1713105","Replace","5","True"
"1713106","Replace","5","True"
"1713107","Replace","5","True"
"1713108","Replace","5","True"
"1713109","Replace","5","True"
"1713110","Replace","5","True"
"1713111","Replace","5","True"
"1713112","Replace","5","True"
"1713113","Replace","5","True"
"1713114","Replace","5","True"
"1713115","Replace","5","True"
"1713116","Replace","5","True"
"1713117","Replace","5","True"
"1713118","Replace","5","True"
"1713119","Replace","5","True"
"1713120","Replace","5","True"
"1713121","Replace","5","True"
"1713122","Replace","5","True"
"1713123","Replace","5","True"
"1713124","Replace","5","True"
"1713125","Replace","5","True"
"1713126","Replace","5","True"
"1713127","Replace","5","True"
"1713128","Replace","5","True"
"1713129","Replace","5","True"
"1713130","Replace","5","True"
"1714001","Replace","5","True"
"1714002","Replace","5","True"
"1714003","Replace","5","True"
"1714004","Replace","5","True"
"1714005","Replace","5","True"
"1714006","Replace","5","True"
"1714007","Replace","5","True"
"1714008","Replace","5","True"
"1714101","Replace","5","True"
"1714102","Replace","5","True"
"1714103","Replace","5","True"
"1714104","Replace","5","True"
"1714105","Replace","5","True"
"1714106","Replace","5","True"
"1714107","Replace","5","True"
"1714108","Replace","5","True"
"1714109","Replace","5","True"
"1714110","Replace","5","True"
"1714111","Replace","5","True"
"1714112","Replace","5","True"
"1714113","Replace","5","True"
"1714114","Replace","5","True"
"1714115","Replace","5","True"
"1714116","Replace","5","True"
"1714117","Replace","5","True"
"1714118","Replace","5","True"
"1714119","Replace","5","True"
"1714120","Replace","5","True"
"1714121","Replace","5","True"
"1714122","Replace","5","True"
"1714123","Replace","5","True"
"1714124","Replace","5","True"
"1714125","Replace","5","True"
"1714126","Replace","5","True"
"1714127","Replace","5","True"
"1714128","Replace","5","True"
"1714129","Replace","5","True"
"1714130","Replace","5","True"
"1715001","Replace","5","True"
"1715002","Replace","5","True"
"1715003","Replace","5","True"
"1715004","Replace","5","True"
"1715005","Replace","5","True"
"1715006","Replace","5","True"
"1715101","Replace","5","True"
"1715102","Replace","5","True"
"1715103","Replace","5","True"
"1715104","Replace","5","True"
"1715105","Replace","5","True"
"1715106","Replace","5","True"
"1715107","Replace","5","True"
"1715108","Replace","5","True"
"1715109","Replace","5","True"
"1715110","Replace","5","True"
"1715111","Replace","5","True"
"1715112","Replace","5","True"
"1715113","Replace","5","True"
"1715114","Replace","5","True"
"1715115","Replace","5","True"
"1715116","Replace","5","True"
"1715117","Replace","5","True"
"1715118","Replace","5","True"
"1715119","Replace","5","True"
"1715120","Replace","5","True"
"1715121","Replace","5","True"
"1715122","Replace","5","True"
"1715123","Replace","5","True"
"1715124","Replace","5","True"
"1715125","Replace","5","True"
"1715126","Replace","5","True"
"1715127","Replace","5","True"
"1715128","Replace","5","True"
"1715129","Replace","5","True"
"1715130","Replace","5","True"
"1716101","Replace","5","True"
"1716102","Replace","5","True"
"1716103","Replace","5","True"
"1716104","Replace","5","True"
"1716105","Replace","5","True"
"1716106","Replace","5","True"
"1716107","Replace","5","True"
"1716108","Replace","5","True"
"1716109","Replace","5","True"
"1716110","Replace","5","True"
"1716111","Replace","5","True"
"1716112","Replace","5","True"
"1716113","Replace","5","True"
"1716114","Replace","5","True"
"1716115","Replace","5","True"
"1716116","Replace","5","True"
"1716117","Replace","5","True"
"1716118","Replace","5","True"
"1716119","Replace","5","True"
"1716120","Replace","5","True"
"1716121","Replace","5","True"
"1716122","Replace","5","True"
"1716123","Replace","5","True"
"1716124","Replace","5","True"
"1716125","Replace","5","True"
"1716126","Replace","5","True"
"1716127","Replace","5","True"
"1716128","Replace","5","True"
"1716129","Replace","5","True"
"1716130","Replace","5","True"
"1717101","Replace","5","True"
"1717102","Replace","5","True"
"1717103","Replace","5","True"
"1717104","Replace","5","True"
"1717105","Replace","5","True"
"1717106","Replace","5","True"
"1717107","Replace","5","True"
"1717108","Replace","5","True"
"1717109","Replace","5","True"
"1717110","Replace","5","True"
"1717111","Replace","5","True"
"1717112","Replace","5","True"
"1717113","Replace","5","True"
"1717114","Replace","5","True"
"1717115","Replace","5","True"
"1717116","Replace","5","True"
"1717117","Replace","5","True"
"1717118","Replace","5","True"
"1717119","Replace","5","True"
"1717120","Replace","5","True"
"1717121","Replace","5","True"
"1717122","Replace","5","True"
"1717123","Replace","5","True"
"1717124","Replace","5","True"
"1717125","Replace","5","True"
"1717126","Replace","5","True"
"1717127","Replace","5","True"
"1717128","Replace","5","True"
"1717129","Replace","5","True"
"1717130","Replace","5","True"
"1721001","Replace","5","True"
"1721002","Replace","5","True"
"1721003","Replace","5","True"
"1721004","Replace","5","True"
"1721005","Replace","5","True"
"1721006","Replace","5","True"
"1721007","Replace","5","True"
"1721008","Replace","5","True"
"1721009","Replace","5","True"
"1721010","Replace","5","True"
"1721011","Replace","5","True"
"1721101","Replace","5","True"
"1721102","Replace","5","True"
"1721103","Replace","5","True"
"1721104","Replace","5","True"
"1721105","Replace","5","True"
"1721106","Replace","5","True"
"1721107","Replace","5","True"
"1721108","Replace","5","True"
"1721109","Replace","5","True"
"1721110","Replace","5","True"
"1721111","Replace","5","True"
"1721112","Replace","5","True"
"1721113","Replace","5","True"
"1721114","Replace","5","True"
"1721115","Replace","5","True"
"1721116","Replace","5","True"
"1721117","Replace","5","True"
"1721118","Replace","5","True"
"1721119","Replace","5","True"
"1721120","Replace","5","True"
"1721121","Replace","5","True"
"1721122","Replace","5","True"
"1721123","Replace","5","True"
"1721124","Replace","5","True"
"1721125","Replace","5","True"
"1721126","Replace","5","True"
"1721127","Replace","5","True"
"1721128","Replace","5","True"
"1721129","Replace","5","True"
"1721130","Replace","5","True"
"1722001","Replace","5","True"
"1722002","Replace","5","True"
"1722003","Replace","5","True"
"1722004","Replace","5","True"
"1722005","Replace","5","True"
"1722006","Replace","5","True"
"1722007","Replace","5","True"
"1722008","Replace","5","True"
"1722009","Replace","5","True"
"1722010","Replace","5","True"
"1722101","Replace","5","True"
"1722102","Replace","5","True"
"1722103","Replace","5","True"
"1722104","Replace","5","True"
"1722105","Replace","5","True"
"1722106","Replace","5","True"
"1722107","Replace","5","True"
"1722108","Replace","5","True"
"1722109","Replace","5","True"
"1722110","Replace","5","True"
"1722111","Replace","5","True"
"1722112","Replace","5","True"
"1722113","Replace","5","True"
"1722114","Replace","5","True"
"1722115","Replace","5","True"
"1722116","Replace","5","True"
"1722117","Replace","5","True"
"1722118","Replace","5","True"
"1722119","Replace","5","True"
"1722120","Replace","5","True"
"1722121","Replace","5","True"
"1722122","Replace","5","True"
"1722123","Replace","5","True"
"1722124","Replace","5","True"
"1722125","Replace","5","True"
"1722126","Replace","5","True"
"1722127","Replace","5","True"
"1722128","Replace","5","True"
"1722129","Replace","5","True"
"1722130","Replace","5","True"
"1723001","Replace","5","True"
"1723002","Replace","5","True"
"1723003","Replace","5","True"
"1723004","Replace","5","True"
"1723005","Replace","5","True"
"1723006","Replace","5","True"
"1723007","Replace","5","True"
"1723008","Replace","5","True"
"1723009","Replace","5","True"
"1723010","Replace","5","True"
"1723101","Replace","5","True"
"1723102","Replace","5","True"
"1723103","Replace","5","True"
"1723104","Replace","5","True"
"1723105","Replace","5","True"
"1723106","Replace","5","True"
"1723107","Replace","5","True"
"1723108","Replace","5","True"
"1723109","Replace","5","True"
"1723110","Replace","5","True"
"1723111","Replace","5","True"
"1723112","Replace","5","True"
"1723113","Replace","5","True"
"1723114","Replace","5","True"
"1723115","Replace","5","True"
"1723116","Replace","5","True"
"1723117","Replace","5","True"
"1723118","Replace","5","True"
"1723119","Replace","5","True"
"1723120","Replace","5","True"
"1723121","Replace","5","True"
"1723122","Replace","5","True"
"1723123","Replace","5","True"
"1723124","Replace","5","True"
"1723125","Replace","5","True"
"1723126","Replace","5","True"
"1723127","Replace","5","True"
"1723128","Replace","5","True"
"1723129","Replace","5","True"
"1723130","Replace","5","True"
"1724001","Replace","5","True"
"1724002","Replace","5","True"
"1724003","Replace","5","True"
"1724004","Replace","5","True"
"1724005","Replace","5","True"
"1724006","Replace","5","True"
"1724007","Replace","5","True"
"1724008","Replace","5","True"
"1724101","Replace","5","True"
"1724102","Replace","5","True"
"1724103","Replace","5","True"
"1724104","Replace","5","True"
"1724105","Replace","5","True"
"1724106","Replace","5","True"
"1724107","Replace","5","True"
"1724108","Replace","5","True"
"1724109","Replace","5","True"
"1724110","Replace","5","True"
"1724111","Replace","5","True"
"1724112","Replace","5","True"
"1724113","Replace","5","True"
"1724114","Replace","5","True"
"1724115","Replace","5","True"
"1724116","Replace","5","True"
"1724117","Replace","5","True"
"1724118","Replace","5","True"
"1724119","Replace","5","True"
"1724120","Replace","5","True"
"1724121","Replace","5","True"
"1724122","Replace","5","True"
"1724123","Replace","5","True"
"1724124","Replace","5","True"
"1724125","Replace","5","True"
"1724126","Replace","5","True"
"1724127","Replace","5","True"
"1724128","Replace","5","True"
"1724129","Replace","5","True"
"1724130","Replace","5","True"
"1725001","Replace","5","True"
"1725002","Replace","5","True"
"1725003","Replace","5","True"
"1725004","Replace","5","True"
"1725005","Replace","5","True"
"1725006","Replace","5","True"
"1725101","Replace","5","True"
"1725102","Replace","5","True"
"1725103","Replace","5","True"
"1725104","Replace","5","True"
"1725105","Replace","5","True"
"1725106","Replace","5","True"
"1725107","Replace","5","True"
"1725108","Replace","5","True"
"1725109","Replace","5","True"
"1725110","Replace","5","True"
"1725111","Replace","5","True"
"1725112","Replace","5","True"
"1725113","Replace","5","True"
"1725114","Replace","5","True"
"1725115","Replace","5","True"
"1725116","Replace","5","True"
"1725117","Replace","5","True"
"1725118","Replace","5","True"
"1725119","Replace","5","True"
"1725120","Replace","5","True"
"1725121","Replace","5","True"
"1725122","Replace","5","True"
"1725123","Replace","5","True"
"1725124","Replace","5","True"
"1725125","Replace","5","True"
"1725126","Replace","5","True"
"1725127","Replace","5","True"
"1725128","Replace","5","True"
"1725129","Replace","5","True"
"1725130","Replace","5","True"
"1726101","Replace","5","True"
"1726102","Replace","5","True"
"1726103","Replace","5","True"
"1726104","Replace","5","True"
"1726105","Replace","5","True"
"1726106","Replace","5","True"
"1726107","Replace","5","True"
"1726108","Replace","5","True"
"1726109","Replace","5","True"
"1726110","Replace","5","True"
"1726111","Replace","5","True"
"1726112","Replace","5","True"
"1726113","Replace","5","True"
"1726114","Replace","5","True"
"1726115","Replace","5","True"
"1726116","Replace","5","True"
"1726117","Replace","5","True"
"1726118","Replace","5","True"
"1726119","Replace","5","True"
"1726120","Replace","5","True"
"1726121","Replace","5","True"
"1726122","Replace","5","True"
"1726123","Replace","5","True"
"1726124","Replace","5","True"
"1726125","Replace","5","True"
"1726126","Replace","5","True"
"1726127","Replace","5","True"
"1726128","Replace","5","True"
"1726129","Replace","5","True"
"1726130","Replace","5","True"
"1727101","Replace","5","True"
"1727102","Replace","5","True"
"1727103","Replace","5","True"
"1727104","Replace","5","True"
"1727105","Replace","5","True"
"1727106","Replace","5","True"
"1727107","Replace","5","True"
"1727108","Replace","5","True"
"1727109","Replace","5","True"
"1727110","Replace","5","True"
"1727111","Replace","5","True"
"1727112","Replace","5","True"
"1727113","Replace","5","True"
"1727114","Replace","5","True"
"1727115","Replace","5","True"
"1727116","Replace","5","True"
"1727117","Replace","5","True"
"1727118","Replace","5","True"
"1727119","Replace","5","True"
"1727120","Replace","5","True"
"1727121","Replace","5","True"
"1727122","Replace","5","True"
"1727123","Replace","5","True"
"1727124","Replace","5","True"
"1727125","Replace","5","True"
"1727126","Replace","5","True"
"1727127","Replace","5","True"
"1727128","Replace","5","True"
"1727129","Replace","5","True"
"1727130","Replace","5","True"
"1731001","Replace","5","True"
"1731002","Replace","5","True"
"1731003","Replace","5","True"
"1731004","Replace","5","True"
"1731005","Replace","5","True"
"1731006","Replace","5","True"
"1731007","Replace","5","True"
"1731008","Replace","5","True"
"1731009","Replace","5","True"
"1731010","Replace","5","True"
"1731101","Replace","5","True"
"1731102","Replace","5","True"
"1731103","Replace","5","True"
"1731104","Replace","5","True"
"1731105","Replace","5","True"
"1731106","Replace","5","True"
"1731107","Replace","5","True"
"1731108","Replace","5","True"
"1731109","Replace","5","True"
"1731110","Replace","5","True"
"1731111","Replace","5","True"
"1731112","Replace","5","True"
"1731113","Replace","5","True"
"1731114","Replace","5","True"
"1731115","Replace","5","True"
"1731116","Replace","5","True"
"1731117","Replace","5","True"
"1731118","Replace","5","True"
"1731119","Replace","5","True"
"1731120","Replace","5","True"
"1731121","Replace","5","True"
"1731122","Replace","5","True"
"1731123","Replace","5","True"
"1731124","Replace","5","True"
"1731125","Replace","5","True"
"1731126","Replace","5","True"
"1731127","Replace","5","True"
"1731128","Replace","5","True"
"1731129","Replace","5","True"
"1731130","Replace","5","True"
"1732001","Replace","5","True"
"1732002","Replace","5","True"
"1732003","Replace","5","True"
"1732004","Replace","5","True"
"1732005","Replace","5","True"
"1732006","Replace","5","True"
"1732007","Replace","5","True"
"1732008","Replace","5","True"
"1732009","Replace","5","True"
"1732010","Replace","5","True"
"1732101","Replace","5","True"
"1732102","Replace","5","True"
"1732103","Replace","5","True"
"1732104","Replace","5","True"
"1732105","Replace","5","True"
"1732106","Replace","5","True"
"1732107","Replace","5","True"
"1732108","Replace","5","True"
"1732109","Replace","5","True"
"1732110","Replace","5","True"
"1732111","Replace","5","True"
"1732112","Replace","5","True"
"1732113","Replace","5","True"
"1732114","Replace","5","True"
"1732115","Replace","5","True"
"1732116","Replace","5","True"
"1732117","Replace","5","True"
"1732118","Replace","5","True"
"1732119","Replace","5","True"
"1732120","Replace","5","True"
"1732121","Replace","5","True"
"1732122","Replace","5","True"
"1732123","Replace","5","True"
"1732124","Replace","5","True"
"1732125","Replace","5","True"
"1732126","Replace","5","True"
"1732127","Replace","5","True"
"1732128","Replace","5","True"
"1732129","Replace","5","True"
"1732130","Replace","5","True"
"1733001","Replace","5","True"
"1733002","Replace","5","True"
"1733003","Replace","5","True"
"1733004","Replace","5","True"
"1733005","Replace","5","True"
"1733006","Replace","5","True"
"1733007","Replace","5","True"
"1733008","Replace","5","True"
"1733009","Replace","5","True"
"1733010","Replace","5","True"
"1733101","Replace","5","True"
"1733102","Replace","5","True"
"1733103","Replace","5","True"
"1733104","Replace","5","True"
"1733105","Replace","5","True"
"1733106","Replace","5","True"
"1733107","Replace","5","True"
"1733108","Replace","5","True"
"1733109","Replace","5","True"
"1733110","Replace","5","True"
"1733111","Replace","5","True"
"1733112","Replace","5","True"
"1733113","Replace","5","True"
"1733114","Replace","5","True"
"1733115","Replace","5","True"
"1733116","Replace","5","True"
"1733117","Replace","5","True"
"1733118","Replace","5","True"
"1733119","Replace","5","True"
"1733120","Replace","5","True"
"1733121","Replace","5","True"
"1733122","Replace","5","True"
"1733123","Replace","5","True"
"1733124","Replace","5","True"
"1733125","Replace","5","True"
"1733126","Replace","5","True"
"1733127","Replace","5","True"
"1733128","Replace","5","True"
"1733129","Replace","5","True"
"1733130","Replace","5","True"
"1734001","Replace","5","True"
"1734002","Replace","5","True"
"1734003","Replace","5","True"
"1734004","Replace","5","True"
"1734005","Replace","5","True"
"1734006","Replace","5","True"
"1734007","Replace","5","True"
"1734008","Replace","5","True"
"1734101","Replace","5","True"
"1734102","Replace","5","True"
"1734103","Replace","5","True"
"1734104","Replace","5","True"
"1734105","Replace","5","True"
"1734106","Replace","5","True"
"1734107","Replace","5","True"
"1734108","Replace","5","True"
"1734109","Replace","5","True"
"1734110","Replace","5","True"
"1734111","Replace","5","True"
"1734112","Replace","5","True"
"1734113","Replace","5","True"
"1734114","Replace","5","True"
"1734115","Replace","5","True"
"1734116","Replace","5","True"
"1734117","Replace","5","True"
"1734118","Replace","5","True"
"1734119","Replace","5","True"
"1734120","Replace","5","True"
"1734121","Replace","5","True"
"1734122","Replace","5","True"
"1734123","Replace","5","True"
"1734124","Replace","5","True"
"1734125","Replace","5","True"
"1734126","Replace","5","True"
"1734127","Replace","5","True"
"1734128","Replace","5","True"
"1734129","Replace","5","True"
"1734130","Replace","5","True"
"1735001","Replace","5","True"
"1735002","Replace","5","True"
"1735003","Replace","5","True"
"1735004","Replace","5","True"
"1735005","Replace","5","True"
"1735006","Replace","5","True"
"1735007","Replace","5","True"
"1735101","Replace","5","True"
"1735102","Replace","5","True"
"1735103","Replace","5","True"
"1735104","Replace","5","True"
"1735105","Replace","5","True"
"1735106","Replace","5","True"
"1735107","Replace","5","True"
"1735108","Replace","5","True"
"1735109","Replace","5","True"
"1735110","Replace","5","True"
"1735111","Replace","5","True"
"1735112","Replace","5","True"
"1735113","Replace","5","True"
"1735114","Replace","5","True"
"1735115","Replace","5","True"
"1735116","Replace","5","True"
"1735117","Replace","5","True"
"1735118","Replace","5","True"
"1735119","Replace","5","True"
"1735120","Replace","5","True"
"1735121","Replace","5","True"
"1735122","Replace","5","True"
"1735123","Replace","5","True"
"1735124","Replace","5","True"
"1735125","Replace","5","True"
"1735126","Replace","5","True"
"1735127","Replace","5","True"
"1735128","Replace","5","True"
"1735129","Replace","5","True"
"1735130","Replace","5","True"
"1736101","Replace","5","True"
"1736102","Replace","5","True"
"1736103","Replace","5","True"
"1736104","Replace","5","True"
"1736105","Replace","5","True"
"1736106","Replace","5","True"
"1736107","Replace","5","True"
"1736108","Replace","5","True"
"1736109","Replace","5","True"
"1736110","Replace","5","True"
"1736111","Replace","5","True"
"1736112","Replace","5","True"
"1736113","Replace","5","True"
"1736114","Replace","5","True"
"1736115","Replace","5","True"
"1736116","Replace","5","True"
"1736117","Replace","5","True"
"1736118","Replace","5","True"
"1736119","Replace","5","True"
"1736120","Replace","5","True"
"1736121","Replace","5","True"
"1736122","Replace","5","True"
"1736123","Replace","5","True"
"1736124","Replace","5","True"
"1736125","Replace","5","True"
"1736126","Replace","5","True"
"1736127","Replace","5","True"
"1736128","Replace","5","True"
"1736129","Replace","5","True"
"1736130","Replace","5","True"
"1737101","Replace","5","True"
"1737102","Replace","5","True"
"1737103","Replace","5","True"
"1737104","Replace","5","True"
"1737105","Replace","5","True"
"1737106","Replace","5","True"
"1737107","Replace","5","True"
"1737108","Replace","5","True"
"1737109","Replace","5","True"
"1737110","Replace","5","True"
"1737111","Replace","5","True"
"1737112","Replace","5","True"
"1737113","Replace","5","True"
"1737114","Replace","5","True"
"1737115","Replace","5","True"
"1737116","Replace","5","True"
"1737117","Replace","5","True"
"1737118","Replace","5","True"
"1737119","Replace","5","True"
"1737120","Replace","5","True"
"1737121","Replace","5","True"
"1737122","Replace","5","True"
"1737123","Replace","5","True"
"1737124","Replace","5","True"
"1737125","Replace","5","True"
"1737126","Replace","5","True"
"1737127","Replace","5","True"
"1737128","Replace","5","True"
"1737129","Replace","5","True"
"1737130","Replace","5","True"
"1741000","Replace","5","True"
"1741001","Replace","5","True"
"1741002","Replace","5","True"
"1741003","Replace","5","True"
"1741004","Replace","5","True"
"1741005","Replace","5","True"
"1741006","Replace","5","True"
"1741007","Replace","5","True"
"1741008","Replace","5","True"
"1741009","Replace","5","True"
"1741010","Replace","5","True"
"1741101","Replace","5","True"
"1741102","Replace","5","True"
"1741103","Replace","5","True"
"1741104","Replace","5","True"
"1741105","Replace","5","True"
"1741106","Replace","5","True"
"1741107","Replace","5","True"
"1741108","Replace","5","True"
"1741109","Replace","5","True"
"1741110","Replace","5","True"
"1741111","Replace","5","True"
"1741112","Replace","5","True"
"1741113","Replace","5","True"
"1741114","Replace","5","True"
"1741115","Replace","5","True"
"1741116","Replace","5","True"
"1741117","Replace","5","True"
"1741118","Replace","5","True"
"1741119","Replace","5","True"
"1741120","Replace","5","True"
"1741121","Replace","5","True"
"1741122","Replace","5","True"
"1741123","Replace","5","True"
"1741124","Replace","5","True"
"1741125","Replace","5","True"
"1741126","Replace","5","True"
"1741127","Replace","5","True"
"1741128","Replace","5","True"
"1741129","Replace","5","True"
"1741130","Replace","5","True"
"1742001","Replace","5","True"
"1742002","Replace","5","True"
"1742003","Replace","5","True"
"1742004","Replace","5","True"
"1742005","Replace","5","True"
"1742006","Replace","5","True"
"1742007","Replace","5","True"
"1742008","Replace","5","True"
"1742009","Replace","5","True"
"1742010","Replace","5","True"
"1742101","Replace","5","True"
"1742102","Replace","5","True"
"1742103","Replace","5","True"
"1742104","Replace","5","True"
"1742105","Replace","5","True"
"1742106","Replace","5","True"
"1742107","Replace","5","True"
"1742108","Replace","5","True"
"1742109","Replace","5","True"
"1742110","Replace","5","True"
"1742111","Replace","5","True"
"1742112","Replace","5","True"
"1742113","Replace","5","True"
"1742114","Replace","5","True"
"1742115","Replace","5","True"
"1742116","Replace","5","True"
"1742117","Replace","5","True"
"1742118","Replace","5","True"
"1742119","Replace","5","True"
"1742120","Replace","5","True"
"1742121","Replace","5","True"
"1742122","Replace","5","True"
"1742123","Replace","5","True"
"1742124","Replace","5","True"
"1742125","Replace","5","True"
"1742126","Replace","5","True"
"1742127","Replace","5","True"
"1742128","Replace","5","True"
"1742129","Replace","5","True"
"1742130","Replace","5","True"
"1743001","Replace","5","True"
"1743002","Replace","5","True"
"1743003","Replace","5","True"
"1743004","Replace","5","True"
"1743005","Replace","5","True"
"1743006","Replace","5","True"
"1743007","Replace","5","True"
"1743008","Replace","5","True"
"1743009","Replace","5","True"
"1743010","Replace","5","True"
"1743101","Replace","5","True"
"1743102","Replace","5","True"
"1743103","Replace","5","True"
"1743104","Replace","5","True"
"1743105","Replace","5","True"
"1743106","Replace","5","True"
"1743107","Replace","5","True"
"1743108","Replace","5","True"
"1743109","Replace","5","True"
"1743110","Replace","5","True"
"1743111","Replace","5","True"
"1743112","Replace","5","True"
"1743113","Replace","5","True"
"1743114","Replace","5","True"
"1743115","Replace","5","True"
"1743116","Replace","5","True"
"1743117","Replace","5","True"
"1743118","Replace","5","True"
"1743119","Replace","5","True"
"1743120","Replace","5","True"
"1743121","Replace","5","True"
"1743122","Replace","5","True"
"1743123","Replace","5","True"
"1743124","Replace","5","True"
"1743125","Replace","5","True"
"1743126","Replace","5","True"
"1743127","Replace","5","True"
"1743128","Replace","5","True"
"1743129","Replace","5","True"
"1743130","Replace","5","True"
"1744001","Replace","5","True"
"1744002","Replace","5","True"
"1744003","Replace","5","True"
"1744004","Replace","5","True"
"1744005","Replace","5","True"
"1744006","Replace","5","True"
"1744007","Replace","5","True"
"1744008","Replace","5","True"
"1744101","Replace","5","True"
"1744102","Replace","5","True"
"1744103","Replace","5","True"
"1744104","Replace","5","True"
"1744105","Replace","5","True"
"1744106","Replace","5","True"
"1744107","Replace","5","True"
"1744108","Replace","5","True"
"1744109","Replace","5","True"
"1744110","Replace","5","True"
"1744111","Replace","5","True"
"1744112","Replace","5","True"
"1744113","Replace","5","True"
"1744114","Replace","5","True"
"1744115","Replace","5","True"
"1744116","Replace","5","True"
"1744117","Replace","5","True"
"1744118","Replace","5","True"
"1744119","Replace","5","True"
"1744120","Replace","5","True"
"1744121","Replace","5","True"
"1744122","Replace","5","True"
"1744123","Replace","5","True"
"1744124","Replace","5","True"
"1744125","Replace","5","True"
"1744126","Replace","5","True"
"1744127","Replace","5","True"
"1744128","Replace","5","True"
"1744129","Replace","5","True"
"1744130","Replace","5","True"
"1745001","Replace","5","True"
"1745002","Replace","5","True"
"1745003","Replace","5","True"
"1745004","Replace","5","True"
"1745005","Replace","5","True"
"1745006","Replace","5","True"
"1745101","Replace","5","True"
"1745102","Replace","5","True"
"1745103","Replace","5","True"
"1745104","Replace","5","True"
"1745105","Replace","5","True"
"1745106","Replace","5","True"
"1745107","Replace","5","True"
"1745108","Replace","5","True"
"1745109","Replace","5","True"
"1745110","Replace","5","True"
"1745111","Replace","5","True"
"1745112","Replace","5","True"
"1745113","Replace","5","True"
"1745114","Replace","5","True"
"1745115","Replace","5","True"
"1745116","Replace","5","True"
"1745117","Replace","5","True"
"1745118","Replace","5","True"
"1745119","Replace","5","True"
"1745120","Replace","5","True"
"1745121","Replace","5","True"
"1745122","Replace","5","True"
"1745123","Replace","5","True"
"1745124","Replace","5","True"
"1745125","Replace","5","True"
"1745126","Replace","5","True"
"1745127","Replace","5","True"
"1745128","Replace","5","True"
"1745129","Replace","5","True"
"1745130","Replace","5","True"
"1746101","Replace","5","True"
"1746102","Replace","5","True"
"1746103","Replace","5","True"
"1746104","Replace","5","True"
"1746105","Replace","5","True"
"1746106","Replace","5","True"
"1746107","Replace","5","True"
"1746108","Replace","5","True"
"1746109","Replace","5","True"
"1746110","Replace","5","True"
"1746111","Replace","5","True"
"1746112","Replace","5","True"
"1746113","Replace","5","True"
"1746114","Replace","5","True"
"1746115","Replace","5","True"
"1746116","Replace","5","True"
"1746117","Replace","5","True"
"1746118","Replace","5","True"
"1746119","Replace","5","True"
"1746120","Replace","5","True"
"1746121","Replace","5","True"
"1746122","Replace","5","True"
"1746123","Replace","5","True"
"1746124","Replace","5","True"
"1746125","Replace","5","True"
"1746126","Replace","5","True"
"1746127","Replace","5","True"
"1746128","Replace","5","True"
"1746129","Replace","5","True"
"1746130","Replace","5","True"
"1747101","Replace","5","True"
"1747102","Replace","5","True"
"1747103","Replace","5","True"
"1747104","Replace","5","True"
"1747105","Replace","5","True"
"1747106","Replace","5","True"
"1747107","Replace","5","True"
"1747108","Replace","5","True"
"1747109","Replace","5","True"
"1747110","Replace","5","True"
"1747111","Replace","5","True"
"1747112","Replace","5","True"
"1747113","Replace","5","True"
"1747114","Replace","5","True"
"1747115","Replace","5","True"
"1747116","Replace","5","True"
"1747117","Replace","5","True"
"1747118","Replace","5","True"
"1747119","Replace","5","True"
"1747120","Replace","5","True"
"1747121","Replace","5","True"
"1747122","Replace","5","True"
"1747123","Replace","5","True"
"1747124","Replace","5","True"
"1747125","Replace","5","True"
"1747126","Replace","5","True"
"1747127","Replace","5","True"
"1747128","Replace","5","True"
"1747129","Replace","5","True"
"1747130","Replace","5","True"
"1751001","Replace","5","True"
"1751002","Replace","5","True"
"1751003","Replace","5","True"
"1751004","Replace","5","True"
"1751005","Replace","5","True"
"1751006","Replace","5","True"
"1751007","Replace","5","True"
"1751008","Replace","5","True"
"1751009","Replace","5","True"
"1751010","Replace","5","True"
"1751101","Replace","5","True"
"1751102","Replace","5","True"
"1751103","Replace","5","True"
"1751104","Replace","5","True"
"1751105","Replace","5","True"
"1751106","Replace","5","True"
"1751107","Replace","5","True"
"1751108","Replace","5","True"
"1751109","Replace","5","True"
"1751110","Replace","5","True"
"1751111","Replace","5","True"
"1751112","Replace","5","True"
"1751113","Replace","5","True"
"1751114","Replace","5","True"
"1751115","Replace","5","True"
"1751116","Replace","5","True"
"1751117","Replace","5","True"
"1751118","Replace","5","True"
"1751119","Replace","5","True"
"1751120","Replace","5","True"
"1751121","Replace","5","True"
"1751122","Replace","5","True"
"1751123","Replace","5","True"
"1751124","Replace","5","True"
"1751125","Replace","5","True"
"1751126","Replace","5","True"
"1751127","Replace","5","True"
"1751128","Replace","5","True"
"1751129","Replace","5","True"
"1751130","Replace","5","True"
"1752001","Replace","5","True"
"1752002","Replace","5","True"
"1752003","Replace","5","True"
"1752004","Replace","5","True"
"1752005","Replace","5","True"
"1752006","Replace","5","True"
"1752007","Replace","5","True"
"1752008","Replace","5","True"
"1752009","Replace","5","True"
"1752010","Replace","5","True"
"1752101","Replace","5","True"
"1752102","Replace","5","True"
"1752103","Replace","5","True"
"1752104","Replace","5","True"
"1752105","Replace","5","True"
"1752106","Replace","5","True"
"1752107","Replace","5","True"
"1752108","Replace","5","True"
"1752109","Replace","5","True"
"1752110","Replace","5","True"
"1752111","Replace","5","True"
"1752112","Replace","5","True"
"1752113","Replace","5","True"
"1752114","Replace","5","True"
"1752115","Replace","5","True"
"1752116","Replace","5","True"
"1752117","Replace","5","True"
"1752118","Replace","5","True"
"1752119","Replace","5","True"
"1752120","Replace","5","True"
"1752121","Replace","5","True"
"1752122","Replace","5","True"
"1752123","Replace","5","True"
"1752124","Replace","5","True"
"1752125","Replace","5","True"
"1752126","Replace","5","True"
"1752127","Replace","5","True"
"1752128","Replace","5","True"
"1752129","Replace","5","True"
"1752130","Replace","5","True"
"1753001","Replace","5","True"
"1753002","Replace","5","True"
"1753003","Replace","5","True"
"1753004","Replace","5","True"
"1753005","Replace","5","True"
"1753006","Replace","5","True"
"1753007","Replace","5","True"
"1753008","Replace","5","True"
"1753009","Replace","5","True"
"1753010","Replace","5","True"
"1753101","Replace","5","True"
"1753102","Replace","5","True"
"1753103","Replace","5","True"
"1753104","Replace","5","True"
"1753105","Replace","5","True"
"1753106","Replace","5","True"
"1753107","Replace","5","True"
"1753108","Replace","5","True"
"1753109","Replace","5","True"
"1753110","Replace","5","True"
"1753111","Replace","5","True"
"1753112","Replace","5","True"
"1753113","Replace","5","True"
"1753114","Replace","5","True"
"1753115","Replace","5","True"
"1753116","Replace","5","True"
"1753117","Replace","5","True"
"1753118","Replace","5","True"
"1753119","Replace","5","True"
"1753120","Replace","5","True"
"1753121","Replace","5","True"
"1753122","Replace","5","True"
"1753123","Replace","5","True"
"1753124","Replace","5","True"
"1753125","Replace","5","True"
"1753126","Replace","5","True"
"1753127","Replace","5","True"
"1753128","Replace","5","True"
"1753129","Replace","5","True"
"1753130","Replace","5","True"
"1754001","Replace","5","True"
"1754002","Replace","5","True"
"1754003","Replace","5","True"
"1754004","Replace","5","True"
"1754005","Replace","5","True"
"1754006","Replace","5","True"
"1754007","Replace","5","True"
"1754008","Replace","5","True"
"1754101","Replace","5","True"
"1754102","Replace","5","True"
"1754103","Replace","5","True"
"1754104","Replace","5","True"
"1754105","Replace","5","True"
"1754106","Replace","5","True"
"1754107","Replace","5","True"
"1754108","Replace","5","True"
"1754109","Replace","5","True"
"1754110","Replace","5","True"
"1754111","Replace","5","True"
"1754112","Replace","5","True"
"1754113","Replace","5","True"
"1754114","Replace","5","True"
"1754115","Replace","5","True"
"1754116","Replace","5","True"
"1754117","Replace","5","True"
"1754118","Replace","5","True"
"1754119","Replace","5","True"
"1754120","Replace","5","True"
"1754121","Replace","5","True"
"1754122","Replace","5","True"
"1754123","Replace","5","True"
"1754124","Replace","5","True"
"1754125","Replace","5","True"
"1754126","Replace","5","True"
"1754127","Replace","5","True"
"1754128","Replace","5","True"
"1754129","Replace","5","True"
"1754130","Replace","5","True"
"1755001","Replace","5","True"
"1755002","Replace","5","True"
"1755003","Replace","5","True"
"1755004","Replace","5","True"
"1755005","Replace","5","True"
"1755006","Replace","5","True"
"1755101","Replace","5","True"
"1755102","Replace","5","True"
"1755103","Replace","5","True"
"1755104","Replace","5","True"
"1755105","Replace","5","True"
"1755106","Replace","5","True"
"1755107","Replace","5","True"
"1755108","Replace","5","True"
"1755109","Replace","5","True"
"1755110","Replace","5","True"
"1755111","Replace","5","True"
"1755112","Replace","5","True"
"1755113","Replace","5","True"
"1755114","Replace","5","True"
"1755115","Replace","5","True"
"1755116","Replace","5","True"
"1755117","Replace","5","True"
"1755118","Replace","5","True"
"1755119","Replace","5","True"
"1755120","Replace","5","True"
"1755121","Replace","5","True"
"1755122","Replace","5","True"
"1755123","Replace","5","True"
"1755124","Replace","5","True"
"1755125","Replace","5","True"
"1755126","Replace","5","True"
"1755127","Replace","5","True"
"1755128","Replace","5","True"
"1755129","Replace","5","True"
"1755130","Replace","5","True"
"1756101","Replace","5","True"
"1756102","Replace","5","True"
"1756103","Replace","5","True"
"1756104","Replace","5","True"
"1756105","Replace","5","True"
"1756106","Replace","5","True"
"1756107","Replace","5","True"
"1756108","Replace","5","True"
"1756109","Replace","5","True"
"1756110","Replace","5","True"
"1756111","Replace","5","True"
"1756112","Replace","5","True"
"1756113","Replace","5","True"
"1756114","Replace","5","True"
"1756115","Replace","5","True"
"1756116","Replace","5","True"
"1756117","Replace","5","True"
"1756118","Replace","5","True"
"1756119","Replace","5","True"
"1756120","Replace","5","True"
"1756121","Replace","5","True"
"1756122","Replace","5","True"
"1756123","Replace","5","True"
"1756124","Replace","5","True"
"1756125","Replace","5","True"
"1756126","Replace","5","True"
"1756127","Replace","5","True"
"1756128","Replace","5","True"
"1756129","Replace","5","True"
"1756130","Replace","5","True"
"1757101","Replace","5","True"
"1757102","Replace","5","True"
"1757103","Replace","5","True"
"1757104","Replace","5","True"
"1757105","Replace","5","True"
"1757106","Replace","5","True"
"1757107","Replace","5","True"
"1757108","Replace","5","True"
"1757109","Replace","5","True"
"1757110","Replace","5","True"
"1757111","Replace","5","True"
"1757112","Replace","5","True"
"1757113","Replace","5","True"
"1757114","Replace","5","True"
"1757115","Replace","5","True"
"1757116","Replace","5","True"
"1757117","Replace","5","True"
"1757118","Replace","5","True"
"1757119","Replace","5","True"
"1757120","Replace","5","True"
"1757121","Replace","5","True"
"1757122","Replace","5","True"
"1757123","Replace","5","True"
"1757124","Replace","5","True"
"1757125","Replace","5","True"
"1757126","Replace","5","True"
"1757127","Replace","5","True"
"1757128","Replace","5","True"
"1757129","Replace","5","True"
"1757130","Replace","5","True"
"1761001","Replace","5","True"
"1761002","Replace","5","True"
"1761003","Replace","5","True"
"1761004","Replace","5","True"
"1761005","Replace","5","True"
"1761006","Replace","5","True"
"1761007","Replace","5","True"
"1761008","Replace","5","True"
"1761009","Replace","5","True"
"1761010","Replace","5","True"
"1761101","Replace","5","True"
"1761102","Replace","5","True"
"1761103","Replace","5","True"
"1761104","Replace","5","True"
"1761105","Replace","5","True"
"1761106","Replace","5","True"
"1761107","Replace","5","True"
"1761108","Replace","5","True"
"1761109","Replace","5","True"
"1761110","Replace","5","True"
"1761111","Replace","5","True"
"1761112","Replace","5","True"
"1761113","Replace","5","True"
"1761114","Replace","5","True"
"1761115","Replace","5","True"
"1761116","Replace","5","True"
"1761117","Replace","5","True"
"1761118","Replace","5","True"
"1761119","Replace","5","True"
"1761120","Replace","5","True"
"1761121","Replace","5","True"
"1761122","Replace","5","True"
"1761123","Replace","5","True"
"1761124","Replace","5","True"
"1761125","Replace","5","True"
"1761126","Replace","5","True"
"1761127","Replace","5","True"
"1761128","Replace","5","True"
"1761129","Replace","5","True"
"1761130","Replace","5","True"
"1762001","Replace","5","True"
"1762002","Replace","5","True"
"1762003","Replace","5","True"
"1762004","Replace","5","True"
"1762005","Replace","5","True"
"1762006","Replace","5","True"
"1762007","Replace","5","True"
"1762008","Replace","5","True"
"1762009","Replace","5","True"
"1762010","Replace","5","True"
"1762101","Replace","5","True"
"1762102","Replace","5","True"
"1762103","Replace","5","True"
"1762104","Replace","5","True"
"1762105","Replace","5","True"
"1762106","Replace","5","True"
"1762107","Replace","5","True"
"1762108","Replace","5","True"
"1762109","Replace","5","True"
"1762110","Replace","5","True"
"1762111","Replace","5","True"
"1762112","Replace","5","True"
"1762113","Replace","5","True"
"1762114","Replace","5","True"
"1762115","Replace","5","True"
"1762116","Replace","5","True"
"1762117","Replace","5","True"
"1762118","Replace","5","True"
"1762119","Replace","5","True"
"1762120","Replace","5","True"
"1762121","Replace","5","True"
"1762122","Replace","5","True"
"1762123","Replace","5","True"
"1762124","Replace","5","True"
"1762125","Replace","5","True"
"1762126","Replace","5","True"
"1762127","Replace","5","True"
"1762128","Replace","5","True"
"1762129","Replace","5","True"
"1762130","Replace","5","True"
"1763001","Replace","5","True"
"1763002","Replace","5","True"
"1763003","Replace","5","True"
"1763004","Replace","5","True"
"1763005","Replace","5","True"
"1763006","Replace","5","True"
"1763007","Replace","5","True"
"1763008","Replace","5","True"
"1763009","Replace","5","True"
"1763010","Replace","5","True"
"1763101","Replace","5","True"
"1763102","Replace","5","True"
"1763103","Replace","5","True"
"1763104","Replace","5","True"
"1763105","Replace","5","True"
"1763106","Replace","5","True"
"1763107","Replace","5","True"
"1763108","Replace","5","True"
"1763109","Replace","5","True"
"1763110","Replace","5","True"
"1763111","Replace","5","True"
"1763112","Replace","5","True"
"1763113","Replace","5","True"
"1763114","Replace","5","True"
"1763115","Replace","5","True"
"1763116","Replace","5","True"
"1763117","Replace","5","True"
"1763118","Replace","5","True"
"1763119","Replace","5","True"
"1763120","Replace","5","True"
"1763121","Replace","5","True"
"1763122","Replace","5","True"
"1763123","Replace","5","True"
"1763124","Replace","5","True"
"1763125","Replace","5","True"
"1763126","Replace","5","True"
"1763127","Replace","5","True"
"1763128","Replace","5","True"
"1763129","Replace","5","True"
"1763130","Replace","5","True"
"1764001","Replace","5","True"
"1764002","Replace","5","True"
"1764003","Replace","5","True"
"1764004","Replace","5","True"
"1764005","Replace","5","True"
"1764006","Replace","5","True"
"1764007","Replace","5","True"
"1764008","Replace","5","True"
"1764101","Replace","5","True"
"1764102","Replace","5","True"
"1764103","Replace","5","True"
"1764104","Replace","5","True"
"1764105","Replace","5","True"
"1764106","Replace","5","True"
"1764107","Replace","5","True"
"1764108","Replace","5","True"
"1764109","Replace","5","True"
"1764110","Replace","5","True"
"1764111","Replace","5","True"
"1764112","Replace","5","True"
"1764113","Replace","5","True"
"1764114","Replace","5","True"
"1764115","Replace","5","True"
"1764116","Replace","5","True"
"1764117","Replace","5","True"
"1764118","Replace","5","True"
"1764119","Replace","5","True"
"1764120","Replace","5","True"
"1764121","Replace","5","True"
"1764122","Replace","5","True"
"1764123","Replace","5","True"
"1764124","Replace","5","True"
"1764125","Replace","5","True"
"1764126","Replace","5","True"
"1764127","Replace","5","True"
"1764128","Replace","5","True"
"1764129","Replace","5","True"
"1764130","Replace","5","True"
"1765001","Replace","5","True"
"1765002","Replace","5","True"
"1765003","Replace","5","True"
"1765004","Replace","5","True"
"1765005","Replace","5","True"
"1765006","Replace","5","True"
"1765101","Replace","5","True"
"1765102","Replace","5","True"
"1765103","Replace","5","True"
"1765104","Replace","5","True"
"1765105","Replace","5","True"
"1765106","Replace","5","True"
"1765107","Replace","5","True"
"1765108","Replace","5","True"
"1765109","Replace","5","True"
"1765110","Replace","5","True"
"1765111","Replace","5","True"
"1765112","Replace","5","True"
"1765113","Replace","5","True"
"1765114","Replace","5","True"
"1765115","Replace","5","True"
"1765116","Replace","5","True"
"1765117","Replace","5","True"
"1765118","Replace","5","True"
"1765119","Replace","5","True"
"1765120","Replace","5","True"
"1765121","Replace","5","True"
"1765122","Replace","5","True"
"1765123","Replace","5","True"
"1765124","Replace","5","True"
"1765125","Replace","5","True"
"1765126","Replace","5","True"
"1765127","Replace","5","True"
"1765128","Replace","5","True"
"1765129","Replace","5","True"
"1765130","Replace","5","True"
"1766101","Replace","5","True"
"1766102","Replace","5","True"
"1766103","Replace","5","True"
"1766104","Replace","5","True"
"1766105","Replace","5","True"
"1766106","Replace","5","True"
"1766107","Replace","5","True"
"1766108","Replace","5","True"
"1766109","Replace","5","True"
"1766110","Replace","5","True"
"1766111","Replace","5","True"
"1766112","Replace","5","True"
"1766113","Replace","5","True"
"1766114","Replace","5","True"
"1766115","Replace","5","True"
"1766116","Replace","5","True"
"1766117","Replace","5","True"
"1766118","Replace","5","True"
"1766119","Replace","5","True"
"1766120","Replace","5","True"
"1766121","Replace","5","True"
"1766122","Replace","5","True"
"1766123","Replace","5","True"
"1766124","Replace","5","True"
"1766125","Replace","5","True"
"1766126","Replace","5","True"
"1766127","Replace","5","True"
"1766128","Replace","5","True"
"1766129","Replace","5","True"
"1766130","Replace","5","True"
"1767101","Replace","5","True"
"1767102","Replace","5","True"
"1767103","Replace","5","True"
"1767104","Replace","5","True"
"1767105","Replace","5","True"
"1767106","Replace","5","True"
"1767107","Replace","5","True"
"1767108","Replace","5","True"
"1767109","Replace","5","True"
"1767110","Replace","5","True"
"1767111","Replace","5","True"
"1767112","Replace","5","True"
"1767113","Replace","5","True"
"1767114","Replace","5","True"
"1767115","Replace","5","True"
"1767116","Replace","5","True"
"1767117","Replace","5","True"
"1767118","Replace","5","True"
"1767119","Replace","5","True"
"1767120","Replace","5","True"
"1767121","Replace","5","True"
"1767122","Replace","5","True"
"1767123","Replace","5","True"
"1767124","Replace","5","True"
"1767125","Replace","5","True"
"1767126","Replace","5","True"
"1767127","Replace","5","True"
"1767128","Replace","5","True"
"1767129","Replace","5","True"
"1767130","Replace","5","True"
"1770001","Replace","5","True"
"1770002","Replace","5","True"
"1770003","Replace","5","True"
"1770004","Replace","5","True"
"1770005","Replace","5","True"
"1771101","Add","5","True"
"1771102","Add","5","True"
"1771103","Add","5","True"
"1771104","Add","5","True"
"1771105","Add","5","True"
"1771106","Add","5","True"
"1771107","Add","5","True"
"1771108","Add","5","True"
"1771109","Add","5","True"
"1771110","Add","5","True"
"1771111","Add","5","True"
"1771112","Add","5","True"
"1771113","Add","5","True"
"1771114","Add","5","True"
"1771115","Add","5","True"
"1771116","Add","5","True"
"1771117","Add","5","True"
"1771118","Add","5","True"
"1771119","Add","5","True"
"1771120","Add","5","True"
"1771121","Add","5","True"
"1771122","Add","5","True"
"1771123","Add","5","True"
"1771124","Add","5","True"
"1771125","Add","5","True"
"1771126","Add","5","True"
"1771127","Add","5","True"
"1771128","Add","5","True"
"1771129","Add","5","True"
"1771130","Add","5","True"
"1772101","Add","5","True"
"1772102","Add","5","True"
"1772103","Add","5","True"
"1772104","Add","5","True"
"1772105","Add","5","True"
"1772106","Add","5","True"
"1772107","Add","5","True"
"1772108","Add","5","True"
"1772109","Add","5","True"
"1772110","Add","5","True"
"1772111","Add","5","True"
"1772112","Add","5","True"
"1772113","Add","5","True"
"1772114","Add","5","True"
"1772115","Add","5","True"
"1772116","Add","5","True"
"1772117","Add","5","True"
"1772118","Add","5","True"
"1772119","Add","5","True"
"1772120","Add","5","True"
"1772121","Add","5","True"
"1772122","Add","5","True"
"1772123","Add","5","True"
"1772124","Add","5","True"
"1772125","Add","5","True"
"1772126","Add","5","True"
"1772127","Add","5","True"
"1772128","Add","5","True"
"1772129","Add","5","True"
"1772130","Add","5","True"
"1773101","Add","5","True"
"1773102","Add","5","True"
"1773103","Add","5","True"
"1773104","Add","5","True"
"1773105","Add","5","True"
"1773106","Add","5","True"
"1773107","Add","5","True"
"1773108","Add","5","True"
"1773109","Add","5","True"
"1773110","Add","5","True"
"1773111","Add","5","True"
"1773112","Add","5","True"
"1773113","Add","5","True"
"1773114","Add","5","True"
"1773115","Add","5","True"
"1773116","Add","5","True"
"1773117","Add","5","True"
"1773118","Add","5","True"
"1773119","Add","5","True"
"1773120","Add","5","True"
"1773121","Add","5","True"
"1773122","Add","5","True"
"1773123","Add","5","True"
"1773124","Add","5","True"
"1773125","Add","5","True"
"1773126","Add","5","True"
"1773127","Add","5","True"
"1773128","Add","5","True"
"1773129","Add","5","True"
"1773130","Add","5","True"
"1774101","Add","5","True"
"1774102","Add","5","True"
"1774103","Add","5","True"
"1774104","Add","5","True"
"1774105","Add","5","True"
"1774106","Add","5","True"
"1774107","Add","5","True"
"1774108","Add","5","True"
"1774109","Add","5","True"
"1774110","Add","5","True"
"1774111","Add","5","True"
"1774112","Add","5","True"
"1774113","Add","5","True"
"1774114","Add","5","True"
"1774115","Add","5","True"
"1774116","Add","5","True"
"1774117","Add","5","True"
"1774118","Add","5","True"
"1774119","Add","5","True"
"1774120","Add","5","True"
"1774121","Add","5","True"
"1774122","Add","5","True"
"1774123","Add","5","True"
"1774124","Add","5","True"
"1774125","Add","5","True"
"1774126","Add","5","True"
"1774127","Add","5","True"
"1774128","Add","5","True"
"1774129","Add","5","True"
"1774130","Add","5","True"
"1775101","Add","5","True"
"1775102","Add","5","True"
"1775103","Add","5","True"
"1775104","Add","5","True"
"1775105","Add","5","True"
"1775106","Add","5","True"
"1775107","Add","5","True"
"1775108","Add","5","True"
"1775109","Add","5","True"
"1775110","Add","5","True"
"1775111","Add","5","True"
"1775112","Add","5","True"
"1775113","Add","5","True"
"1775114","Add","5","True"
"1775115","Add","5","True"
"1775116","Add","5","True"
"1775117","Add","5","True"
"1775118","Add","5","True"
"1775119","Add","5","True"
"1775120","Add","5","True"
"1775121","Add","5","True"
"1775122","Add","5","True"
"1775123","Add","5","True"
"1775124","Add","5","True"
"1775125","Add","5","True"
"1775126","Add","5","True"
"1775127","Add","5","True"
"1775128","Add","5","True"
"1775129","Add","5","True"
"1775130","Add","5","True"
"1776101","Add","5","True"
"1776102","Add","5","True"
"1776103","Add","5","True"
"1776104","Add","5","True"
"1776105","Add","5","True"
"1776106","Add","5","True"
"1776107","Add","5","True"
"1776108","Add","5","True"
"1776109","Add","5","True"
"1776110","Add","5","True"
"1776111","Add","5","True"
"1776112","Add","5","True"
"1776113","Add","5","True"
"1776114","Add","5","True"
"1776115","Add","5","True"
"1776116","Add","5","True"
"1776117","Add","5","True"
"1776118","Add","5","True"
"1776119","Add","5","True"
"1776120","Add","5","True"
"1776121","Add","5","True"
"1776122","Add","5","True"
"1776123","Add","5","True"
"1776124","Add","5","True"
"1776125","Add","5","True"
"1776126","Add","5","True"
"1776127","Add","5","True"
"1776128","Add","5","True"
"1776129","Add","5","True"
"1776130","Add","5","True"
"1777101","Add","5","True"
"1777102","Add","5","True"
"1777103","Add","5","True"
"1777104","Add","5","True"
"1777105","Add","5","True"
"1777106","Add","5","True"
"1777107","Add","5","True"
"1777108","Add","5","True"
"1777109","Add","5","True"
"1777110","Add","5","True"
"1777111","Add","5","True"
"1777112","Add","5","True"
"1777113","Add","5","True"
"1777114","Add","5","True"
"1777115","Add","5","True"
"1777116","Add","5","True"
"1777117","Add","5","True"
"1777118","Add","5","True"
"1777119","Add","5","True"
"1777120","Add","5","True"
"1777121","Add","5","True"
"1777122","Add","5","True"
"1777123","Add","5","True"
"1777124","Add","5","True"
"1777125","Add","5","True"
"1777126","Add","5","True"
"1777127","Add","5","True"
"1777128","Add","5","True"
"1777129","Add","5","True"
"1777130","Add","5","True"
"1781001","Replace","5","True"
"1781002","Replace","5","True"
"1781003","Replace","5","True"
"1781004","Replace","5","True"
"1781005","Replace","5","True"
"1781006","Replace","5","True"
"1781007","Replace","5","True"
"1781008","Replace","5","True"
"1781009","Replace","5","True"
"1781010","Replace","5","True"
"1781011","Replace","5","True"
"1781101","Replace","5","True"
"1781102","Replace","5","True"
"1781103","Replace","5","True"
"1781104","Replace","5","True"
"1781105","Replace","5","True"
"1781106","Replace","5","True"
"1781107","Replace","5","True"
"1781108","Replace","5","True"
"1781109","Replace","5","True"
"1781110","Replace","5","True"
"1781111","Replace","5","True"
"1781112","Replace","5","True"
"1781113","Replace","5","True"
"1781114","Replace","5","True"
"1781115","Replace","5","True"
"1781116","Replace","5","True"
"1781117","Replace","5","True"
"1781118","Replace","5","True"
"1781119","Replace","5","True"
"1781120","Replace","5","True"
"1781121","Replace","5","True"
"1781122","Replace","5","True"
"1781123","Replace","5","True"
"1781124","Replace","5","True"
"1781125","Replace","5","True"
"1781126","Replace","5","True"
"1781127","Replace","5","True"
"1781128","Replace","5","True"
"1781129","Replace","5","True"
"1781130","Replace","5","True"
"1782001","Replace","5","True"
"1782002","Replace","5","True"
"1782003","Replace","5","True"
"1782004","Replace","5","True"
"1782005","Replace","5","True"
"1782006","Replace","5","True"
"1782007","Replace","5","True"
"1782008","Replace","5","True"
"1782009","Replace","5","True"
"1782010","Replace","5","True"
"1782101","Replace","5","True"
"1782102","Replace","5","True"
"1782103","Replace","5","True"
"1782104","Replace","5","True"
"1782105","Replace","5","True"
"1782106","Replace","5","True"
"1782107","Replace","5","True"
"1782108","Replace","5","True"
"1782109","Replace","5","True"
"1782110","Replace","5","True"
"1782111","Replace","5","True"
"1782112","Replace","5","True"
"1782113","Replace","5","True"
"1782114","Replace","5","True"
"1782115","Replace","5","True"
"1782116","Replace","5","True"
"1782117","Replace","5","True"
"1782118","Replace","5","True"
"1782119","Replace","5","True"
"1782120","Replace","5","True"
"1782121","Replace","5","True"
"1782122","Replace","5","True"
"1782123","Replace","5","True"
"1782124","Replace","5","True"
"1782125","Replace","5","True"
"1782126","Replace","5","True"
"1782127","Replace","5","True"
"1782128","Replace","5","True"
"1782129","Replace","5","True"
"1782130","Replace","5","True"
"1783001","Replace","5","True"
"1783002","Replace","5","True"
"1783003","Replace","5","True"
"1783004","Replace","5","True"
"1783005","Replace","5","True"
"1783006","Replace","5","True"
"1783007","Replace","5","True"
"1783008","Replace","5","True"
"1783009","Replace","5","True"
"1783010","Replace","5","True"
"1783101","Replace","5","True"
"1783102","Replace","5","True"
"1783103","Replace","5","True"
"1783104","Replace","5","True"
"1783105","Replace","5","True"
"1783106","Replace","5","True"
"1783107","Replace","5","True"
"1783108","Replace","5","True"
"1783109","Replace","5","True"
"1783110","Replace","5","True"
"1783111","Replace","5","True"
"1783112","Replace","5","True"
"1783113","Replace","5","True"
"1783114","Replace","5","True"
"1783115","Replace","5","True"
"1783116","Replace","5","True"
"1783117","Replace","5","True"
"1783118","Replace","5","True"
"1783119","Replace","5","True"
"1783120","Replace","5","True"
"1783121","Replace","5","True"
"1783122","Replace","5","True"
"1783123","Replace","5","True"
"1783124","Replace","5","True"
"1783125","Replace","5","True"
"1783126","Replace","5","True"
"1783127","Replace","5","True"
"1783128","Replace","5","True"
"1783129","Replace","5","True"
"1783130","Replace","5","True"
"1784001","Replace","5","True"
"1784002","Replace","5","True"
"1784003","Replace","5","True"
"1784004","Replace","5","True"
"1784005","Replace","5","True"
"1784006","Replace","5","True"
"1784007","Replace","5","True"
"1784008","Replace","5","True"
"1784101","Replace","5","True"
"1784102","Replace","5","True"
"1784103","Replace","5","True"
"1784104","Replace","5","True"
"1784105","Replace","5","True"
"1784106","Replace","5","True"
"1784107","Replace","5","True"
"1784108","Replace","5","True"
"1784109","Replace","5","True"
"1784110","Replace","5","True"
"1784111","Replace","5","True"
"1784112","Replace","5","True"
"1784113","Replace","5","True"
"1784114","Replace","5","True"
"1784115","Replace","5","True"
"1784116","Replace","5","True"
"1784117","Replace","5","True"
"1784118","Replace","5","True"
"1784119","Replace","5","True"
"1784120","Replace","5","True"
"1784121","Replace","5","True"
"1784122","Replace","5","True"
"1784123","Replace","5","True"
"1784124","Replace","5","True"
"1784125","Replace","5","True"
"1784126","Replace","5","True"
"1784127","Replace","5","True"
"1784128","Replace","5","True"
"1784129","Replace","5","True"
"1784130","Replace","5","True"
"1785001","Replace","5","True"
"1785002","Replace","5","True"
"1785003","Replace","5","True"
"1785004","Replace","5","True"
"1785005","Replace","5","True"
"1785006","Replace","5","True"
"1785101","Replace","5","True"
"1785102","Replace","5","True"
"1785103","Replace","5","True"
"1785104","Replace","5","True"
"1785105","Replace","5","True"
"1785106","Replace","5","True"
"1785107","Replace","5","True"
"1785108","Replace","5","True"
"1785109","Replace","5","True"
"1785110","Replace","5","True"
"1785111","Replace","5","True"
"1785112","Replace","5","True"
"1785113","Replace","5","True"
"1785114","Replace","5","True"
"1785115","Replace","5","True"
"1785116","Replace","5","True"
"1785117","Replace","5","True"
"1785118","Replace","5","True"
"1785119","Replace","5","True"
"1785120","Replace","5","True"
"1785121","Replace","5","True"
"1785122","Replace","5","True"
"1785123","Replace","5","True"
"1785124","Replace","5","True"
"1785125","Replace","5","True"
"1785126","Replace","5","True"
"1785127","Replace","5","True"
"1785128","Replace","5","True"
"1785129","Replace","5","True"
"1785130","Replace","5","True"
"1786101","Replace","5","True"
"1786102","Replace","5","True"
"1786103","Replace","5","True"
"1786104","Replace","5","True"
"1786105","Replace","5","True"
"1786106","Replace","5","True"
"1786107","Replace","5","True"
"1786108","Replace","5","True"
"1786109","Replace","5","True"
"1786110","Replace","5","True"
"1786111","Replace","5","True"
"1786112","Replace","5","True"
"1786113","Replace","5","True"
"1786114","Replace","5","True"
"1786115","Replace","5","True"
"1786116","Replace","5","True"
"1786117","Replace","5","True"
"1786118","Replace","5","True"
"1786119","Replace","5","True"
"1786120","Replace","5","True"
"1786121","Replace","5","True"
"1786122","Replace","5","True"
"1786123","Replace","5","True"
"1786124","Replace","5","True"
"1786125","Replace","5","True"
"1786126","Replace","5","True"
"1786127","Replace","5","True"
"1786128","Replace","5","True"
"1786129","Replace","5","True"
"1786130","Replace","5","True"
"1787101","Replace","5","True"
"1787102","Replace","5","True"
"1787103","Replace","5","True"
"1787104","Replace","5","True"
"1787105","Replace","5","True"
"1787106","Replace","5","True"
"1787107","Replace","5","True"
"1787108","Replace","5","True"
"1787109","Replace","5","True"
"1787110","Replace","5","True"
"1787111","Replace","5","True"
"1787112","Replace","5","True"
"1787113","Replace","5","True"
"1787114","Replace","5","True"
"1787115","Replace","5","True"
"1787116","Replace","5","True"
"1787117","Replace","5","True"
"1787118","Replace","5","True"
"1787119","Replace","5","True"
"1787120","Replace","5","True"
"1787121","Replace","5","True"
"1787122","Replace","5","True"
"1787123","Replace","5","True"
"1787124","Replace","5","True"
"1787125","Replace","5","True"
"1787126","Replace","5","True"
"1787127","Replace","5","True"
"1787128","Replace","5","True"
"1787129","Replace","5","True"
"1787130","Replace","5","True"
"1791001","Replace","5","True"
"1791002","Replace","5","True"
"1791003","Replace","5","True"
"1791004","Replace","5","True"
"1791005","Replace","5","True"
"1791006","Replace","5","True"
"1791007","Replace","5","True"
"1791008","Replace","5","True"
"1791009","Replace","5","True"
"1791010","Replace","5","True"
"1791101","Replace","5","True"
"1791102","Replace","5","True"
"1791103","Replace","5","True"
"1791104","Replace","5","True"
"1791105","Replace","5","True"
"1791106","Replace","5","True"
"1791107","Replace","5","True"
"1791108","Replace","5","True"
"1791109","Replace","5","True"
"1791110","Replace","5","True"
"1791111","Replace","5","True"
"1791112","Replace","5","True"
"1791113","Replace","5","True"
"1791114","Replace","5","True"
"1791115","Replace","5","True"
"1791116","Replace","5","True"
"1791117","Replace","5","True"
"1791118","Replace","5","True"
"1791119","Replace","5","True"
"1791120","Replace","5","True"
"1791121","Replace","5","True"
"1791122","Replace","5","True"
"1791123","Replace","5","True"
"1791124","Replace","5","True"
"1791125","Replace","5","True"
"1791126","Replace","5","True"
"1791127","Replace","5","True"
"1791128","Replace","5","True"
"1791129","Replace","5","True"
"1791130","Replace","5","True"
"1792001","Replace","5","True"
"1792002","Replace","5","True"
"1792003","Replace","5","True"
"1792004","Replace","5","True"
"1792005","Replace","5","True"
"1792006","Replace","5","True"
"1792007","Replace","5","True"
"1792008","Replace","5","True"
"1792009","Replace","5","True"
"1792010","Replace","5","True"
"1792101","Replace","5","True"
"1792102","Replace","5","True"
"1792103","Replace","5","True"
"1792104","Replace","5","True"
"1792105","Replace","5","True"
"1792106","Replace","5","True"
"1792107","Replace","5","True"
"1792108","Replace","5","True"
"1792109","Replace","5","True"
"1792110","Replace","5","True"
"1792111","Replace","5","True"
"1792112","Replace","5","True"
"1792113","Replace","5","True"
"1792114","Replace","5","True"
"1792115","Replace","5","True"
"1792116","Replace","5","True"
"1792117","Replace","5","True"
"1792118","Replace","5","True"
"1792119","Replace","5","True"
"1792120","Replace","5","True"
"1792121","Replace","5","True"
"1792122","Replace","5","True"
"1792123","Replace","5","True"
"1792124","Replace","5","True"
"1792125","Replace","5","True"
"1792126","Replace","5","True"
"1792127","Replace","5","True"
"1792128","Replace","5","True"
"1792129","Replace","5","True"
"1792130","Replace","5","True"
"1793001","Replace","5","True"
"1793002","Replace","5","True"
"1793003","Replace","5","True"
"1793004","Replace","5","True"
"1793005","Replace","5","True"
"1793006","Replace","5","True"
"1793007","Replace","5","True"
"1793008","Replace","5","True"
"1793009","Replace","5","True"
"1793010","Replace","5","True"
"1793101","Replace","5","True"
"1793102","Replace","5","True"
"1793103","Replace","5","True"
"1793104","Replace","5","True"
"1793105","Replace","5","True"
"1793106","Replace","5","True"
"1793107","Replace","5","True"
"1793108","Replace","5","True"
"1793109","Replace","5","True"
"1793110","Replace","5","True"
"1793111","Replace","5","True"
"1793112","Replace","5","True"
"1793113","Replace","5","True"
"1793114","Replace","5","True"
"1793115","Replace","5","True"
"1793116","Replace","5","True"
"1793117","Replace","5","True"
"1793118","Replace","5","True"
"1793119","Replace","5","True"
"1793120","Replace","5","True"
"1793121","Replace","5","True"
"1793122","Replace","5","True"
"1793123","Replace","5","True"
"1793124","Replace","5","True"
"1793125","Replace","5","True"
"1793126","Replace","5","True"
"1793127","Replace","5","True"
"1793128","Replace","5","True"
"1793129","Replace","5","True"
"1793130","Replace","5","True"
"1794001","Replace","5","True"
"1794002","Replace","5","True"
"1794003","Replace","5","True"
"1794004","Replace","5","True"
"1794005","Replace","5","True"
"1794006","Replace","5","True"
"1794007","Replace","5","True"
"1794008","Replace","5","True"
"1794101","Replace","5","True"
"1794102","Replace","5","True"
"1794103","Replace","5","True"
"1794104","Replace","5","True"
"1794105","Replace","5","True"
"1794106","Replace","5","True"
"1794107","Replace","5","True"
"1794108","Replace","5","True"
"1794109","Replace","5","True"
"1794110","Replace","5","True"
"1794111","Replace","5","True"
"1794112","Replace","5","True"
"1794113","Replace","5","True"
"1794114","Replace","5","True"
"1794115","Replace","5","True"
"1794116","Replace","5","True"
"1794117","Replace","5","True"
"1794118","Replace","5","True"
"1794119","Replace","5","True"
"1794120","Replace","5","True"
"1794121","Replace","5","True"
"1794122","Replace","5","True"
"1794123","Replace","5","True"
"1794124","Replace","5","True"
"1794125","Replace","5","True"
"1794126","Replace","5","True"
"1794127","Replace","5","True"
"1794128","Replace","5","True"
"1794129","Replace","5","True"
"1794130","Replace","5","True"
"1795001","Replace","5","True"
"1795002","Replace","5","True"
"1795003","Replace","5","True"
"1795004","Replace","5","True"
"1795005","Replace","5","True"
"1795006","Replace","5","True"
"1795007","Replace","5","True"
"1795008","Replace","5","True"
"1795101","Replace","5","True"
"1795102","Replace","5","True"
"1795103","Replace","5","True"
"1795104","Replace","5","True"
"1795105","Replace","5","True"
"1795106","Replace","5","True"
"1795107","Replace","5","True"
"1795108","Replace","5","True"
"1795109","Replace","5","True"
"1795110","Replace","5","True"
"1795111","Replace","5","True"
"1795112","Replace","5","True"
"1795113","Replace","5","True"
"1795114","Replace","5","True"
"1795115","Replace","5","True"
"1795116","Replace","5","True"
"1795117","Replace","5","True"
"1795118","Replace","5","True"
"1795119","Replace","5","True"
"1795120","Replace","5","True"
"1795121","Replace","5","True"
"1795122","Replace","5","True"
"1795123","Replace","5","True"
"1795124","Replace","5","True"
"1795125","Replace","5","True"
"1795126","Replace","5","True"
"1795127","Replace","5","True"
"1795128","Replace","5","True"
"1795129","Replace","5","True"
"1795130","Replace","5","True"
"1796101","Replace","5","True"
"1796102","Replace","5","True"
"1796103","Replace","5","True"
"1796104","Replace","5","True"
"1796105","Replace","5","True"
"1796106","Replace","5","True"
"1796107","Replace","5","True"
"1796108","Replace","5","True"
"1796109","Replace","5","True"
"1796110","Replace","5","True"
"1796111","Replace","5","True"
"1796112","Replace","5","True"
"1796113","Replace","5","True"
"1796114","Replace","5","True"
"1796115","Replace","5","True"
"1796116","Replace","5","True"
"1796117","Replace","5","True"
"1796118","Replace","5","True"
"1796119","Replace","5","True"
"1796120","Replace","5","True"
"1796121","Replace","5","True"
"1796122","Replace","5","True"
"1796123","Replace","5","True"
"1796124","Replace","5","True"
"1796125","Replace","5","True"
"1796126","Replace","5","True"
"1796127","Replace","5","True"
"1796128","Replace","5","True"
"1796129","Replace","5","True"
"1796130","Replace","5","True"
"1797101","Replace","5","True"
"1797102","Replace","5","True"
"1797103","Replace","5","True"
"1797104","Replace","5","True"
"1797105","Replace","5","True"
"1797106","Replace","5","True"
"1797107","Replace","5","True"
"1797108","Replace","5","True"
"1797109","Replace","5","True"
"1797110","Replace","5","True"
"1797111","Replace","5","True"
"1797112","Replace","5","True"
"1797113","Replace","5","True"
"1797114","Replace","5","True"
"1797115","Replace","5","True"
"1797116","Replace","5","True"
"1797117","Replace","5","True"
"1797118","Replace","5","True"
"1797119","Replace","5","True"
"1797120","Replace","5","True"
"1797121","Replace","5","True"
"1797122","Replace","5","True"
"1797123","Replace","5","True"
"1797124","Replace","5","True"
"1797125","Replace","5","True"
"1797126","Replace","5","True"
"1797127","Replace","5","True"
"1797128","Replace","5","True"
"1797129","Replace","5","True"
"1797130","Replace","5","True"
"1801001","Replace","5","True"
"1801008","Replace","5","True"
"1801009","Replace","5","True"
"1801010","Replace","5","True"
"1801101","Replace","5","True"
"1801102","Replace","5","True"
"1801103","Replace","5","True"
"1801104","Replace","5","True"
"1801105","Replace","5","True"
"1801106","Replace","5","True"
"1801107","Replace","5","True"
"1801108","Replace","5","True"
"1801109","Replace","5","True"
"1801110","Replace","5","True"
"1801111","Replace","5","True"
"1801112","Replace","5","True"
"1801113","Replace","5","True"
"1801114","Replace","5","True"
"1801115","Replace","5","True"
"1801116","Replace","5","True"
"1801117","Replace","5","True"
"1801118","Replace","5","True"
"1801119","Replace","5","True"
"1801120","Replace","5","True"
"1801121","Replace","5","True"
"1801122","Replace","5","True"
"1801123","Replace","5","True"
"1801124","Replace","5","True"
"1801125","Replace","5","True"
"1801126","Replace","5","True"
"1801127","Replace","5","True"
"1801128","Replace","5","True"
"1801129","Replace","5","True"
"1801130","Replace","5","True"
"1802001","Replace","5","True"
"1802008","Replace","5","True"
"1802009","Replace","5","True"
"1802010","Replace","5","True"
"1802101","Replace","5","True"
"1802102","Replace","5","True"
"1802103","Replace","5","True"
"1802104","Replace","5","True"
"1802105","Replace","5","True"
"1802106","Replace","5","True"
"1802107","Replace","5","True"
"1802108","Replace","5","True"
"1802109","Replace","5","True"
"1802110","Replace","5","True"
"1802111","Replace","5","True"
"1802112","Replace","5","True"
"1802113","Replace","5","True"
"1802114","Replace","5","True"
"1802115","Replace","5","True"
"1802116","Replace","5","True"
"1802117","Replace","5","True"
"1802118","Replace","5","True"
"1802119","Replace","5","True"
"1802120","Replace","5","True"
"1802121","Replace","5","True"
"1802122","Replace","5","True"
"1802123","Replace","5","True"
"1802124","Replace","5","True"
"1802125","Replace","5","True"
"1802126","Replace","5","True"
"1802127","Replace","5","True"
"1802128","Replace","5","True"
"1802129","Replace","5","True"
"1802130","Replace","5","True"
"1803001","Replace","5","True"
"1803002","Replace","5","True"
"1803008","Replace","5","True"
"1803009","Replace","5","True"
"1803010","Replace","5","True"
"1803101","Replace","5","True"
"1803102","Replace","5","True"
"1803103","Replace","5","True"
"1803104","Replace","5","True"
"1803105","Replace","5","True"
"1803106","Replace","5","True"
"1803107","Replace","5","True"
"1803108","Replace","5","True"
"1803109","Replace","5","True"
"1803110","Replace","5","True"
"1803111","Replace","5","True"
"1803112","Replace","5","True"
"1803113","Replace","5","True"
"1803114","Replace","5","True"
"1803115","Replace","5","True"
"1803116","Replace","5","True"
"1803117","Replace","5","True"
"1803118","Replace","5","True"
"1803119","Replace","5","True"
"1803120","Replace","5","True"
"1803121","Replace","5","True"
"1803122","Replace","5","True"
"1803123","Replace","5","True"
"1803124","Replace","5","True"
"1803125","Replace","5","True"
"1803126","Replace","5","True"
"1803127","Replace","5","True"
"1803128","Replace","5","True"
"1803129","Replace","5","True"
"1803130","Replace","5","True"
"1804001","Replace","5","True"
"1804006","Replace","5","True"
"1804007","Replace","5","True"
"1804008","Replace","5","True"
"1804101","Replace","5","True"
"1804102","Replace","5","True"
"1804103","Replace","5","True"
"1804104","Replace","5","True"
"1804105","Replace","5","True"
"1804106","Replace","5","True"
"1804107","Replace","5","True"
"1804108","Replace","5","True"
"1804109","Replace","5","True"
"1804110","Replace","5","True"
"1804111","Replace","5","True"
"1804112","Replace","5","True"
"1804113","Replace","5","True"
"1804114","Replace","5","True"
"1804115","Replace","5","True"
"1804116","Replace","5","True"
"1804117","Replace","5","True"
"1804118","Replace","5","True"
"1804119","Replace","5","True"
"1804120","Replace","5","True"
"1804121","Replace","5","True"
"1804122","Replace","5","True"
"1804123","Replace","5","True"
"1804124","Replace","5","True"
"1804125","Replace","5","True"
"1804126","Replace","5","True"
"1804127","Replace","5","True"
"1804128","Replace","5","True"
"1804129","Replace","5","True"
"1804130","Replace","5","True"
"1805001","Replace","5","True"
"1805002","Replace","5","True"
"1805003","Replace","5","True"
"1805004","Replace","5","True"
"1805005","Replace","5","True"
"1805006","Replace","5","True"
"1805101","Replace","5","True"
"1805102","Replace","5","True"
"1805103","Replace","5","True"
"1805104","Replace","5","True"
"1805105","Replace","5","True"
"1805106","Replace","5","True"
"1805107","Replace","5","True"
"1805108","Replace","5","True"
"1805109","Replace","5","True"
"1805110","Replace","5","True"
"1805111","Replace","5","True"
"1805112","Replace","5","True"
"1805113","Replace","5","True"
"1805114","Replace","5","True"
"1805115","Replace","5","True"
"1805116","Replace","5","True"
"1805117","Replace","5","True"
"1805118","Replace","5","True"
"1805119","Replace","5","True"
"1805120","Replace","5","True"
"1805121","Replace","5","True"
"1805122","Replace","5","True"
"1805123","Replace","5","True"
"1805124","Replace","5","True"
"1805125","Replace","5","True"
"1805126","Replace","5","True"
"1805127","Replace","5","True"
"1805128","Replace","5","True"
"1805129","Replace","5","True"
"1805130","Replace","5","True"
"1806101","Replace","5","True"
"1806102","Replace","5","True"
"1806103","Replace","5","True"
"1806104","Replace","5","True"
"1806105","Replace","5","True"
"1806106","Replace","5","True"
"1806107","Replace","5","True"
"1806108","Replace","5","True"
"1806109","Replace","5","True"
"1806110","Replace","5","True"
"1806111","Replace","5","True"
"1806112","Replace","5","True"
"1806113","Replace","5","True"
"1806114","Replace","5","True"
"1806115","Replace","5","True"
"1806116","Replace","5","True"
"1806117","Replace","5","True"
"1806118","Replace","5","True"
"1806119","Replace","5","True"
"1806120","Replace","5","True"
"1806121","Replace","5","True"
"1806122","Replace","5","True"
"1806123","Replace","5","True"
"1806124","Replace","5","True"
"1806125","Replace","5","True"
"1806126","Replace","5","True"
"1806127","Replace","5","True"
"1806128","Replace","5","True"
"1806129","Replace","5","True"
"1806130","Replace","5","True"
"1807101","Replace","5","True"
"1807102","Replace","5","True"
"1807103","Replace","5","True"
"1807104","Replace","5","True"
"1807105","Replace","5","True"
"1807106","Replace","5","True"
"1807107","Replace","5","True"
"1807108","Replace","5","True"
"1807109","Replace","5","True"
"1807110","Replace","5","True"
"1807111","Replace","5","True"
"1807112","Replace","5","True"
"1807113","Replace","5","True"
"1807114","Replace","5","True"
"1807115","Replace","5","True"
"1807116","Replace","5","True"
"1807117","Replace","5","True"
"1807118","Replace","5","True"
"1807119","Replace","5","True"
"1807120","Replace","5","True"
"1807121","Replace","5","True"
"1807122","Replace","5","True"
"1807123","Replace","5","True"
"1807124","Replace","5","True"
"1807125","Replace","5","True"
"1807126","Replace","5","True"
"1807127","Replace","5","True"
"1807128","Replace","5","True"
"1807129","Replace","5","True"
"1807130","Replace","5","True"
"1811001","Replace","5","True"
"1811002","Replace","5","True"
"1811003","Replace","5","True"
"1811004","Replace","5","True"
"1811005","Replace","5","True"
"1811006","Replace","5","True"
"1811007","Replace","5","True"
"1811008","Replace","5","True"
"1811009","Replace","5","True"
"1811010","Replace","5","True"
"1811101","Replace","5","True"
"1811102","Replace","5","True"
"1811103","Replace","5","True"
"1811104","Replace","5","True"
"1811105","Replace","5","True"
"1811106","Replace","5","True"
"1811107","Replace","5","True"
"1811108","Replace","5","True"
"1811109","Replace","5","True"
"1811110","Replace","5","True"
"1811111","Replace","5","True"
"1811112","Replace","5","True"
"1811113","Replace","5","True"
"1811114","Replace","5","True"
"1811115","Replace","5","True"
"1811116","Replace","5","True"
"1811117","Replace","5","True"
"1811118","Replace","5","True"
"1811119","Replace","5","True"
"1811120","Replace","5","True"
"1811121","Replace","5","True"
"1811122","Replace","5","True"
"1811123","Replace","5","True"
"1811124","Replace","5","True"
"1811125","Replace","5","True"
"1811126","Replace","5","True"
"1811127","Replace","5","True"
"1811128","Replace","5","True"
"1811129","Replace","5","True"
"1811130","Replace","5","True"
"1812001","Replace","5","True"
"1812002","Replace","5","True"
"1812003","Replace","5","True"
"1812004","Replace","5","True"
"1812005","Replace","5","True"
"1812006","Replace","5","True"
"1812007","Replace","5","True"
"1812008","Replace","5","True"
"1812009","Replace","5","True"
"1812010","Replace","5","True"
"1812101","Replace","5","True"
"1812102","Replace","5","True"
"1812103","Replace","5","True"
"1812104","Replace","5","True"
"1812105","Replace","5","True"
"1812106","Replace","5","True"
"1812107","Replace","5","True"
"1812108","Replace","5","True"
"1812109","Replace","5","True"
"1812110","Replace","5","True"
"1812111","Replace","5","True"
"1812112","Replace","5","True"
"1812113","Replace","5","True"
"1812114","Replace","5","True"
"1812115","Replace","5","True"
"1812116","Replace","5","True"
"1812117","Replace","5","True"
"1812118","Replace","5","True"
"1812119","Replace","5","True"
"1812120","Replace","5","True"
"1812121","Replace","5","True"
"1812122","Replace","5","True"
"1812123","Replace","5","True"
"1812124","Replace","5","True"
"1812125","Replace","5","True"
"1812126","Replace","5","True"
"1812127","Replace","5","True"
"1812128","Replace","5","True"
"1812129","Replace","5","True"
"1812130","Replace","5","True"
"1813001","Replace","5","True"
"1813002","Replace","5","True"
"1813003","Replace","5","True"
"1813004","Replace","5","True"
"1813005","Replace","5","True"
"1813006","Replace","5","True"
"1813007","Replace","5","True"
"1813008","Replace","5","True"
"1813009","Replace","5","True"
"1813010","Replace","5","True"
"1813101","Replace","5","True"
"1813102","Replace","5","True"
"1813103","Replace","5","True"
"1813104","Replace","5","True"
"1813105","Replace","5","True"
"1813106","Replace","5","True"
"1813107","Replace","5","True"
"1813108","Replace","5","True"
"1813109","Replace","5","True"
"1813110","Replace","5","True"
"1813111","Replace","5","True"
"1813112","Replace","5","True"
"1813113","Replace","5","True"
"1813114","Replace","5","True"
"1813115","Replace","5","True"
"1813116","Replace","5","True"
"1813117","Replace","5","True"
"1813118","Replace","5","True"
"1813119","Replace","5","True"
"1813120","Replace","5","True"
"1813121","Replace","5","True"
"1813122","Replace","5","True"
"1813123","Replace","5","True"
"1813124","Replace","5","True"
"1813125","Replace","5","True"
"1813126","Replace","5","True"
"1813127","Replace","5","True"
"1813128","Replace","5","True"
"1813129","Replace","5","True"
"1813130","Replace","5","True"
"1814001","Replace","5","True"
"1814002","Replace","5","True"
"1814003","Replace","5","True"
"1814004","Replace","5","True"
"1814005","Replace","5","True"
"1814006","Replace","5","True"
"1814007","Replace","5","True"
"1814008","Replace","5","True"
"1814101","Replace","5","True"
"1814102","Replace","5","True"
"1814103","Replace","5","True"
"1814104","Replace","5","True"
"1814105","Replace","5","True"
"1814106","Replace","5","True"
"1814107","Replace","5","True"
"1814108","Replace","5","True"
"1814109","Replace","5","True"
"1814110","Replace","5","True"
"1814111","Replace","5","True"
"1814112","Replace","5","True"
"1814113","Replace","5","True"
"1814114","Replace","5","True"
"1814115","Replace","5","True"
"1814116","Replace","5","True"
"1814117","Replace","5","True"
"1814118","Replace","5","True"
"1814119","Replace","5","True"
"1814120","Replace","5","True"
"1814121","Replace","5","True"
"1814122","Replace","5","True"
"1814123","Replace","5","True"
"1814124","Replace","5","True"
"1814125","Replace","5","True"
"1814126","Replace","5","True"
"1814127","Replace","5","True"
"1814128","Replace","5","True"
"1814129","Replace","5","True"
"1814130","Replace","5","True"
"1815001","Replace","5","True"
"1815002","Replace","5","True"
"1815003","Replace","5","True"
"1815004","Replace","5","True"
"1815005","Replace","5","True"
"1815006","Replace","5","True"
"1815007","Replace","5","True"
"1815101","Replace","5","True"
"1815102","Replace","5","True"
"1815103","Replace","5","True"
"1815104","Replace","5","True"
"1815105","Replace","5","True"
"1815106","Replace","5","True"
"1815107","Replace","5","True"
"1815108","Replace","5","True"
"1815109","Replace","5","True"
"1815110","Replace","5","True"
"1815111","Replace","5","True"
"1815112","Replace","5","True"
"1815113","Replace","5","True"
"1815114","Replace","5","True"
"1815115","Replace","5","True"
"1815116","Replace","5","True"
"1815117","Replace","5","True"
"1815118","Replace","5","True"
"1815119","Replace","5","True"
"1815120","Replace","5","True"
"1815121","Replace","5","True"
"1815122","Replace","5","True"
"1815123","Replace","5","True"
"1815124","Replace","5","True"
"1815125","Replace","5","True"
"1815126","Replace","5","True"
"1815127","Replace","5","True"
"1815128","Replace","5","True"
"1815129","Replace","5","True"
"1815130","Replace","5","True"
"1816101","Replace","5","True"
"1816102","Replace","5","True"
"1816103","Replace","5","True"
"1816104","Replace","5","True"
"1816105","Replace","5","True"
"1816106","Replace","5","True"
"1816107","Replace","5","True"
"1816108","Replace","5","True"
"1816109","Replace","5","True"
"1816110","Replace","5","True"
"1816111","Replace","5","True"
"1816112","Replace","5","True"
"1816113","Replace","5","True"
"1816114","Replace","5","True"
"1816115","Replace","5","True"
"1816116","Replace","5","True"
"1816117","Replace","5","True"
"1816118","Replace","5","True"
"1816119","Replace","5","True"
"1816120","Replace","5","True"
"1816121","Replace","5","True"
"1816122","Replace","5","True"
"1816123","Replace","5","True"
"1816124","Replace","5","True"
"1816125","Replace","5","True"
"1816126","Replace","5","True"
"1816127","Replace","5","True"
"1816128","Replace","5","True"
"1816129","Replace","5","True"
"1816130","Replace","5","True"
"1817101","Replace","5","True"
"1817102","Replace","5","True"
"1817103","Replace","5","True"
"1817104","Replace","5","True"
"1817105","Replace","5","True"
"1817106","Replace","5","True"
"1817107","Replace","5","True"
"1817108","Replace","5","True"
"1817109","Replace","5","True"
"1817110","Replace","5","True"
"1817111","Replace","5","True"
"1817112","Replace","5","True"
"1817113","Replace","5","True"
"1817114","Replace","5","True"
"1817115","Replace","5","True"
"1817116","Replace","5","True"
"1817117","Replace","5","True"
"1817118","Replace","5","True"
"1817119","Replace","5","True"
"1817120","Replace","5","True"
"1817121","Replace","5","True"
"1817122","Replace","5","True"
"1817123","Replace","5","True"
"1817124","Replace","5","True"
"1817125","Replace","5","True"
"1817126","Replace","5","True"
"1817127","Replace","5","True"
"1817128","Replace","5","True"
"1817129","Replace","5","True"
"1817130","Replace","5","True"
"1819001","Replace","5","True"
"1819002","Replace","5","True"
"1820002","Replace","5","True"
"1820003","Replace","5","True"
"1820004","Replace","5","True"
"1820005","Replace","5","True"
"1820006","Replace","5","True"
"1820007","Replace","5","True"
"1820009","Replace","5","True"
"1820010","Replace","5","True"
"1820011","Replace","5","True"
"1820017","Replace","5","True"
"1820018","Replace","5","True"
"1820019","Replace","5","True"
"1820020","Replace","5","True"
"1820021","Replace","5","True"
"1820022","Replace","5","True"
"1820023","Replace","5","True"
"1820024","Replace","5","True"
"1820025","Replace","5","True"
"1820026","Replace","5","True"
"1820027","Replace","5","True"
"1820028","Replace","5","True"
"1820029","Replace","5","True"
"1820030","Replace","5","True"
"1820031","Replace","5","True"
"1820032","Add","5","True"
"1820033","Replace","5","True"
"1820034","Replace","5","True"
"1820035","Replace","5","True"
"1820036","Replace","5","True"
"1820037","Replace","5","True"
"1820038","Replace","5","True"
"1820039","Replace","5","True"
"1820040","Replace","5","True"
"1820041","Replace","5","True"
"1820042","Replace","5","True"
"1820043","Replace","5","True"
"1820044","Replace","5","True"
"1820045","Replace","5","True"
"1820046","Replace","5","True"
"1820047","Replace","5","True"
"1820048","Replace","5","True"
"1820049","Replace","5","True"
"1820050","Replace","5","True"
"1820051","Replace","5","True"
"1820052","Replace","5","True"
"1820056","Replace","5","True"
"1820057","Add","5","True"
"1820058","Add","5","True"
"1820059","Add","5","True"
"1820060","Add","5","True"
"1820061","Add","5","True"
"1820062","Add","5","True"
"1820063","Add","5","True"
"1820064","Add","5","True"
"1820065","Add","5","True"
"1820066","Add","5","True"
"1820067","Add","5","True"
"1820068","Add","5","True"
"1820069","Add","5","True"
"1820070","Add","5","True"
"1820071","Add","5","True"
"1820072","Add","5","True"
"1820073","Add","5","True"
"1820074","Add","5","True"
"1820075","Add","5","True"
"1820076","Add","5","True"
"1820077","Add","5","True"
"1820078","Add","5","True"
"1820079","Add","5","True"
"1820080","Add","5","True"
"1820081","Add","5","True"
"1820082","Add","5","True"
"1830000","Replace","5","True"
"1830001","Replace","5","True"
"1830002","Replace","5","True"
"1830004","Replace","5","True"
"1830005","Replace","5","True"
"1830006","Replace","5","True"
"1830007","Replace","5","True"
"1830008","Replace","5","True"
"1830009","Replace","5","True"
"1830010","Replace","5","True"
"1830011","Replace","5","True"
"1851001","Replace","5","True"
"1851003","Replace","5","True"
"1851004","Replace","5","True"
"1851005","Replace","5","True"
"1851006","Replace","5","True"
"1851007","Replace","5","True"
"1851008","Replace","5","True"
"1851009","Replace","5","True"
"1851010","Replace","5","True"
"1851101","Replace","5","True"
"1851102","Replace","5","True"
"1851103","Replace","5","True"
"1851104","Replace","5","True"
"1851105","Replace","5","True"
"1851106","Replace","5","True"
"1851107","Replace","5","True"
"1851108","Replace","5","True"
"1851109","Replace","5","True"
"1851110","Replace","5","True"
"1851111","Replace","5","True"
"1851112","Replace","5","True"
"1851113","Replace","5","True"
"1851114","Replace","5","True"
"1851115","Replace","5","True"
"1851116","Replace","5","True"
"1851117","Replace","5","True"
"1851118","Replace","5","True"
"1851119","Replace","5","True"
"1851120","Replace","5","True"
"1851121","Replace","5","True"
"1851122","Replace","5","True"
"1851123","Replace","5","True"
"1851124","Replace","5","True"
"1851125","Replace","5","True"
"1851126","Replace","5","True"
"1851127","Replace","5","True"
"1851128","Replace","5","True"
"1851129","Replace","5","True"
"1851130","Replace","5","True"
"1852001","Replace","5","True"
"1852003","Replace","5","True"
"1852004","Replace","5","True"
"1852005","Replace","5","True"
"1852006","Replace","5","True"
"1852007","Replace","5","True"
"1852008","Replace","5","True"
"1852009","Replace","5","True"
"1852010","Replace","5","True"
"1852101","Replace","5","True"
"1852102","Replace","5","True"
"1852103","Replace","5","True"
"1852104","Replace","5","True"
"1852105","Replace","5","True"
"1852106","Replace","5","True"
"1852107","Replace","5","True"
"1852108","Replace","5","True"
"1852109","Replace","5","True"
"1852110","Replace","5","True"
"1852111","Replace","5","True"
"1852112","Replace","5","True"
"1852113","Replace","5","True"
"1852114","Replace","5","True"
"1852115","Replace","5","True"
"1852116","Replace","5","True"
"1852117","Replace","5","True"
"1852118","Replace","5","True"
"1852119","Replace","5","True"
"1852120","Replace","5","True"
"1852121","Replace","5","True"
"1852122","Replace","5","True"
"1852123","Replace","5","True"
"1852124","Replace","5","True"
"1852125","Replace","5","True"
"1852126","Replace","5","True"
"1852127","Replace","5","True"
"1852128","Replace","5","True"
"1852129","Replace","5","True"
"1852130","Replace","5","True"
"1853001","Replace","5","True"
"1853003","Replace","5","True"
"1853004","Replace","5","True"
"1853005","Replace","5","True"
"1853006","Replace","5","True"
"1853007","Replace","5","True"
"1853008","Replace","5","True"
"1853009","Replace","5","True"
"1853010","Replace","5","True"
"1853101","Replace","5","True"
"1853102","Replace","5","True"
"1853103","Replace","5","True"
"1853104","Replace","5","True"
"1853105","Replace","5","True"
"1853106","Replace","5","True"
"1853107","Replace","5","True"
"1853108","Replace","5","True"
"1853109","Replace","5","True"
"1853110","Replace","5","True"
"1853111","Replace","5","True"
"1853112","Replace","5","True"
"1853113","Replace","5","True"
"1853114","Replace","5","True"
"1853115","Replace","5","True"
"1853116","Replace","5","True"
"1853117","Replace","5","True"
"1853118","Replace","5","True"
"1853119","Replace","5","True"
"1853120","Replace","5","True"
"1853121","Replace","5","True"
"1853122","Replace","5","True"
"1853123","Replace","5","True"
"1853124","Replace","5","True"
"1853125","Replace","5","True"
"1853126","Replace","5","True"
"1853127","Replace","5","True"
"1853128","Replace","5","True"
"1853129","Replace","5","True"
"1853130","Replace","5","True"
"1854001","Replace","5","True"
"1854003","Replace","5","True"
"1854004","Replace","5","True"
"1854005","Replace","5","True"
"1854006","Replace","5","True"
"1854007","Replace","5","True"
"1854008","Replace","5","True"
"1854009","Replace","5","True"
"1854010","Replace","5","True"
"1854101","Replace","5","True"
"1854102","Replace","5","True"
"1854103","Replace","5","True"
"1854104","Replace","5","True"
"1854105","Replace","5","True"
"1854106","Replace","5","True"
"1854107","Replace","5","True"
"1854108","Replace","5","True"
"1854109","Replace","5","True"
"1854110","Replace","5","True"
"1854111","Replace","5","True"
"1854112","Replace","5","True"
"1854113","Replace","5","True"
"1854114","Replace","5","True"
"1854115","Replace","5","True"
"1854116","Replace","5","True"
"1854117","Replace","5","True"
"1854118","Replace","5","True"
"1854119","Replace","5","True"
"1854120","Replace","5","True"
"1854121","Replace","5","True"
"1854122","Replace","5","True"
"1854123","Replace","5","True"
"1854124","Replace","5","True"
"1854125","Replace","5","True"
"1854126","Replace","5","True"
"1854127","Replace","5","True"
"1854128","Replace","5","True"
"1854129","Replace","5","True"
"1854130","Replace","5","True"
"1855101","Replace","5","True"
"1855102","Replace","5","True"
"1855103","Replace","5","True"
"1855104","Replace","5","True"
"1855105","Replace","5","True"
"1855106","Replace","5","True"
"1855107","Replace","5","True"
"1855108","Replace","5","True"
"1855109","Replace","5","True"
"1855110","Replace","5","True"
"1855111","Replace","5","True"
"1855112","Replace","5","True"
"1855113","Replace","5","True"
"1855114","Replace","5","True"
"1855115","Replace","5","True"
"1855116","Replace","5","True"
"1855117","Replace","5","True"
"1855118","Replace","5","True"
"1855119","Replace","5","True"
"1855120","Replace","5","True"
"1855121","Replace","5","True"
"1855122","Replace","5","True"
"1855123","Replace","5","True"
"1855124","Replace","5","True"
"1855125","Replace","5","True"
"1855126","Replace","5","True"
"1855127","Replace","5","True"
"1855128","Replace","5","True"
"1855129","Replace","5","True"
"1855130","Replace","5","True"
"1856101","Replace","5","True"
"1856102","Replace","5","True"
"1856103","Replace","5","True"
"1856104","Replace","5","True"
"1856105","Replace","5","True"
"1856106","Replace","5","True"
"1856107","Replace","5","True"
"1856108","Replace","5","True"
"1856109","Replace","5","True"
"1856110","Replace","5","True"
"1856111","Replace","5","True"
"1856112","Replace","5","True"
"1856113","Replace","5","True"
"1856114","Replace","5","True"
"1856115","Replace","5","True"
"1856116","Replace","5","True"
"1856117","Replace","5","True"
"1856118","Replace","5","True"
"1856119","Replace","5","True"
"1856120","Replace","5","True"
"1856121","Replace","5","True"
"1856122","Replace","5","True"
"1856123","Replace","5","True"
"1856124","Replace","5","True"
"1856125","Replace","5","True"
"1856126","Replace","5","True"
"1856127","Replace","5","True"
"1856128","Replace","5","True"
"1856129","Replace","5","True"
"1856130","Replace","5","True"
"1857101","Replace","5","True"
"1857102","Replace","5","True"
"1857103","Replace","5","True"
"1857104","Replace","5","True"
"1857105","Replace","5","True"
"1857106","Replace","5","True"
"1857107","Replace","5","True"
"1857108","Replace","5","True"
"1857109","Replace","5","True"
"1857110","Replace","5","True"
"1857111","Replace","5","True"
"1857112","Replace","5","True"
"1857113","Replace","5","True"
"1857114","Replace","5","True"
"1857115","Replace","5","True"
"1857116","Replace","5","True"
"1857117","Replace","5","True"
"1857118","Replace","5","True"
"1857119","Replace","5","True"
"1857120","Replace","5","True"
"1857121","Replace","5","True"
"1857122","Replace","5","True"
"1857123","Replace","5","True"
"1857124","Replace","5","True"
"1857125","Replace","5","True"
"1857126","Replace","5","True"
"1857127","Replace","5","True"
"1857128","Replace","5","True"
"1857129","Replace","5","True"
"1857130","Replace","5","True"
"1900000","Replace","5","True"
"1900001","Replace","5","True"
"1900002","Replace","5","True"
"1900003","Replace","5","True"
"1900004","Replace","5","True"
"1900005","Replace","5","True"
"1900006","Replace","5","True"
"1900007","Replace","5","True"
"1900008","Replace","5","True"
"1900009","Replace","5","True"
"1900010","Replace","5","True"
"1900011","Replace","5","True"
"1900012","Replace","5","True"
"1900013","Replace","5","True"
"1900014","Replace","5","True"
"1900015","Replace","5","True"
"1900016","Replace","5","True"
"1900017","Replace","5","True"
"1900018","Replace","5","True"
"1900019","Replace","5","True"
"1900020","Replace","5","True"
"1900021","Replace","5","True"
"1900022","Replace","5","True"
"1900023","Replace","5","True"
"1900024","Add","5","True"
"1900025","Add","5","True"
"1900027","Add","5","True"
"1900028","Add","5","True"
"1900029","Add","5","True"
"2000000","Replace","5","True"
"2000001","Replace","5","True"
"2000002","Replace","5","True"
"2000003","Replace","5","True"
"2000004","Replace","5","True"
"2000005","Replace","5","True"
"2000006","Replace","5","True"
"2000007","Replace","5","True"
"2000008","Replace","5","True"
"2000009","Replace","5","True"
"2000010","Replace","5","True"
"2000011","Replace","5","True"
"2000012","Replace","5","True"
"2000013","Replace","5","True"
"2000014","Replace","5","True"
"2000015","Replace","5","True"
"2000016","Replace","5","True"
"2000017","Replace","5","True"
"2000018","Replace","5","True"
"2000019","Replace","5","True"
"2000020","Replace","5","True"
"2000021","Replace","5","True"
"2000022","Replace","5","True"
"2000026","Replace","5","True"
"2000027","Replace","5","True"
"2000028","Replace","5","True"
"2000029","Replace","5","True"
"2000030","Replace","5","True"
"2000031","Replace","5","True"
"2000032","Replace","5","True"
"2000033","Replace","5","True"
"2000034","Replace","5","True"
"2000036","Replace","5","True"
"2000037","Replace","5","True"
"2000038","Replace","5","True"
"2000039","Replace","5","True"
"2000040","Replace","5","True"
"2000041","Replace","5","True"
"2000042","Replace","5","True"
"2000043","Replace","5","True"
"2000044","Replace","5","True"
"2000045","Replace","5","True"
"2000046","Replace","5","True"
"2000047","Replace","5","True"
"2000048","Replace","5","True"
"2000051","Replace","5","True"
"2000052","Replace","5","True"
"2000053","Replace","5","True"
"2000054","Replace","5","True"
"2000055","Replace","5","True"
"2000056","Replace","5","True"
"2000057","Replace","5","True"
"2000058","Replace","5","True"
"2000059","Replace","5","True"
"2000060","Replace","5","True"
"2000061","Replace","5","True"
"2000062","Replace","5","True"
"2000063","Replace","5","True"
"2000064","Replace","5","True"
"2000065","Replace","5","True"
"2000066","Replace","5","True"
"2000067","Replace","5","True"
"2000068","Replace","5","True"
"2000069","Replace","5","True"
"2000070","Replace","5","True"
"2000071","Replace","5","True"
"2000072","Replace","5","True"
"2000073","Replace","5","True"
"2000074","Replace","5","True"
"2000075","Replace","5","True"
"2000076","Replace","5","True"
"2000077","Replace","5","True"
"2000078","Replace","5","True"
"2000079","Replace","5","True"
"2000080","Replace","5","True"
"2000081","Replace","5","True"
"2000082","Replace","5","True"
"2000083","Replace","5","True"
"2000084","Replace","5","True"
"2000085","Replace","5","True"
"2000086","Replace","5","True"
"2000087","Replace","5","True"
"2000088","Replace","5","True"
"2000089","Replace","5","True"
"2000090","Replace","5","True"
"2000092","Replace","5","True"
"2000093","Replace","5","True"
"2000094","Replace","5","True"
"2000095","Replace","5","True"
"2000096","Replace","5","True"
"2000097","Replace","5","True"
"2000098","Replace","5","True"
"2000099","Add","5","True"
"2000100","Add","5","True"
"2000101","Add","5","True"
"2000102","Add","5","True"
"2000103","Add","5","True"
"2000104","Add","5","True"
"2000105","Add","5","True"
"2000106","Add","5","True"
"2000107","Add","5","True"
"2000108","Add","5","True"
"2000109","Add","5","True"
"2000110","Add","5","True"
"2000111","Add","5","True"
"2000112","Add","5","True"
"2000113","Add","5","True"
"2000114","Add","5","True"
"2000115","Add","5","True"
"2000116","Add","5","True"
"2000117","Add","5","True"
"2000118","Add","5","True"
"2000120","Add","5","True"
"2000121","Add","5","True"
"2000123","Add","5","True"
"2000124","Add","5","True"
"2000125","Add","5","True"
"2000126","Add","5","True"
"2000127","Add","5","True"
"2000128","Add","5","True"
"2000129","Add","5","True"
"2000130","Add","5","True"
"2000131","Add","5","True"
"2000132","Add","5","True"
"2000133","Add","5","True"
"2000134","Add","5","True"
"2000135","Add","5","True"
"2000136","Add","5","True"
"2000137","Add","5","True"
"2000138","Add","5","True"
"2000139","Add","5","True"
"2000140","Add","5","True"
"2000141","Add","5","True"
"2000142","Add","5","True"
"2000143","Add","5","True"
"2000144","Add","5","True"
"2000146","Add","5","True"
"2000148","Add","5","True"
"2000149","Add","5","True"
"2000150","Add","5","True"
"2000151","Add","5","True"
"2000152","Add","5","True"
"2000153","Add","5","True"
"2000154","Add","5","True"
"2000155","Add","5","True"
"2000156","Add","5","True"
"2000157","Add","5","True"
"2000158","Add","5","True"
"2000159","Add","5","True"
"2000160","Add","5","True"
"2000161","Add","5","True"
"2000162","Add","5","True"
"2000163","Add","5","True"
"2000164","Add","5","True"
"2000165","Add","5","True"
"2000166","Add","5","True"
"2000167","Add","5","True"
"2000168","Add","5","True"
"2000169","Add","5","True"
"2000183","Add","5","True"
"2000198","Add","5","True"
"2000199","Add","5","True"
"2000200","Add","5","True"
"2000201","Add","5","True"
"2000202","Add","5","True"
"2000203","Add","5","True"
"2000204","Add","5","True"
"2000205","Add","5","True"
"2000206","Add","5","True"
"2000207","Add","5","True"
"2000208","Add","5","True"
"2000209","Add","5","True"
"2000210","Add","5","True"
"2000211","Add","5","True"
"2000212","Add","5","True"
"2100000","Replace","5","True"
"2100001","Replace","5","True"
"2100002","Replace","5","True"
"2100003","Replace","5","True"
"2100004","Replace","5","True"
"2100005","Replace","5","True"
"2100006","Replace","5","True"
"2100007","Replace","5","True"
"2100010","Replace","5","True"
"2100011","Replace","5","True"
"2100012","Replace","5","True"
"2100015","Replace","5","True"
"2100017","Replace","5","True"
"2100018","Replace","5","True"
"2100019","Replace","5","True"
"2100023","Replace","5","True"
"2100024","Replace","5","True"
"2100025","Replace","5","True"
"2100026","Replace","5","True"
"2100027","Replace","5","True"
"2100028","Replace","5","True"
"2100029","Replace","5","True"
"2100030","Replace","5","True"
"2100031","Add","5","True"
"2100032","Add","5","True"
"2100033","Add","5","True"
"2100034","Add","5","True"
"2100035","Add","5","True"
"2100036","Add","5","True"
"2100037","Add","5","True"
"2100041","Add","5","True"
"2100042","Add","5","True"
"2100043","Add","5","True"
"2100044","Add","5","True"
"2100045","Add","5","True"
"2100046","Add","5","True"
"2100047","Add","5","True"
"2100048","Add","5","True"
"2100049","Add","5","True"
"2100050","Add","5","True"
"2100051","Replace","5","True"
"2100052","Replace","5","True"
"2100053","Replace","5","True"
"2100054","Replace","5","True"
"2100055","Replace","5","True"
"2100056","Replace","5","True"
"2100057","Replace","5","True"
"2100061","Replace","5","True"
"2100062","Replace","5","True"
"2100063","Replace","5","True"
"2100095","Add","5","True"
"2100096","Add","5","True"
"2100097","Add","5","True"
"2100098","Add","5","True"
"2100099","Add","5","True"
"2100101","Replace","5","True"
"2100102","Replace","5","True"
"2100103","Replace","5","True"
"2100104","Replace","5","True"
"2100105","Replace","5","True"
"2100106","Replace","5","True"
"2100107","Replace","5","True"
"2100109","Replace","5","True"
"2100110","Replace","5","True"
"2100111","Replace","5","True"
"2100112","Replace","5","True"
"2100113","Replace","5","True"
"2100114","Replace","5","True"
"2100115","Replace","5","True"
"2100116","Replace","5","True"
"2100117","Replace","5","True"
"2100118","Replace","5","True"
"2100119","Replace","5","True"
"2100120","Replace","5","True"
"2100121","Replace","5","True"
"2100122","Replace","5","True"
"2100123","Replace","5","True"
"2100124","Replace","5","True"
"2100125","Replace","5","True"
"2100126","Replace","5","True"
"2100127","Replace","5","True"
"2100128","Replace","5","True"
"2100129","Replace","5","True"
"2100130","Replace","5","True"
"2100131","Replace","5","True"
"2100132","Replace","5","True"
"2100133","Replace","5","True"
"2100134","Replace","5","True"
"2100135","Replace","5","True"
"2100136","Replace","5","True"
"2100137","Replace","5","True"
"2100138","Replace","5","True"
"2100139","Replace","5","True"
"2100140","Replace","5","True"
"2100141","Replace","5","True"
"2100142","Replace","5","True"
"2100143","Replace","5","True"
"2100144","Replace","5","True"
"2100145","Replace","5","True"
"2100146","Replace","5","True"
"2100147","Replace","5","True"
"2100148","Replace","5","True"
"2100149","Replace","5","True"
"2100150","Replace","5","True"
"2100151","Replace","5","True"
"2100152","Replace","5","True"
"2100153","Replace","5","True"
"2100154","Replace","5","True"
"2100155","Add","5","True"
"2100156","Add","5","True"
"2100157","Add","5","True"
"2100158","Add","5","True"
"2100159","Add","5","True"
"2100160","Add","5","True"
"2100161","Add","5","True"
"2100162","Add","5","True"
"2100163","Add","5","True"
"2100164","Add","5","True"
"2100165","Add","5","True"
"2100166","Add","5","True"
"2100167","Add","5","True"
"2100168","Add","5","True"
"2100169","Add","5","True"
"2100170","Add","5","True"
"2100171","Add","5","True"
"2100172","Add","5","True"
"2100173","Add","5","True"
"2100174","Add","5","True"
"2100175","Add","5","True"
"2100176","Add","5","True"
"2100177","Add","5","True"
"2100178","Add","5","True"
"2100179","Add","5","True"
"2100180","Add","5","True"
"2100181","Add","5","True"
"2100182","Add","5","True"
"2100183","Add","5","True"
"2100184","Add","5","True"
"2100185","Add","5","True"
"2100186","Add","5","True"
"2100187","Add","5","True"
"2100188","Add","5","True"
"2100189","Add","5","True"
"2100190","Add","5","True"
"2100191","Add","5","True"
"2100192","Add","5","True"
"2100193","Add","5","True"
"2100194","Add","5","True"
"2100195","Add","5","True"
"2100196","Add","5","True"
"2100197","Add","5","True"
"2100198","Add","5","True"
"2100199","Add","5","True"
"2100200","Replace","5","True"
"2100201","Replace","5","True"
"2100202","Replace","5","True"
"2100203","Replace","5","True"
"2100204","Add","5","True"
"2100205","Add","5","True"
"2100206","Add","5","True"
"2100207","Add","5","True"
"2100208","Add","5","True"
"2100209","Add","5","True"
"2100210","Add","5","True"
"2100211","Add","5","True"
"2100212","Add","5","True"
"2100213","Add","5","True"
"2100214","Add","5","True"
"2100215","Add","5","True"
"2100216","Add","5","True"
"2100217","Add","5","True"
"2100218","Add","5","True"
"2100219","Add","5","True"
"2100221","Add","5","True"
"2100222","Add","5","True"
"2100223","Add","5","True"
"2100224","Add","5","True"
"2100225","Add","5","True"
"2100226","Add","5","True"
"2100227","Add","5","True"
"2100228","Add","5","True"
"2100229","Add","5","True"
"2100230","Add","5","True"
"2100231","Add","5","True"
"2100232","Add","5","True"
"2100233","Add","5","True"
"2100234","Add","5","True"
"2100235","Add","5","True"
"2100236","Add","5","True"
"2100237","Add","5","True"
"2100238","Add","5","True"
"2100239","Add","5","True"
"2100240","Add","5","True"
"2100241","Add","5","True"
"2100242","Add","5","True"
"2100243","Add","5","True"
"2100244","Add","5","True"
"2100245","Add","5","True"
"2100246","Add","5","True"
"2100301","Replace","5","True"
"2100302","Replace","5","True"
"2100303","Replace","5","True"
"2100304","Replace","5","True"
"2100305","Replace","5","True"
"2100306","Replace","5","True"
"2100307","Replace","5","True"
"2100308","Add","5","True"
"2100309","Add","5","True"
"2100310","Add","5","True"
"2100311","Add","5","True"
"2100312","Add","5","True"
"2100313","Add","5","True"
"2100314","Add","5","True"
"2100315","Add","5","True"
"2100316","Add","5","True"
"2100317","Add","5","True"
"2100318","Add","5","True"
"2100319","Add","5","True"
"2100320","Add","5","True"
"2100321","Add","5","True"
"2100322","Add","5","True"
"2100323","Add","5","True"
"2100324","Add","5","True"
"2100325","Add","5","True"
"2100326","Add","5","True"
"2100327","Add","5","True"
"2100328","Add","5","True"
"2100329","Add","5","True"
"2100330","Add","5","True"
"2100331","Add","5","True"
"2100332","Add","5","True"
"2100333","Add","5","True"
"2100334","Add","5","True"
"2100335","Add","5","True"
"2100336","Add","5","True"
"2100337","Add","5","True"
"2100338","Add","5","True"
"2100339","Add","5","True"
"2100340","Add","5","True"
"2100341","Add","5","True"
"2100342","Add","5","True"
"2100343","Add","5","True"
"2100344","Add","5","True"
"2100345","Add","5","True"
"2100346","Add","5","True"
"2100347","Add","5","True"
"2100348","Add","5","True"
"2100349","Add","5","True"
"2100350","Add","5","True"
"2100351","Add","5","True"
"2100352","Add","5","True"
"2100353","Add","5","True"
"2100354","Add","5","True"
"2100355","Add","5","True"
"2100356","Add","5","True"
"2100357","Add","5","True"
"2100358","Add","5","True"
"2100359","Add","5","True"
"2100360","Add","5","True"
"2100361","Add","5","True"
"2100362","Add","5","True"
"2100363","Add","5","True"
"2100364","Add","5","True"
"2100365","Add","5","True"
"2100366","Add","5","True"
"2100367","Add","5","True"
"2100368","Add","5","True"
"2100369","Add","5","True"
"2100370","Add","5","True"
"2100371","Add","5","True"
"2100372","Add","5","True"
"2100373","Add","5","True"
"2100374","Add","5","True"
"2100375","Add","5","True"
"2100376","Add","5","True"
"2100377","Add","5","True"
"2100378","Add","5","True"
"2100379","Add","5","True"
"2100380","Add","5","True"
"2100381","Add","5","True"
"2100382","Add","5","True"
"2100383","Add","5","True"
"2100384","Add","5","True"
"2100385","Add","5","True"
"2100386","Add","5","True"
"2100387","Add","5","True"
"2100388","Add","5","True"
"2100389","Add","5","True"
"2100390","Add","5","True"
"2100391","Add","5","True"
"2100392","Add","5","True"
"2100393","Add","5","True"
"2100394","Add","5","True"
"2100395","Add","5","True"
"2100396","Add","5","True"
"2100397","Add","5","True"
"2100398","Add","5","True"
"2100399","Add","5","True"
"2100400","Add","5","True"
"2100401","Add","5","True"
"2100402","Add","5","True"
"2100403","Add","5","True"
"2100404","Add","5","True"
"2100405","Add","5","True"
"2100406","Add","5","True"
"2100407","Add","5","True"
"2100408","Add","5","True"
"2100409","Add","5","True"
"2100410","Add","5","True"
"2100411","Add","5","True"
"2100412","Add","5","True"
"2100413","Add","5","True"
"2100414","Add","5","True"
"2100415","Add","5","True"
"2100416","Add","5","True"
"2100417","Add","5","True"
"2100418","Add","5","True"
"2100419","Add","5","True"
"2100420","Add","5","True"
"2100421","Add","5","True"
"2100422","Add","5","True"
"2100423","Add","5","True"
"2100424","Add","5","True"
"2100425","Add","5","True"
"2100426","Add","5","True"
"2100427","Add","5","True"
"2100428","Add","5","True"
"2100429","Add","5","True"
"2100430","Add","5","True"
"2100431","Add","5","True"
"2100432","Add","5","True"
"2100433","Add","5","True"
"2100434","Add","5","True"
"2100435","Add","5","True"
"2100436","Add","5","True"
"2100437","Add","5","True"
"2100438","Add","5","True"
"2100439","Add","5","True"
"2100440","Add","5","True"
"2100441","Add","5","True"
"2100442","Add","5","True"
"2100443","Add","5","True"
"2100444","Add","5","True"
"2100445","Add","5","True"
"2100446","Add","5","True"
"2100447","Add","5","True"
"2100448","Add","5","True"
"2100449","Add","5","True"
"2100450","Add","5","True"
"2100451","Add","5","True"
"2100452","Add","5","True"
"2100453","Add","5","True"
"2100454","Add","5","True"
"2100455","Add","5","True"
"2100456","Add","5","True"
"2100457","Add","5","True"
"2100458","Add","5","True"
"2100459","Add","5","True"
"2100460","Add","5","True"
"2100461","Add","5","True"
"2100462","Add","5","True"
"2100463","Add","5","True"
"2100464","Add","5","True"
"2100465","Add","5","True"
"2100466","Add","5","True"
"2100467","Add","5","True"
"2100468","Add","5","True"
"2100469","Add","5","True"
"2100470","Add","5","True"
"2100471","Add","5","True"
"2100472","Add","5","True"
"2100473","Add","5","True"
"2100474","Add","5","True"
"2100475","Add","5","True"
"2100476","Add","5","True"
"2100477","Add","5","True"
"2100478","Add","5","True"
"2100479","Add","5","True"
"2100480","Add","5","True"
"2100481","Add","5","True"
"2100482","Add","5","True"
"2100483","Add","5","True"
"2100484","Add","5","True"
"2100485","Add","5","True"
"2100486","Add","5","True"
"2100487","Add","5","True"
"2100488","Add","5","True"
"2100489","Add","5","True"
"2100490","Add","5","True"
"2100491","Add","5","True"
"2100492","Add","5","True"
"2100493","Add","5","True"
"2100494","Add","5","True"
"2100495","Add","5","True"
"2100496","Add","5","True"
"2100497","Add","5","True"
"2100498","Add","5","True"
"2100499","Add","5","True"
"2100500","Add","5","True"
"2100501","Add","5","True"
"2100502","Add","5","True"
"2100503","Add","5","True"
"2100504","Add","5","True"
"2100505","Add","5","True"
"2100506","Add","5","True"
"2100507","Add","5","True"
"2100508","Add","5","True"
"2100509","Add","5","True"
"2100510","Add","5","True"
"2100511","Add","5","True"
"2100512","Add","5","True"
"2100513","Add","5","True"
"2100514","Add","5","True"
"2100515","Add","5","True"
"2100516","Add","5","True"
"2100517","Add","5","True"
"2100518","Add","5","True"
"2100519","Add","5","True"
"2100520","Add","5","True"
"2100521","Add","5","True"
"2100522","Add","5","True"
"2100523","Add","5","True"
"2100524","Add","5","True"
"2100525","Add","5","True"
"2100526","Add","5","True"
"2100527","Add","5","True"
"2100528","Add","5","True"
"2100529","Add","5","True"
"2100530","Add","5","True"
"2100531","Add","5","True"
"2100532","Add","5","True"
"2100533","Add","5","True"
"2100534","Add","5","True"
"2100535","Add","5","True"
"2100536","Add","5","True"
"2100537","Add","5","True"
"2100538","Add","5","True"
"2100539","Add","5","True"
"2100540","Add","5","True"
"2100541","Add","5","True"
"2100542","Add","5","True"
"2100543","Add","5","True"
"2100544","Add","5","True"
"2100545","Add","5","True"
"2100546","Add","5","True"
"2100547","Add","5","True"
"2100548","Add","5","True"
"2100549","Add","5","True"
"2100550","Add","5","True"
"2100551","Add","5","True"
"2100552","Add","5","True"
"2100553","Add","5","True"
"2100554","Add","5","True"
"2100555","Add","5","True"
"2100556","Add","5","True"
"2100557","Add","5","True"
"2100558","Add","5","True"
"2100559","Add","5","True"
"2100560","Add","5","True"
"2100561","Add","5","True"
"2100562","Add","5","True"
"2100563","Add","5","True"
"2100564","Add","5","True"
"2100565","Add","5","True"
"2100566","Add","5","True"
"2100567","Add","5","True"
"2100568","Add","5","True"
"2100569","Add","5","True"
"2100570","Add","5","True"
"2100571","Add","5","True"
"2100572","Add","5","True"
"2100573","Add","5","True"
"2100574","Add","5","True"
"2100575","Add","5","True"
"2100576","Add","5","True"
"2100577","Add","5","True"
"2100578","Add","5","True"
"2100579","Add","5","True"
"2100580","Add","5","True"
"2100581","Add","5","True"
"2100582","Add","5","True"
"2100583","Add","5","True"
"2100584","Add","5","True"
"2100585","Add","5","True"
"2100586","Add","5","True"
"2100587","Add","5","True"
"2100588","Add","5","True"
"2100589","Add","5","True"
"2100590","Add","5","True"
"2100591","Add","5","True"
"2100592","Add","5","True"
"2100593","Add","5","True"
"2100594","Add","5","True"
"2100595","Add","5","True"
"2100596","Add","5","True"
"2100597","Add","5","True"
"2100598","Add","5","True"
"2100599","Add","5","True"
"2100600","Add","5","True"
"2100601","Add","5","True"
"2100602","Add","5","True"
"2100603","Add","5","True"
"2100604","Add","5","True"
"2100605","Add","5","True"
"2100606","Add","5","True"
"2100607","Add","5","True"
"2100608","Add","5","True"
"2100609","Add","5","True"
"2100610","Add","5","True"
"2100611","Add","5","True"
"2100612","Add","5","True"
"2100613","Add","5","True"
"2100614","Add","5","True"
"2100615","Add","5","True"
"2100616","Add","5","True"
"2100617","Add","5","True"
"2100618","Add","5","True"
"2100619","Add","5","True"
"2100620","Add","5","True"
"2100621","Add","5","True"
"2100622","Add","5","True"
"2100623","Add","5","True"
"2100624","Add","5","True"
"2100625","Add","5","True"
"2100626","Add","5","True"
"2100627","Add","5","True"
"2100628","Add","5","True"
"2100629","Add","5","True"
"2100630","Add","5","True"
"2100631","Add","5","True"
"2100632","Add","5","True"
"2100633","Add","5","True"
"2100634","Add","5","True"
"2100635","Add","5","True"
"2100636","Add","5","True"
"2100637","Add","5","True"
"2100638","Add","5","True"
"2100639","Add","5","True"
"2100640","Add","5","True"
"2100641","Add","5","True"
"2100642","Add","5","True"
"2100643","Add","5","True"
"2100644","Add","5","True"
"2100645","Add","5","True"
"2100646","Add","5","True"
"2100647","Add","5","True"
"2100648","Add","5","True"
"2100649","Add","5","True"
"2100650","Add","5","True"
"2100651","Add","5","True"
"2100652","Add","5","True"
"2100653","Add","5","True"
"2100654","Add","5","True"
"2100655","Add","5","True"
"2100656","Add","5","True"
"2100657","Add","5","True"
"2100658","Add","5","True"
"2100659","Add","5","True"
"2100660","Add","5","True"
"2100661","Add","5","True"
"2100662","Add","5","True"
"2100663","Add","5","True"
"2100664","Add","5","True"
"2100665","Add","5","True"
"2100666","Add","5","True"
"2100667","Add","5","True"
"2100668","Add","5","True"
"2100669","Add","5","True"
"2100670","Add","5","True"
"2100671","Add","5","True"
"2100672","Add","5","True"
"2100673","Add","5","True"
"2100674","Add","5","True"
"2100675","Add","5","True"
"2100676","Add","5","True"
"2100677","Add","5","True"
"2100678","Add","5","True"
"2100679","Add","5","True"
"2100680","Add","5","True"
"2100681","Add","5","True"
"2100682","Add","5","True"
"2100683","Add","5","True"
"2100684","Add","5","True"
"2100685","Add","5","True"
"2100686","Add","5","True"
"2100687","Add","5","True"
"2100688","Add","5","True"
"2100689","Add","5","True"
"2100690","Add","5","True"
"2100691","Add","5","True"
"2100692","Add","5","True"
"2100693","Add","5","True"
"2100694","Add","5","True"
"2100695","Add","5","True"
"2100696","Add","5","True"
"2100697","Add","5","True"
"2100698","Add","5","True"
"2100699","Add","5","True"
"2100700","Add","5","True"
"2100701","Add","5","True"
"2100702","Add","5","True"
"2100703","Add","5","True"
"2100704","Add","5","True"
"2100705","Add","5","True"
"2100706","Add","5","True"
"2100707","Add","5","True"
"2100708","Add","5","True"
"2100709","Add","5","True"
"2100710","Add","5","True"
"2100711","Add","5","True"
"2100712","Add","5","True"
"2100713","Add","5","True"
"2100714","Add","5","True"
"2100715","Add","5","True"
"2100716","Add","5","True"
"2100717","Add","5","True"
"2100718","Add","5","True"
"2100719","Add","5","True"
"2100720","Add","5","True"
"2100721","Add","5","True"
"2100722","Add","5","True"
"2100723","Add","5","True"
"2100724","Add","5","True"
"2100725","Add","5","True"
"2100726","Add","5","True"
"2100727","Add","5","True"
"2100728","Add","5","True"
"2100729","Add","5","True"
"2100730","Add","5","True"
"2100731","Add","5","True"
"2100732","Add","5","True"
"2100733","Add","5","True"
"2100734","Add","5","True"
"2100735","Add","5","True"
"2100736","Add","5","True"
"2100737","Add","5","True"
"2100738","Add","5","True"
"2100739","Add","5","True"
"2100740","Add","5","True"
"2100741","Add","5","True"
"2100742","Add","5","True"
"2100743","Add","5","True"
"2100744","Add","5","True"
"2100745","Add","5","True"
"2100746","Add","5","True"
"2100747","Add","5","True"
"2100748","Add","5","True"
"2100749","Add","5","True"
"2100750","Add","5","True"
"2100751","Add","5","True"
"2100752","Add","5","True"
"2100753","Add","5","True"
"2100754","Add","5","True"
"2100755","Add","5","True"
"2100756","Add","5","True"
"2100757","Add","5","True"
"2100758","Add","5","True"
"2100759","Add","5","True"
"2100760","Add","5","True"
"2100761","Add","5","True"
"2100762","Add","5","True"
"2100763","Add","5","True"
"2100764","Add","5","True"
"2100765","Add","5","True"
"2100766","Add","5","True"
"2100767","Add","5","True"
"2100768","Add","5","True"
"2100769","Add","5","True"
"2100770","Add","5","True"
"2100771","Add","5","True"
"2100772","Add","5","True"
"2100773","Add","5","True"
"2100774","Add","5","True"
"2100775","Add","5","True"
"2100776","Add","5","True"
"2100777","Add","5","True"
"2100778","Add","5","True"
"2100779","Add","5","True"
"2100780","Add","5","True"
"2100781","Add","5","True"
"2100782","Add","5","True"
"2100783","Add","5","True"
"2100784","Add","5","True"
"2100785","Add","5","True"
"2100786","Add","5","True"
"2100787","Add","5","True"
"2100788","Add","5","True"
"2100789","Add","5","True"
"2100790","Add","5","True"
"2100791","Add","5","True"
"2100792","Add","5","True"
"2100793","Add","5","True"
"2100794","Add","5","True"
"2100795","Add","5","True"
"2100796","Add","5","True"
"2100797","Add","5","True"
"2100798","Add","5","True"
"2100799","Add","5","True"
"2100800","Add","5","True"
"2100801","Add","5","True"
"2100802","Add","5","True"
"2100803","Add","5","True"
"2100804","Add","5","True"
"2100805","Add","5","True"
"2100806","Add","5","True"
"2100807","Add","5","True"
"2100808","Add","5","True"
"2100809","Add","5","True"
"2100810","Add","5","True"
"2100811","Add","5","True"
"2100812","Add","5","True"
"2100813","Add","5","True"
"2100814","Add","5","True"
"2100815","Add","5","True"
"2100816","Add","5","True"
"2100817","Add","5","True"
"2100818","Add","5","True"
"2100819","Add","5","True"
"2100820","Add","5","True"
"2100821","Add","5","True"
"2100822","Add","5","True"
"2100823","Add","5","True"
"2100824","Add","5","True"
"2100825","Add","5","True"
"2100826","Add","5","True"
"2100827","Add","5","True"
"2100828","Add","5","True"
"2100829","Add","5","True"
"2100830","Add","5","True"
"2100831","Add","5","True"
"2100832","Add","5","True"
"2100833","Add","5","True"
"2100834","Add","5","True"
"2100835","Add","5","True"
"2100836","Add","5","True"
"2100837","Add","5","True"
"2201625","Replace","5","True"
"2500102","Replace","5","True"
"2500107","Add","5","True"
"2500109","Replace","5","True"
"2500110","Replace","5","True"
"2500112","Replace","5","True"
"2500113","Replace","5","True"
"2500114","Replace","5","True"
"2500115","Replace","5","True"
"2500116","Replace","5","True"
"2500117","Replace","5","True"
"2500130","Replace","5","True"
"2500135","Replace","5","True"
"2500136","Replace","5","True"
"2500201","Replace","5","True"
"2500202","Replace","5","True"
"2500203","Replace","5","True"
"2500204","Replace","5","True"
"2500205","Replace","5","True"
"2500206","Replace","5","True"
"2500207","Replace","5","True"
"2500208","Replace","5","True"
"2500209","Replace","5","True"
"2500210","Replace","5","True"
"2500211","Replace","5","True"
"2500212","Replace","5","True"
"2500213","Replace","5","True"
"2500214","Replace","5","True"
"2500215","Replace","5","True"
"2500216","Replace","5","True"
"2500217","Replace","5","True"
"2500218","Replace","5","True"
"2500219","Replace","5","True"
"2500220","Replace","5","True"
"2500221","Replace","5","True"
"2500222","Replace","5","True"
"2500223","Replace","5","True"
"2500224","Replace","5","True"
"2500225","Replace","5","True"
"2500226","Replace","5","True"
"2500227","Replace","5","True"
"2500229","Replace","5","True"
"2500230","Replace","5","True"
"2500231","Replace","5","True"
"2500232","Replace","5","True"
"2500233","Replace","5","True"
"2500234","Replace","5","True"
"2500235","Replace","5","True"
"2500236","Replace","5","True"
"2500237","Replace","5","True"
"2500238","Replace","5","True"
"2500239","Replace","5","True"
"2500240","Replace","5","True"
"2500241","Replace","5","True"
"2500242","Replace","5","True"
"2500243","Replace","5","True"
"2500244","Replace","5","True"
"2500245","Replace","5","True"
"2500246","Replace","5","True"
"2500247","Replace","5","True"
"2500248","Replace","5","True"
"2500249","Replace","5","True"
"2500250","Replace","5","True"
"2500251","Replace","5","True"
"2500258","Replace","5","True"
"2500260","Replace","5","True"
"2500261","Replace","5","True"
"2500262","Replace","5","True"
"2500263","Replace","5","True"
"2500264","Replace","5","True"
"2500265","Replace","5","True"
"2500266","Replace","5","True"
"2500267","Replace","5","True"
"2500268","Replace","5","True"
"2500269","Replace","5","True"
"2500272","Replace","5","True"
"2500273","Replace","5","True"
"2500274","Replace","5","True"
"2500275","Replace","5","True"
"2500276","Replace","5","True"
"2500277","Replace","5","True"
"2500280","Replace","5","True"
"2500281","Replace","5","True"
"2500282","Replace","5","True"
"2500283","Replace","5","True"
"2500284","Replace","5","True"
"2500285","Replace","5","True"
"2500286","Replace","5","True"
"2500287","Replace","5","True"
"2500288","Replace","5","True"
"2500289","Replace","5","True"
"2500290","Replace","5","True"
"2500291","Replace","5","True"
"2500292","Replace","5","True"
"2500293","Replace","5","True"
"2500294","Replace","5","True"
"2500295","Replace","5","True"
"2500296","Add","5","True"
"2500297","Add","5","True"
"2500298","Add","5","True"
"2500299","Add","5","True"
"2599976","Add","5","True"
"2599977","Replace","5","True"
"2599978","Replace","5","True"
"2599979","Replace","5","True"
"2599980","Replace","5","True"
"2599981","Replace","5","True"
"2599982","Replace","5","True"
"2599983","Replace","5","True"
"2599984","Replace","5","True"
"2599985","Replace","5","True"
"2599988","Replace","5","True"
"2599989","Replace","5","True"
"2599990","Replace","5","True"
"2599991","Replace","5","True"
"2599992","Replace","5","True"
"2599993","Replace","5","True"
"2599994","Replace","5","True"
"2599995","Replace","5","True"
"2599996","Replace","5","True"
"2599997","Replace","5","True"
"2599998","Replace","5","True"
"2599999","Replace","5","True"
"2600100","Add","5","True"
"2600101","Add","5","True"
"2600102","Add","5","True"
"2600103","Add","5","True"
"2600104","Add","5","True"
"2600105","Add","5","True"
"2600106","Add","5","True"
"2600107","Add","5","True"
"2600108","Add","5","True"
"2600109","Add","5","True"
"2600110","Add","5","True"
"2600111","Add","5","True"
"2600112","Add","5","True"
"2600113","Add","5","True"
"2600114","Add","5","True"
"2600115","Add","5","True"
"2600200","Add","5","True"
"2600201","Add","5","True"
"2600202","Add","5","True"
"2600203","Add","5","True"
"2600204","Add","5","True"
"2600205","Add","5","True"
"2600206","Add","5","True"
"2600207","Add","5","True"
"2600208","Add","5","True"
"2600209","Add","5","True"
"2600210","Add","5","True"
"2600211","Add","5","True"
"2600212","Add","5","True"
"2600213","Add","5","True"
"2600214","Add","5","True"
"2600215","Add","5","True"
"2600300","Add","5","True"
"2600301","Add","5","True"
"2600302","Add","5","True"
"2600303","Add","5","True"
"2600304","Add","5","True"
"2600305","Add","5","True"
"2600306","Add","5","True"
"2600307","Add","5","True"
"2600308","Add","5","True"
"2600309","Add","5","True"
"2600310","Add","5","True"
"2600311","Add","5","True"
"2600312","Add","5","True"
"2600313","Add","5","True"
"2600314","Add","5","True"
"2600315","Add","5","True"
"2600400","Add","5","True"
"2600401","Add","5","True"
"2600402","Add","5","True"
"2600403","Add","5","True"
"2600404","Add","5","True"
"2600405","Add","5","True"
"2600406","Add","5","True"
"2600407","Add","5","True"
"2600408","Add","5","True"
"2600409","Add","5","True"
"2600410","Add","5","True"
"2600411","Add","5","True"
"2600412","Add","5","True"
"2600413","Add","5","True"
"2600414","Add","5","True"
"2600415","Add","5","True"
"2600500","Add","5","True"
"2600501","Add","5","True"
"2600502","Add","5","True"
"2600503","Add","5","True"
"2600504","Add","5","True"
"2600505","Add","5","True"
"2600506","Add","5","True"
"2600507","Add","5","True"
"2600508","Add","5","True"
"2600509","Add","5","True"
"2600510","Add","5","True"
"2600511","Add","5","True"
"2600512","Add","5","True"
"2600513","Add","5","True"
"2600514","Add","5","True"
"2600515","Add","5","True"
"2600516","Add","5","True"
"2600517","Add","5","True"
"2600518","Add","5","True"
"2600519","Add","5","True"
"2600520","Add","5","True"
"2600521","Add","5","True"
"2600522","Add","5","True"
"2600523","Add","5","True"
"2600524","Add","5","True"
"2600525","Add","5","True"
"2600526","Add","5","True"
"2600527","Add","5","True"
"2600528","Add","5","True"
"2600529","Add","5","True"
"2600530","Add","5","True"
"2600531","Add","5","True"
"2600532","Add","5","True"
"2600533","Add","5","True"
"2600534","Add","5","True"
"2600535","Add","5","True"
"2600536","Add","5","True"
"2600537","Add","5","True"
"2600538","Add","5","True"
"2600539","Add","5","True"
"2600540","Add","5","True"
"2600541","Add","5","True"
"2600542","Add","5","True"
"2600543","Add","5","True"
"2600544","Add","5","True"
"2600545","Add","5","True"
"2600546","Add","5","True"
"2600547","Add","5","True"
"2600548","Add","5","True"
"2600549","Add","5","True"
"2600550","Add","5","True"
"2600551","Add","5","True"
"2600552","Add","5","True"
"2600553","Add","5","True"
"2600554","Add","5","True"
"2600555","Add","5","True"
"2600556","Add","5","True"
"2600557","Add","5","True"
"2600558","Add","5","True"
"2600559","Add","5","True"
"2600560","Add","5","True"
"2600561","Add","5","True"
"2600562","Add","5","True"
"2600563","Add","5","True"
"2600564","Add","5","True"
"2600565","Add","5","True"
"2600566","Add","5","True"
"2600567","Add","5","True"
"2600568","Add","5","True"
"2600569","Add","5","True"
"2600570","Add","5","True"
"2600571","Add","5","True"
"2600572","Add","5","True"
"2600573","Add","5","True"
"2600574","Add","5","True"
"2600575","Add","5","True"
"2600576","Add","5","True"
"2600577","Add","5","True"
"2600578","Add","5","True"
"2600579","Add","5","True"
"2600580","Add","5","True"
"2700000","Replace","5","True"
"2700001","Replace","5","True"
"2700002","Replace","5","True"
"2700003","Replace","5","True"
"2700004","Replace","5","True"
"2700005","Replace","5","True"
"2700006","Replace","5","True"
"2700007","Replace","5","True"
"2700008","Replace","5","True"
"2700009","Replace","5","True"
"2700010","Replace","5","True"
"2700011","Replace","5","True"
"2700012","Replace","5","True"
"2700013","Replace","5","True"
"2700014","Replace","5","True"
"2700015","Replace","5","True"
"2700016","Replace","5","True"
"2700017","Replace","5","True"
"2700018","Replace","5","True"
"2700019","Replace","5","True"
"2700020","Replace","5","True"
"2700021","Replace","5","True"
"2700022","Replace","5","True"
"2700023","Replace","5","True"
"2700024","Replace","5","True"
"2700025","Replace","5","True"
"2700026","Replace","5","True"
"2700027","Add","5","True"
"2700028","Add","5","True"
"2700029","Add","5","True"
"2700030","Add","5","True"
"2700031","Add","5","True"
"2700032","Replace","5","True"
"2700033","Replace","5","True"
"2700034","Add","5","True"
"2700047","Add","5","True"
"2700048","Add","5","True"
"2700049","Add","5","True"
"2700050","Add","5","True"
"2700051","Add","5","True"
"2700052","Add","5","True"
"2700053","Add","5","True"
"2700054","Add","5","True"
"2700055","Add","5","True"
"2700056","Add","5","True"
"2700057","Add","5","True"
"2700058","Add","5","True"
"2700059","Add","5","True"
"2700060","Add","5","True"
"2700061","Add","5","True"
"2700062","Add","5","True"
"2700063","Add","5","True"
"2700064","Add","5","True"
"2700065","Add","5","True"
"2700066","Add","5","True"
"2700067","Add","5","True"
"2700068","Add","5","True"
"2700069","Add","5","True"
"2700101","Add","5","True"
"2700102","Add","5","True"
"2700103","Add","5","True"
"2700104","Add","5","True"
"2700105","Add","5","True"
"2700106","Add","5","True"
"2700107","Add","5","True"
"2700108","Add","5","True"
"2700109","Add","5","True"
"2700110","Add","5","True"
"2700111","Add","5","True"
"2700112","Add","5","True"
"2700113","Add","5","True"
"2700114","Add","5","True"
"2700115","Add","5","True"
"2700116","Add","5","True"
"2700117","Add","5","True"
"2700118","Add","5","True"
"2700119","Add","5","True"
"2700120","Add","5","True"
"2700121","Add","5","True"
"2700122","Add","5","True"
"2700123","Add","5","True"
"2700124","Add","5","True"
"2700125","Add","5","True"
"2700126","Add","5","True"
"2700127","Add","5","True"
"2700128","Add","5","True"
"2700129","Add","5","True"
"2700130","Add","5","True"
"2700131","Add","5","True"
"2700132","Add","5","True"
"2700133","Add","5","True"
"2700134","Add","5","True"
"2700135","Add","5","True"
"2700136","Add","5","True"
"2700137","Add","5","True"
"2700138","Add","5","True"
"2700139","Add","5","True"
"2700140","Add","5","True"
"2700141","Add","5","True"
"2700142","Add","5","True"
"2700143","Add","5","True"
"2700144","Add","5","True"
"2700145","Add","5","True"
"2700146","Add","5","True"
"2700147","Add","5","True"
"2700148","Add","5","True"
"2700149","Add","5","True"
"2700150","Add","5","True"
"2700151","Add","5","True"
"2700152","Add","5","True"
"2700153","Add","5","True"
"2700154","Add","5","True"
"2700155","Add","5","True"
"2700156","Add","5","True"
"2700157","Add","5","True"
"2700158","Add","5","True"
"2700159","Add","5","True"
"2700160","Add","5","True"
"2700161","Add","5","True"
"2700162","Add","5","True"
"2700163","Add","5","True"
"2700164","Add","5","True"
"2700165","Add","5","True"
"2700166","Add","5","True"
"2700167","Add","5","True"
"2700168","Add","5","True"
"2700169","Add","5","True"
"2700170","Add","5","True"
"2700171","Add","5","True"
"2700172","Add","5","True"
"2700173","Add","5","True"
"2700174","Add","5","True"
"2700175","Add","5","True"
"2700176","Add","5","True"
"2700177","Add","5","True"
"2700178","Add","5","True"
"2700179","Add","5","True"
"2700180","Add","5","True"
"2700181","Add","5","True"
"2700182","Add","5","True"
"2700183","Add","5","True"
"2700184","Add","5","True"
"2700185","Add","5","True"
"2700186","Add","5","True"
"2700187","Add","5","True"
"2700188","Add","5","True"
"2700189","Add","5","True"
"2700190","Add","5","True"
"2700191","Add","5","True"
"2700192","Add","5","True"
"2700193","Add","5","True"
"2700194","Add","5","True"
"2700195","Add","5","True"
"2700196","Add","5","True"
"2700197","Add","5","True"
"2700198","Add","5","True"
"2700200","Add","5","True"
"2700201","Add","5","True"
"2700202","Add","5","True"
"2700203","Add","5","True"
"2700204","Add","5","True"
"2700205","Add","5","True"
"2700206","Add","5","True"
"2700207","Add","5","True"
"2701001","Add","5","True"
"2701002","Add","5","True"
"2701003","Add","5","True"
"2701004","Add","5","True"
"2701005","Add","5","True"
"2701006","Add","5","True"
"2701007","Add","5","True"
"2701008","Add","5","True"
"2701101","Add","5","True"
"2701102","Add","5","True"
"2701103","Add","5","True"
"2701104","Add","5","True"
"2701105","Add","5","True"
"2701106","Add","5","True"
"2701107","Add","5","True"
"2701108","Add","5","True"
"2701201","Add","5","True"
"2701202","Add","5","True"
"2701203","Add","5","True"
"2701204","Add","5","True"
"2701205","Add","5","True"
"2701206","Add","5","True"
"2701207","Add","5","True"
"2701208","Add","5","True"
"2701301","Add","5","True"
"2701302","Add","5","True"
"2701303","Add","5","True"
"2701304","Add","5","True"
"2701305","Add","5","True"
"2701306","Add","5","True"
"2701307","Add","5","True"
"2701308","Add","5","True"
"2701401","Add","5","True"
"2701402","Add","5","True"
"2701403","Add","5","True"
"2701404","Add","5","True"
"2701405","Add","5","True"
"2701406","Add","5","True"
"2701407","Add","5","True"
"2701408","Add","5","True"
"2701501","Add","5","True"
"2701502","Add","5","True"
"2701503","Add","5","True"
"2701504","Add","5","True"
"2701505","Add","5","True"
"2701506","Add","5","True"
"2701507","Add","5","True"
"2701508","Add","5","True"
"2701601","Add","5","True"
"2701602","Add","5","True"
"2701603","Add","5","True"
"2701604","Add","5","True"
"2701605","Add","5","True"
"2701606","Add","5","True"
"2701607","Add","5","True"
"2701608","Add","5","True"
"2701701","Add","5","True"
"2701702","Add","5","True"
"2701703","Add","5","True"
"2701704","Add","5","True"
"2701705","Add","5","True"
"2701706","Add","5","True"
"2701707","Add","5","True"
"2701708","Add","5","True"
"2701801","Add","5","True"
"2701802","Add","5","True"
"2701803","Add","5","True"
"2701804","Add","5","True"
"2701805","Add","5","True"
"2701806","Add","5","True"
"2701807","Add","5","True"
"2701808","Add","5","True"
"2701901","Add","5","True"
"2701902","Add","5","True"
"2701903","Add","5","True"
"2701904","Add","5","True"
"2701905","Add","5","True"
"2701906","Add","5","True"
"2701907","Add","5","True"
"2701908","Add","5","True"
"2702001","Add","5","True"
"2702002","Add","5","True"
"2702003","Add","5","True"
"2702004","Add","5","True"
"2702005","Add","5","True"
"2702006","Add","5","True"
"2702007","Add","5","True"
"2702008","Add","5","True"
"2702009","Add","5","True"
"2702010","Add","5","True"
"2702011","Add","5","True"
"2702012","Add","5","True"
"2702013","Add","5","True"
"2702014","Add","5","True"
"2702015","Add","5","True"
"2702016","Add","5","True"
"2702017","Add","5","True"
"2702018","Add","5","True"
"2702019","Add","5","True"
"2702020","Add","5","True"
"2702021","Add","5","True"
"2702022","Add","5","True"
"2702023","Add","5","True"
"2702024","Add","5","True"
"2702025","Add","5","True"
"2702026","Add","5","True"
"2702027","Add","5","True"
"2702028","Add","5","True"
"2702029","Add","5","True"
"2702030","Add","5","True"
"2702031","Add","5","True"
"2702032","Add","5","True"
"2702033","Add","5","True"
"2702034","Add","5","True"
"2702035","Add","5","True"
"2702036","Add","5","True"
"2702037","Add","5","True"
"2702038","Add","5","True"
"2702039","Add","5","True"
"2702040","Add","5","True"
"2702041","Add","5","True"
"2702042","Add","5","True"
"2702043","Add","5","True"
"2702044","Add","5","True"
"2702045","Add","5","True"
"2702046","Add","5","True"
"2702047","Add","5","True"
"2702048","Add","5","True"
"2702049","Add","5","True"
"2702050","Add","5","True"
"2702051","Add","5","True"
"2702052","Add","5","True"
"2702053","Add","5","True"
"2702054","Add","5","True"
"2702055","Add","5","True"
"2702056","Add","5","True"
"2702057","Add","5","True"
"2702058","Add","5","True"
"2702059","Add","5","True"
"2702060","Add","5","True"
"2702061","Add","5","True"
"2702062","Add","5","True"
"2702063","Add","5","True"
"2702064","Add","5","True"
"2702065","Add","5","True"
"2702066","Add","5","True"
"2702067","Add","5","True"
"2702068","Add","5","True"
"2702069","Add","5","True"
"2702070","Add","5","True"
"2702071","Add","5","True"
"2702072","Add","5","True"
"2702073","Add","5","True"
"2702074","Add","5","True"
"2702075","Add","5","True"
"2702076","Add","5","True"
"2702077","Add","5","True"
"2702078","Add","5","True"
"2702079","Add","5","True"
"2702080","Add","5","True"
"2702081","Add","5","True"
"2702082","Add","5","True"
"2702083","Add","5","True"
"2702084","Add","5","True"
"2702085","Add","5","True"
"2702086","Add","5","True"
"2702087","Add","5","True"
"2702088","Add","5","True"
"2702089","Add","5","True"
"2702090","Add","5","True"
"2702091","Add","5","True"
"2702092","Add","5","True"
"2702093","Add","5","True"
"2702094","Add","5","True"
"2702095","Add","5","True"
"2702096","Add","5","True"
"2702097","Add","5","True"
"2702098","Add","5","True"
"2702099","Add","5","True"
"2702100","Add","5","True"
"2702101","Add","5","True"
"2702102","Add","5","True"
"2702103","Add","5","True"
"2702104","Add","5","True"
"2702105","Add","5","True"
"2702106","Add","5","True"
"2702107","Add","5","True"
"2702108","Add","5","True"
"2702109","Add","5","True"
"2702110","Add","5","True"
"2702111","Add","5","True"
"2702112","Add","5","True"
"2702113","Add","5","True"
"2702114","Add","5","True"
"2702115","Add","5","True"
"2702116","Add","5","True"
"2702117","Add","5","True"
"2702118","Add","5","True"
"2702119","Add","5","True"
"2702120","Add","5","True"
"2702121","Add","5","True"
"2702122","Add","5","True"
"2702123","Add","5","True"
"2702124","Add","5","True"
"2702125","Add","5","True"
"2702126","Add","5","True"
"2702127","Add","5","True"
"2702128","Add","5","True"
"2702129","Add","5","True"
"2702130","Add","5","True"
"2702131","Add","5","True"
"2702132","Add","5","True"
"2702133","Add","5","True"
"2702134","Add","5","True"
"2702135","Add","5","True"
"2702136","Add","5","True"
"2702137","Add","5","True"
"2702138","Add","5","True"
"2702139","Add","5","True"
"2702140","Add","5","True"
"2702141","Add","5","True"
"2702142","Add","5","True"
"2702143","Add","5","True"
"2702144","Add","5","True"
"2702145","Add","5","True"
"2702146","Add","5","True"
"2702147","Add","5","True"
"2702148","Add","5","True"
"2702149","Add","5","True"
"2702150","Add","5","True"
"2702151","Add","5","True"
"2702152","Add","5","True"
"2702153","Add","5","True"
"2702154","Add","5","True"
"2702155","Add","5","True"
"2702156","Add","5","True"
"2702157","Add","5","True"
"2702158","Add","5","True"
"2702159","Add","5","True"
"2702160","Add","5","True"
"2702161","Add","5","True"
"2702162","Add","5","True"
"2702163","Add","5","True"
"2702164","Add","5","True"
"2702165","Add","5","True"
"2702166","Add","5","True"
"2702167","Add","5","True"
"2702168","Add","5","True"
"2702169","Add","5","True"
"2702170","Add","5","True"
"2702171","Add","5","True"
"2702172","Add","5","True"
"2702173","Add","5","True"
"2702174","Add","5","True"
"2702175","Add","5","True"
"2702176","Add","5","True"
"2702177","Add","5","True"
"2702178","Add","5","True"
"2702179","Add","5","True"
"2702180","Add","5","True"
"2702181","Add","5","True"
"2702182","Add","5","True"
"2702183","Add","5","True"
"2702184","Add","5","True"
"2702185","Add","5","True"
"2702186","Add","5","True"
"2702187","Add","5","True"
"2702188","Add","5","True"
"2702189","Add","5","True"
"2702190","Add","5","True"
"2702191","Add","5","True"
"2702192","Add","5","True"
"2702193","Add","5","True"
"2702194","Add","5","True"
"2702195","Add","5","True"
"2702196","Add","5","True"
"2702197","Add","5","True"
"2702198","Add","5","True"
"2702199","Add","5","True"
"2702200","Add","5","True"
"2702201","Add","5","True"
"2702202","Add","5","True"
"2702203","Add","5","True"
"2702204","Add","5","True"
"2702205","Add","5","True"
"2702206","Add","5","True"
"2702207","Add","5","True"
"2702208","Add","5","True"
"2702209","Add","5","True"
"2702210","Add","5","True"
"2702211","Add","5","True"
"2702212","Add","5","True"
"2702213","Add","5","True"
"2702214","Add","5","True"
"2702215","Add","5","True"
"2702216","Add","5","True"
"2702217","Add","5","True"
"2702218","Add","5","True"
"2702219","Add","5","True"
"2702220","Add","5","True"
"2702221","Add","5","True"
"2702222","Add","5","True"
"2702223","Add","5","True"
"2702224","Add","5","True"
"2702225","Add","5","True"
"2702226","Add","5","True"
"2702227","Add","5","True"
"2702228","Add","5","True"
"2702229","Add","5","True"
"2702230","Add","5","True"
"2702231","Add","5","True"
"2702232","Add","5","True"
"2702233","Add","5","True"
"2702234","Add","5","True"
"2702235","Add","5","True"
"2702236","Add","5","True"
"2702237","Add","5","True"
"2702238","Add","5","True"
"2702239","Add","5","True"
"2702240","Add","5","True"
"2702241","Add","5","True"
"2702242","Add","5","True"
"2702243","Add","5","True"
"2702244","Add","5","True"
"2702245","Add","5","True"
"2702246","Add","5","True"
"2702247","Add","5","True"
"2702248","Add","5","True"
"2702249","Add","5","True"
"2702250","Add","5","True"
"2702251","Add","5","True"
"2702252","Add","5","True"
"2702253","Add","5","True"
"2702254","Add","5","True"
"2702255","Add","5","True"
"2702256","Add","5","True"
"2702257","Add","5","True"
"2702258","Add","5","True"
"2702259","Add","5","True"
"2702260","Add","5","True"
"2702261","Add","5","True"
"2702262","Add","5","True"
"2702263","Add","5","True"
"2702264","Add","5","True"
"2702265","Add","5","True"
"2702266","Add","5","True"
"2702267","Add","5","True"
"2702268","Add","5","True"
"2702269","Add","5","True"
"2702270","Add","5","True"
"2702271","Add","5","True"
"2702272","Add","5","True"
"2702273","Add","5","True"
"2702274","Add","5","True"
"2702275","Add","5","True"
"2702276","Add","5","True"
"2702277","Add","5","True"
"2702278","Add","5","True"
"2702279","Add","5","True"
"2702280","Add","5","True"
"2702281","Add","5","True"
"2702282","Add","5","True"
"2702283","Add","5","True"
"2702284","Add","5","True"
"2702285","Add","5","True"
"2702286","Add","5","True"
"2702287","Add","5","True"
"2702288","Add","5","True"
"2702289","Add","5","True"
"2702290","Add","5","True"
"2702291","Add","5","True"
"2702292","Add","5","True"
"2702293","Add","5","True"
"2702294","Add","5","True"
"2702295","Add","5","True"
"2702296","Add","5","True"
"2702297","Add","5","True"
"2702298","Add","5","True"
"2702299","Add","5","True"
"2702300","Add","5","True"
"2702301","Add","5","True"
"2702302","Add","5","True"
"2702303","Add","5","True"
"2702304","Add","5","True"
"2702305","Add","5","True"
"2702306","Add","5","True"
"2702307","Add","5","True"
"2702308","Add","5","True"
"2702309","Add","5","True"
"2702310","Add","5","True"
"2702311","Add","5","True"
"2702312","Add","5","True"
"2702313","Add","5","True"
"2702314","Add","5","True"
"2702315","Add","5","True"
"2702316","Add","5","True"
"2702317","Add","5","True"
"2702318","Add","5","True"
"2702319","Add","5","True"
"2702320","Add","5","True"
"2702321","Add","5","True"
"2702322","Add","5","True"
"2702323","Add","5","True"
"2702324","Add","5","True"
"2702325","Add","5","True"
"2702326","Add","5","True"
"2702327","Add","5","True"
"2702328","Add","5","True"
"2702329","Add","5","True"
"2702330","Add","5","True"
"2702331","Add","5","True"
"2702332","Add","5","True"
"2702333","Add","5","True"
"2702334","Add","5","True"
"2702335","Add","5","True"
"2702336","Add","5","True"
"2702337","Add","5","True"
"2702338","Add","5","True"
"2702339","Add","5","True"
"2702340","Add","5","True"
"2702341","Add","5","True"
"2702342","Add","5","True"
"2702343","Add","5","True"
"2702344","Add","5","True"
"2702345","Add","5","True"
"2702346","Add","5","True"
"2702347","Add","5","True"
"2702348","Add","5","True"
"2702349","Add","5","True"
"2702350","Add","5","True"
"2702351","Add","5","True"
"2702352","Add","5","True"
"2702353","Add","5","True"
"2702354","Add","5","True"
"2702355","Add","5","True"
"2702356","Add","5","True"
"2702357","Add","5","True"
"2702358","Add","5","True"
"2702359","Add","5","True"
"2702360","Add","5","True"
"2702361","Add","5","True"
"2702362","Add","5","True"
"2702363","Add","5","True"
"2702364","Add","5","True"
"2702365","Add","5","True"
"2702366","Add","5","True"
"2702367","Add","5","True"
"2702368","Add","5","True"
"2702369","Add","5","True"
"2702370","Add","5","True"
"2702371","Add","5","True"
"2702372","Add","5","True"
"2702373","Add","5","True"
"2702374","Add","5","True"
"2702375","Add","5","True"
"2702376","Add","5","True"
"2702377","Add","5","True"
"2702378","Add","5","True"
"2702379","Add","5","True"
"2702380","Add","5","True"
"2702381","Add","5","True"
"2702382","Add","5","True"
"2702383","Add","5","True"
"2702384","Add","5","True"
"2702385","Add","5","True"
"2702386","Add","5","True"
"2702387","Add","5","True"
"2702388","Add","5","True"
"2702389","Add","5","True"
"2702390","Add","5","True"
"2702391","Add","5","True"
"2702392","Add","5","True"
"2702393","Add","5","True"
"2702394","Add","5","True"
"2702395","Add","5","True"
"2702396","Add","5","True"
"2702397","Add","5","True"
"2702398","Add","5","True"
"2702399","Add","5","True"
"2702400","Add","5","True"
"2702401","Add","5","True"
"2702402","Add","5","True"
"2702403","Add","5","True"
"2702404","Add","5","True"
"2702405","Add","5","True"
"2702406","Add","5","True"
"2702407","Add","5","True"
"2702408","Add","5","True"
"2702409","Add","5","True"
"2702410","Add","5","True"
"2702411","Add","5","True"
"2702412","Add","5","True"
"2702413","Add","5","True"
"2702414","Add","5","True"
"2702415","Add","5","True"
"2702416","Add","5","True"
"2702417","Add","5","True"
"2702418","Add","5","True"
"2702419","Add","5","True"
"2702420","Add","5","True"
"2702421","Add","5","True"
"2702422","Add","5","True"
"2702423","Add","5","True"
"2702424","Add","5","True"
"2702425","Add","5","True"
"2702426","Add","5","True"
"2702427","Add","5","True"
"2702428","Add","5","True"
"2702429","Add","5","True"
"2702430","Add","5","True"
"2702431","Add","5","True"
"2702432","Add","5","True"
"2702433","Add","5","True"
"2702434","Add","5","True"
"2702435","Add","5","True"
"2702436","Add","5","True"
"2702437","Add","5","True"
"2702438","Add","5","True"
"2702439","Add","5","True"
"2702440","Add","5","True"
"2702441","Add","5","True"
"2702442","Add","5","True"
"2702443","Add","5","True"
"2702444","Add","5","True"
"2702445","Add","5","True"
"2702446","Add","5","True"
"2702447","Add","5","True"
"2702448","Add","5","True"
"2702449","Add","5","True"
"2702450","Add","5","True"
"2702451","Add","5","True"
"2702452","Add","5","True"
"2702453","Add","5","True"
"2702454","Add","5","True"
"2702455","Add","5","True"
"2702456","Add","5","True"
"2702457","Add","5","True"
"2702458","Add","5","True"
"2702459","Add","5","True"
"2702460","Add","5","True"
"2702461","Add","5","True"
"2702462","Add","5","True"
"2702463","Add","5","True"
"2702464","Add","5","True"
"2702465","Add","5","True"
"2702466","Add","5","True"
"2702467","Add","5","True"
"2702468","Add","5","True"
"2702469","Add","5","True"
"2702470","Add","5","True"
"2702471","Add","5","True"
"2702472","Add","5","True"
"2702473","Add","5","True"
"2702474","Add","5","True"
"2702475","Add","5","True"
"2702476","Add","5","True"
"2702477","Add","5","True"
"2702478","Add","5","True"
"2702479","Add","5","True"
"2702480","Add","5","True"
"2702481","Add","5","True"
"2702482","Add","5","True"
"2702483","Add","5","True"
"2702484","Add","5","True"
"2702485","Add","5","True"
"2702486","Add","5","True"
"2702487","Add","5","True"
"2702488","Add","5","True"
"2702489","Add","5","True"
"2702490","Add","5","True"
"2702491","Add","5","True"
"2702492","Add","5","True"
"2702493","Add","5","True"
"2702494","Add","5","True"
"2702495","Add","5","True"
"2702496","Add","5","True"
"2702497","Add","5","True"
"2702498","Add","5","True"
"2702499","Add","5","True"
"2702500","Add","5","True"
"2702501","Add","5","True"
"2702502","Add","5","True"
"2702503","Add","5","True"
"2702504","Add","5","True"
"2702505","Add","5","True"
"2702506","Add","5","True"
"2702507","Add","5","True"
"2702508","Add","5","True"
"2702509","Add","5","True"
"2702510","Add","5","True"
"2702511","Add","5","True"
"2702512","Add","5","True"
"2702513","Add","5","True"
"2702514","Add","5","True"
"2702515","Add","5","True"
"2702516","Add","5","True"
"2702517","Add","5","True"
"2702518","Add","5","True"
"2702519","Add","5","True"
"2702520","Add","5","True"
"2702521","Add","5","True"
"2702522","Add","5","True"
"2702523","Add","5","True"
"2702524","Add","5","True"
"2702525","Add","5","True"
"2702526","Add","5","True"
"2702527","Add","5","True"
"2702528","Add","5","True"
"2702529","Add","5","True"
"2702530","Add","5","True"
"2702531","Add","5","True"
"2702532","Add","5","True"
"2702533","Add","5","True"
"2702534","Add","5","True"
"2702535","Add","5","True"
"2702536","Add","5","True"
"2702537","Add","5","True"
"2702538","Add","5","True"
"2702539","Add","5","True"
"2702540","Add","5","True"
"2702541","Add","5","True"
"2702542","Add","5","True"
"2702543","Add","5","True"
"2702544","Add","5","True"
"2702545","Add","5","True"
"2702546","Add","5","True"
"2702547","Add","5","True"
"2702548","Add","5","True"
"2702549","Add","5","True"
"2702550","Add","5","True"
"2702551","Add","5","True"
"2702552","Add","5","True"
"2702553","Add","5","True"
"2702554","Add","5","True"
"2702555","Add","5","True"
"2702556","Add","5","True"
"2702557","Add","5","True"
"2702558","Add","5","True"
"2702559","Add","5","True"
"2702560","Add","5","True"
"2702561","Add","5","True"
"2702562","Add","5","True"
"2702563","Add","5","True"
"2702564","Add","5","True"
"2702565","Add","5","True"
"2702566","Add","5","True"
"2702567","Add","5","True"
"2702568","Add","5","True"
"2702569","Add","5","True"
"2702570","Add","5","True"
"2702571","Add","5","True"
"2702572","Add","5","True"
"2702573","Add","5","True"
"2702574","Add","5","True"
"2702575","Add","5","True"
"2702576","Add","5","True"
"2702577","Add","5","True"
"2702578","Add","5","True"
"2702579","Add","5","True"
"2702580","Add","5","True"
"2702581","Add","5","True"
"2702582","Add","5","True"
"2702583","Add","5","True"
"2702584","Add","5","True"
"2702585","Add","5","True"
"2702586","Add","5","True"
"2702587","Add","5","True"
"2702588","Add","5","True"
"2702589","Add","5","True"
"2702590","Add","5","True"
"2702591","Add","5","True"
"2702592","Add","5","True"
"2702593","Add","5","True"
"2702594","Add","5","True"
"2702595","Add","5","True"
"2702596","Add","5","True"
"2702597","Add","5","True"
"2702598","Add","5","True"
"2702599","Add","5","True"
"2702600","Add","5","True"
"2702601","Add","5","True"
"2702602","Add","5","True"
"2702603","Add","5","True"
"2702604","Add","5","True"
"2702605","Add","5","True"
"2702606","Add","5","True"
"2702607","Add","5","True"
"2702608","Add","5","True"
"2702609","Add","5","True"
"2702610","Add","5","True"
"2702611","Add","5","True"
"2702612","Add","5","True"
"2702613","Add","5","True"
"2702614","Add","5","True"
"2702615","Add","5","True"
"2702616","Add","5","True"
"2702617","Add","5","True"
"2702618","Add","5","True"
"2702619","Add","5","True"
"2702620","Add","5","True"
"2702621","Add","5","True"
"2702622","Add","5","True"
"2702623","Add","5","True"
"2702624","Add","5","True"
"2702625","Add","5","True"
"2702626","Add","5","True"
"2702627","Add","5","True"
"2702628","Add","5","True"
"2702629","Add","5","True"
"2702630","Add","5","True"
"2702631","Add","5","True"
"2702632","Add","5","True"
"2702633","Add","5","True"
"2702634","Add","5","True"
"2702635","Add","5","True"
"2702636","Add","5","True"
"2702637","Add","5","True"
"2702638","Add","5","True"
"2702639","Add","5","True"
"2702640","Add","5","True"
"2702641","Add","5","True"
"2702642","Add","5","True"
"2702643","Add","5","True"
"2702644","Add","5","True"
"2702645","Add","5","True"
"2702646","Add","5","True"
"2702647","Add","5","True"
"2702648","Add","5","True"
"2702649","Add","5","True"
"2702650","Add","5","True"
"2702651","Add","5","True"
"2702652","Add","5","True"
"2702653","Add","5","True"
"2702654","Add","5","True"
"2702655","Add","5","True"
"2702656","Add","5","True"
"2702657","Add","5","True"
"2702658","Add","5","True"
"2702659","Add","5","True"
"2702660","Add","5","True"
"2702661","Add","5","True"
"2702662","Add","5","True"
"2702663","Add","5","True"
"2702664","Add","5","True"
"2702665","Add","5","True"
"2702666","Add","5","True"
"2702667","Add","5","True"
"2702668","Add","5","True"
"2702669","Add","5","True"
"2702670","Add","5","True"
"2702671","Add","5","True"
"2702672","Add","5","True"
"2702673","Add","5","True"
"2702674","Add","5","True"
"2702675","Add","5","True"
"2702676","Add","5","True"
"2702677","Add","5","True"
"2702678","Add","5","True"
"2702679","Add","5","True"
"2702680","Add","5","True"
"2702681","Add","5","True"
"2702682","Add","5","True"
"2702683","Add","5","True"
"2702684","Add","5","True"
"2702685","Add","5","True"
"2702686","Add","5","True"
"2702687","Add","5","True"
"2702688","Add","5","True"
"2702689","Add","5","True"
"2702690","Add","5","True"
"2702691","Add","5","True"
"2702692","Add","5","True"
"2702693","Add","5","True"
"2702694","Add","5","True"
"2702695","Add","5","True"
"2702696","Add","5","True"
"2702697","Add","5","True"
"2702698","Add","5","True"
"2702699","Add","5","True"
"2702700","Add","5","True"
"2702701","Add","5","True"
"2702702","Add","5","True"
"2702703","Add","5","True"
"2702704","Add","5","True"
"2702705","Add","5","True"
"2702706","Add","5","True"
"2702707","Add","5","True"
"2702708","Add","5","True"
"2702709","Add","5","True"
"2702710","Add","5","True"
"2702711","Add","5","True"
"2702712","Add","5","True"
"2702713","Add","5","True"
"2702714","Add","5","True"
"2702715","Add","5","True"
"2702716","Add","5","True"
"2702717","Add","5","True"
"2702718","Add","5","True"
"2702719","Add","5","True"
"2702720","Add","5","True"
"2702721","Add","5","True"
"2702722","Add","5","True"
"2702723","Add","5","True"
"2702724","Add","5","True"
"2702725","Add","5","True"
"2702726","Add","5","True"
"2702727","Add","5","True"
"2702728","Add","5","True"
"2702729","Add","5","True"
"2702730","Add","5","True"
"2702731","Add","5","True"
"2702732","Add","5","True"
"2702733","Add","5","True"
"2702734","Add","5","True"
"2702735","Add","5","True"
"2702736","Add","5","True"
"2702737","Add","5","True"
"2702738","Add","5","True"
"2702739","Add","5","True"
"2702740","Add","5","True"
"2702741","Add","5","True"
"2702742","Add","5","True"
"2702743","Add","5","True"
"2702744","Add","5","True"
"2702745","Add","5","True"
"2702746","Add","5","True"
"2702747","Add","5","True"
"2702748","Add","5","True"
"2702749","Add","5","True"
"2702750","Add","5","True"
"2702751","Add","5","True"
"2702752","Add","5","True"
"2702753","Add","5","True"
"2702754","Add","5","True"
"2702755","Add","5","True"
"2702756","Add","5","True"
"2702757","Add","5","True"
"2702758","Add","5","True"
"2702759","Add","5","True"
"2702760","Add","5","True"
"2702761","Add","5","True"
"2702762","Add","5","True"
"2702763","Add","5","True"
"2702764","Add","5","True"
"2702765","Add","5","True"
"2702766","Add","5","True"
"2702767","Add","5","True"
"2702768","Add","5","True"
"2702769","Add","5","True"
"2702770","Add","5","True"
"2702771","Add","5","True"
"2702772","Add","5","True"
"2702773","Add","5","True"
"2702774","Add","5","True"
"2702775","Add","5","True"
"2702776","Add","5","True"
"2702777","Add","5","True"
"2702778","Add","5","True"
"2702779","Add","5","True"
"2702780","Add","5","True"
"2702781","Add","5","True"
"2702782","Add","5","True"
"2702783","Add","5","True"
"2702784","Add","5","True"
"2702785","Add","5","True"
"2702786","Add","5","True"
"2702787","Add","5","True"
"2702788","Add","5","True"
"2702789","Add","5","True"
"2702790","Add","5","True"
"2702791","Add","5","True"
"2702792","Add","5","True"
"2702793","Add","5","True"
"2702794","Add","5","True"
"2702795","Add","5","True"
"2702796","Add","5","True"
"2702797","Add","5","True"
"2702798","Add","5","True"
"2702799","Add","5","True"
"2702800","Add","5","True"
"2702801","Add","5","True"
"2702802","Add","5","True"
"2702803","Add","5","True"
"2702804","Add","5","True"
"2702805","Add","5","True"
"2702806","Add","5","True"
"2702807","Add","5","True"
"2702808","Add","5","True"
"2702809","Add","5","True"
"2702810","Add","5","True"
"2702811","Add","5","True"
"2702812","Add","5","True"
"2702813","Add","5","True"
"2702814","Add","5","True"
"2702815","Add","5","True"
"2702816","Add","5","True"
"2702817","Add","5","True"
"2702818","Add","5","True"
"2702819","Add","5","True"
"2702820","Add","5","True"
"2702821","Add","5","True"
"2702822","Add","5","True"
"2702823","Add","5","True"
"2702824","Add","5","True"
"2702825","Add","5","True"
"2702826","Add","5","True"
"2702829","Add","5","True"
"2702830","Add","5","True"
"2702831","Add","5","True"
"2702832","Add","5","True"
"2702833","Add","5","True"
"2702834","Add","5","True"
"2702835","Add","5","True"
"2702836","Add","5","True"
"2702837","Add","5","True"
"2702838","Add","5","True"
"2702839","Add","5","True"
"2702840","Add","5","True"
"2702841","Add","5","True"
"2702842","Add","5","True"
"2702843","Add","5","True"
"2702844","Add","5","True"
"2702845","Add","5","True"
"2702846","Add","5","True"
"2702847","Add","5","True"
"2702848","Add","5","True"
"2702849","Add","5","True"
"2702850","Add","5","True"
"2702851","Add","5","True"
"2702852","Add","5","True"
"2702853","Add","5","True"
"2702854","Add","5","True"
"2702855","Add","5","True"
"2702856","Add","5","True"
"2702857","Add","5","True"
"2702858","Add","5","True"
"2702859","Add","5","True"
"2702860","Add","5","True"
"2702861","Add","5","True"
"2702862","Add","5","True"
"2702863","Add","5","True"
"2702864","Add","5","True"
"2702865","Add","5","True"
"2702866","Add","5","True"
"2702867","Add","5","True"
"2702868","Add","5","True"
"2702869","Add","5","True"
"2702870","Add","5","True"
"2702871","Add","5","True"
"2702872","Add","5","True"
"2702873","Add","5","True"
"2702874","Add","5","True"
"2702875","Add","5","True"
"2702876","Add","5","True"
"2702877","Add","5","True"
"2702878","Add","5","True"
"2702879","Add","5","True"
"2702880","Add","5","True"
"2702881","Add","5","True"
"2702882","Add","5","True"
"2702883","Add","5","True"
"2702884","Add","5","True"
"2702885","Add","5","True"
"2702886","Add","5","True"
"2702887","Add","5","True"
"2702888","Add","5","True"
"2702889","Add","5","True"
"2702890","Add","5","True"
"2702891","Add","5","True"
"2702892","Add","5","True"
"2702893","Add","5","True"
"2702894","Add","5","True"
"2702895","Add","5","True"
"2702896","Add","5","True"
"2702897","Add","5","True"
"2702898","Add","5","True"
"2702899","Add","5","True"
"2702900","Add","5","True"
"2702901","Add","5","True"
"2702902","Add","5","True"
"2702903","Add","5","True"
"2702904","Add","5","True"
"2702905","Add","5","True"
"2702906","Add","5","True"
"2702907","Add","5","True"
"2702908","Add","5","True"
"2702909","Add","5","True"
"2702910","Add","5","True"
"2702911","Add","5","True"
"2702912","Add","5","True"
"2702913","Add","5","True"
"2702914","Add","5","True"
"2702915","Add","5","True"
"2702916","Add","5","True"
"2702917","Add","5","True"
"2702918","Add","5","True"
"2702919","Add","5","True"
"2702920","Add","5","True"
"2702921","Add","5","True"
"2702922","Add","5","True"
"2702923","Add","5","True"
"2702924","Add","5","True"
"2702925","Add","5","True"
"2702926","Add","5","True"
"2702927","Add","5","True"
"2702928","Add","5","True"
"2702929","Add","5","True"
"2702930","Add","5","True"
"2702931","Add","5","True"
"2702932","Add","5","True"
"2702933","Add","5","True"
"2702934","Add","5","True"
"2702935","Add","5","True"
"2702936","Add","5","True"
"2702937","Add","5","True"
"2702938","Add","5","True"
"2702939","Add","5","True"
"2702940","Add","5","True"
"2702941","Add","5","True"
"2702942","Add","5","True"
"2702943","Add","5","True"
"2702944","Add","5","True"
"2702945","Add","5","True"
"2702946","Add","5","True"
"2702947","Add","5","True"
"2702948","Add","5","True"
"2702949","Add","5","True"
"2702950","Add","5","True"
"2702951","Add","5","True"
"2702952","Add","5","True"
"2702953","Add","5","True"
"2702954","Add","5","True"
"2702955","Add","5","True"
"2702956","Add","5","True"
"2702957","Add","5","True"
"2702958","Add","5","True"
"2702959","Add","5","True"
"2702960","Add","5","True"
"2702961","Add","5","True"
"2702962","Add","5","True"
"2702963","Add","5","True"
"2702964","Add","5","True"
"2702965","Add","5","True"
"2702966","Add","5","True"
"2702967","Add","5","True"
"2702968","Add","5","True"
"2702969","Add","5","True"
"2702970","Add","5","True"
"2702971","Add","5","True"
"2702972","Add","5","True"
"2702973","Add","5","True"
"2702974","Add","5","True"
"2702975","Add","5","True"
"2702976","Add","5","True"
"2702977","Add","5","True"
"2702978","Add","5","True"
"2702979","Add","5","True"
"2702980","Add","5","True"
"2702981","Add","5","True"
"2702982","Add","5","True"
"2702983","Add","5","True"
"2702984","Add","5","True"
"2702985","Add","5","True"
"2702986","Add","5","True"
"2702987","Add","5","True"
"2702988","Add","5","True"
"2702989","Add","5","True"
"2702990","Add","5","True"
"2702991","Add","5","True"
"2702992","Add","5","True"
"2702993","Add","5","True"
"2702994","Add","5","True"
"2702995","Add","5","True"
"2702996","Add","5","True"
"2702997","Add","5","True"
"2702998","Add","5","True"
"2702999","Add","5","True"
"2703000","Add","5","True"
"2703001","Add","5","True"
"2703002","Add","5","True"
"2703003","Add","5","True"
"2703004","Add","5","True"
"2703005","Add","5","True"
"2703006","Add","5","True"
"2703007","Add","5","True"
"2703008","Add","5","True"
"2703009","Add","5","True"
"2703010","Add","5","True"
"2703011","Add","5","True"
"2703012","Add","5","True"
"2703013","Add","5","True"
"2703014","Add","5","True"
"2703015","Add","5","True"
"2703016","Add","5","True"
"2703017","Add","5","True"
"2703018","Add","5","True"
"2703019","Add","5","True"
"2703020","Add","5","True"
"2703021","Add","5","True"
"2703022","Add","5","True"
"2703023","Add","5","True"
"2703024","Add","5","True"
"2703025","Add","5","True"
"2703026","Add","5","True"
"2703027","Add","5","True"
"2703028","Add","5","True"
"2703029","Add","5","True"
"2703030","Add","5","True"
"2703031","Add","5","True"
"2703032","Add","5","True"
"2703033","Add","5","True"
"2703034","Add","5","True"
"2800000","Add","5","True"
"4000001","Replace","5","True"
"4000002","Replace","5","True"
"4000003","Replace","5","True"
"4000004","Replace","5","True"
"4000005","Replace","5","True"
"4000006","Replace","5","True"
"4000007","Replace","5","True"
"4000008","Replace","5","True"
"4000009","Replace","5","True"
"4000010","Replace","5","True"
"4000011","Replace","5","True"
"4000012","Replace","5","True"
"4000013","Replace","5","True"
"4000014","Replace","5","True"
"4000015","Replace","5","True"
"4000016","Replace","5","True"
"4000017","Replace","5","True"
"4000018","Replace","5","True"
"4000019","Replace","5","True"
"4000020","Replace","5","True"
"4000021","Replace","5","True"
"4000022","Replace","5","True"
"4000023","Replace","5","True"
"4000024","Replace","5","True"
"4000025","Replace","5","True"
"4000026","Replace","5","True"
"4000101","Replace","5","True"
"4000102","Replace","5","True"
"4000103","Replace","5","True"
"4000104","Replace","5","True"
"4000105","Replace","5","True"
"4000106","Replace","5","True"
"4000107","Replace","5","True"
"4000108","Replace","5","True"
"4000109","Replace","5","True"
"4000110","Replace","5","True"
"4000111","Replace","5","True"
"4000112","Replace","5","True"
"4000113","Replace","5","True"
"4000114","Replace","5","True"
"4000115","Replace","5","True"
"4000116","Replace","5","True"
"4000117","Replace","5","True"
"4000118","Replace","5","True"
"4000119","Replace","5","True"
"4000120","Replace","5","True"
"4000121","Replace","5","True"
"4000122","Replace","5","True"
"4000123","Replace","5","True"
"4000124","Replace","5","True"
"4000125","Replace","5","True"
"4000126","Replace","5","True"
"4000198","Replace","5","True"
"4000199","Replace","5","True"
"4000200","Replace","5","True"
"4000201","Replace","5","True"
"4000202","Replace","5","True"
"4000203","Replace","5","True"
"4000204","Replace","5","True"
"4000205","Replace","5","True"
"4000206","Replace","5","True"
"4000207","Replace","5","True"
"4000208","Replace","5","True"
"4000209","Replace","5","True"
"4000210","Replace","5","True"
"4000211","Replace","5","True"
"4000212","Replace","5","True"
"4000213","Replace","5","True"
"4000214","Replace","5","True"
"4000215","Replace","5","True"
"4000216","Replace","5","True"
"4000217","Replace","5","True"
"4000218","Replace","5","True"
"4000219","Replace","5","True"
"4000220","Replace","5","True"
"4000221","Replace","5","True"
"4000222","Replace","5","True"
"4000223","Replace","5","True"
"4000224","Replace","5","True"
"4000225","Replace","5","True"
"4000226","Replace","5","True"
"4000227","Replace","5","True"
"4000228","Replace","5","True"
"4000229","Replace","5","True"
"4000230","Replace","5","True"
"4000231","Replace","5","True"
"4000232","Replace","5","True"
"4000233","Replace","5","True"
"4000234","Replace","5","True"
"4000235","Replace","5","True"
"4000236","Replace","5","True"
"4000237","Replace","5","True"
"4000238","Replace","5","True"
"4000239","Replace","5","True"
"4000240","Replace","5","True"
"4000241","Replace","5","True"
"4000242","Replace","5","True"
"4000243","Replace","5","True"
"4000244","Replace","5","True"
"4000245","Replace","5","True"
"4000246","Replace","5","True"
"4000247","Replace","5","True"
"4000248","Replace","5","True"
"4000249","Replace","5","True"
"4000250","Replace","5","True"
"4000251","Replace","5","True"
"4000252","Replace","5","True"
"4000253","Replace","5","True"
"4000254","Replace","5","True"
"4000255","Replace","5","True"
"4000256","Replace","5","True"
"4000257","Replace","5","True"
"4000258","Replace","5","True"
"4000259","Replace","5","True"
"4000260","Replace","5","True"
"4000261","Replace","5","True"
"4000262","Replace","5","True"
"4000263","Replace","5","True"
"4000264","Replace","5","True"
"4000265","Replace","5","True"
"4000266","Replace","5","True"
"4000267","Replace","5","True"
"4000268","Replace","5","True"
"4000269","Replace","5","True"
"4000270","Replace","5","True"
"4000271","Replace","5","True"
"4000272","Replace","5","True"
"4000273","Replace","5","True"
"4000274","Replace","5","True"
"4000275","Replace","5","True"
"4000276","Replace","5","True"
"4000277","Replace","5","True"
"4000278","Replace","5","True"
"4000279","Replace","5","True"
"4000280","Replace","5","True"
"4000281","Replace","5","True"
"4000282","Replace","5","True"
"4000283","Replace","5","True"
"4000284","Replace","5","True"
"4000285","Replace","5","True"
"4000286","Replace","5","True"
"4000287","Replace","5","True"
"4000288","Replace","5","True"
"4000289","Replace","5","True"
"4000290","Replace","5","True"
"4000291","Replace","5","True"
"4000292","Replace","5","True"
"4000293","Replace","5","True"
"4000294","Replace","5","True"
"4000295","Replace","5","True"
"4000297","Replace","5","True"
"4000298","Replace","5","True"
"4000299","Replace","5","True"
"4000300","Replace","5","True"
"4000301","Replace","5","True"
"4000302","Replace","5","True"
"4000303","Replace","5","True"
"4000304","Replace","5","True"
"4000305","Replace","5","True"
"4000306","Replace","5","True"
"4000307","Replace","5","True"
"4000308","Replace","5","True"
"4000309","Add","5","True"
"4000310","Add","5","True"
"4000311","Add","5","True"
"4000312","Add","5","True"
"4000313","Add","5","True"
"4000314","Add","5","True"
"4000315","Add","5","True"
"4000316","Add","5","True"
"4000317","Add","5","True"
"4000318","Add","5","True"
"4000319","Add","5","True"
"4000320","Add","5","True"
"4000321","Add","5","True"
"4000322","Add","5","True"
"4000323","Add","5","True"
"4000324","Add","5","True"
"4000325","Add","5","True"
"4000326","Add","5","True"
"4000328","Add","5","True"
"4000329","Add","5","True"
"4000330","Add","5","True"
"4000331","Add","5","True"
"4000332","Add","5","True"
"4000333","Add","5","True"
"4000334","Add","5","True"
"4000335","Add","5","True"
"4000336","Add","5","True"
"4000337","Add","5","True"
"4000338","Add","5","True"
"4000339","Add","5","True"
"4000340","Add","5","True"
"4000341","Add","5","True"
"4000342","Add","5","True"
"4000343","Add","5","True"
"4000344","Add","5","True"
"4000345","Add","5","True"
"4000346","Add","5","True"
"4000347","Add","5","True"
"4000348","Add","5","True"
"4000349","Add","5","True"
"4000350","Add","5","True"
"4000351","Add","5","True"
"4000352","Add","5","True"
"4000353","Add","5","True"
"4000354","Add","5","True"
"4000355","Add","5","True"
"4000356","Add","5","True"
"4000357","Add","5","True"
"4000358","Add","5","True"
"4000359","Add","5","True"
"4000360","Add","5","True"
"4000361","Add","5","True"
"4000362","Add","5","True"
"4000363","Add","5","True"
"4000364","Add","5","True"
"4000365","Add","5","True"
"4000366","Add","5","True"
"4000367","Add","5","True"
"4000368","Add","5","True"
"4000369","Add","5","True"
"4000370","Add","5","True"
"4000371","Add","5","True"
"4000372","Add","5","True"
"4000373","Add","5","True"
"4000374","Add","5","True"
"4000375","Add","5","True"
"4000376","Add","5","True"
"4000377","Add","5","True"
"4000378","Add","5","True"
"4000379","Add","5","True"
"4000380","Add","5","True"
"4000381","Add","5","True"
"4000382","Add","5","True"
"4000383","Add","5","True"
"4000384","Add","5","True"
"4000385","Add","5","True"
"4000386","Add","5","True"
"4000387","Add","5","True"
"4000388","Add","5","True"
"4000389","Add","5","True"
"4000390","Add","5","True"
"4000391","Add","5","True"
"4000392","Add","5","True"
"4000393","Add","5","True"
"4000394","Add","5","True"
"4000395","Add","5","True"
"4000396","Add","5","True"
"4000397","Add","5","True"
"4000398","Add","5","True"
"4000399","Add","5","True"
"4000400","Add","5","True"
"4000401","Add","5","True"
"4000402","Add","5","True"
"4000403","Add","5","True"
"4000404","Add","5","True"
"4000405","Add","5","True"
"4000406","Add","5","True"
"4000407","Add","5","True"
"4000408","Add","5","True"
"4000409","Add","5","True"
"4000410","Add","5","True"
"4000411","Add","5","True"
"4000412","Add","5","True"
"4000413","Add","5","True"
"4000414","Add","5","True"
"4000415","Add","5","True"
"4000416","Add","5","True"
"4000417","Add","5","True"
"4000418","Add","5","True"
"4000419","Add","5","True"
"4000420","Add","5","True"
"4000421","Add","5","True"
"4000422","Add","5","True"
"4000423","Add","5","True"
"4000424","Add","5","True"
"4000425","Add","5","True"
"4000426","Add","5","True"
"4000427","Add","5","True"
"4000428","Add","5","True"
"4000429","Add","5","True"
"4000430","Add","5","True"
"4000431","Add","5","True"
"4000432","Add","5","True"
"4000433","Add","5","True"
"4000434","Add","5","True"
"4000435","Add","5","True"
"4000436","Add","5","True"
"4000437","Add","5","True"
"4000438","Add","5","True"
"4000439","Add","5","True"
"4000440","Add","5","True"
"4000441","Add","5","True"
"4000442","Add","5","True"
"4000443","Add","5","True"
"4000444","Add","5","True"
"4000445","Add","5","True"
"4000446","Add","5","True"
"4000447","Add","5","True"
"4000448","Add","5","True"
"4000449","Add","5","True"
"4000450","Add","5","True"
"4000451","Add","5","True"
"4000452","Add","5","True"
"4000453","Add","5","True"
"4000454","Add","5","True"
"4000455","Add","5","True"
"4000456","Add","5","True"
"4000457","Add","5","True"
"4000458","Add","5","True"
"4000459","Add","5","True"
"4000460","Add","5","True"
"4000461","Add","5","True"
"4000462","Add","5","True"
"4000463","Add","5","True"
"4000464","Add","5","True"
"4000465","Add","5","True"
"4000466","Add","5","True"
"4000467","Add","5","True"
"4000468","Add","5","True"
"4000469","Add","5","True"
"4000470","Add","5","True"
"4000471","Add","5","True"
"4000472","Add","5","True"
"4000473","Add","5","True"
"4000474","Add","5","True"
"4000475","Add","5","True"
"4000476","Add","5","True"
"4000477","Add","5","True"
"4000478","Add","5","True"
"4000479","Add","5","True"
"4000480","Add","5","True"
"4000481","Add","5","True"
"4000482","Add","5","True"
"4000483","Add","5","True"
"4000484","Add","5","True"
"4000485","Add","5","True"
"4000486","Add","5","True"
"4000487","Add","5","True"
"4000488","Add","5","True"
"4000489","Add","5","True"
"4000490","Add","5","True"
"4000491","Add","5","True"
"4000492","Add","5","True"
"4000493","Add","5","True"
"4000494","Add","5","True"
"4000495","Add","5","True"
"4000496","Add","5","True"
"4000497","Add","5","True"
"4000498","Add","5","True"
"4000499","Add","5","True"
"4000500","Add","5","True"
"4000501","Add","5","True"
"4000502","Add","5","True"
"4000503","Add","5","True"
"4000504","Add","5","True"
"4000505","Add","5","True"
"4000506","Add","5","True"
"4000507","Add","5","True"
"4000508","Add","5","True"
"4000509","Add","5","True"
"4000510","Add","5","True"
"4000511","Add","5","True"
"4000512","Add","5","True"
"4000513","Add","5","True"
"4000514","Add","5","True"
"4000515","Add","5","True"
"4000516","Add","5","True"
"4000517","Add","5","True"
"4000518","Add","5","True"
"4000519","Add","5","True"
"4000520","Add","5","True"
"4000521","Add","5","True"
"4000522","Add","5","True"
"4000523","Add","5","True"
"4000524","Add","5","True"
"4000525","Add","5","True"
"4000526","Add","5","True"
"4000527","Add","5","True"
"4000528","Add","5","True"
"4000529","Add","5","True"
"4000530","Add","5","True"
"4000531","Add","5","True"
"4000532","Add","5","True"
"4000533","Add","5","True"
"4000534","Add","5","True"
"4000535","Add","5","True"
"4000536","Add","5","True"
"4000537","Add","5","True"
"4000538","Add","5","True"
"4000539","Add","5","True"
"4000540","Add","5","True"
"4000541","Add","5","True"
"4000542","Add","5","True"
"4000543","Add","5","True"
"4000544","Add","5","True"
"4000545","Add","5","True"
"4000546","Add","5","True"
"4000547","Add","5","True"
"4000548","Add","5","True"
"4000549","Add","5","True"
"4000550","Add","5","True"
"4000551","Add","5","True"
"4000552","Add","5","True"
"4000553","Add","5","True"
"4000554","Add","5","True"
"4000555","Add","5","True"
"4000556","Add","5","True"
"4000557","Add","5","True"
"4000558","Add","5","True"
"4000559","Add","5","True"
"4000560","Add","5","True"
"4000561","Add","5","True"
"4000562","Add","5","True"
"4000563","Add","5","True"
"4000564","Add","5","True"
"4000565","Add","5","True"
"4000566","Add","5","True"
"4000567","Add","5","True"
"4000568","Add","5","True"
"4000569","Add","5","True"
"4000570","Add","5","True"
"4000571","Add","5","True"
"4000572","Add","5","True"
"4000573","Add","5","True"
"4000574","Add","5","True"
"4000575","Add","5","True"
"4000576","Add","5","True"
"4000577","Add","5","True"
"4000578","Add","5","True"
"4000579","Add","5","True"
"4000580","Add","5","True"
"4000581","Add","5","True"
"4000582","Add","5","True"
"4000583","Add","5","True"
"4000584","Add","5","True"
"4000585","Add","5","True"
"4000586","Add","5","True"
"4000587","Add","5","True"
"4000588","Add","5","True"
"4000589","Add","5","True"
"4000590","Add","5","True"
"4000591","Add","5","True"
"4000592","Add","5","True"
"4000593","Add","5","True"
"4000594","Add","5","True"
"4000595","Add","5","True"
"4000596","Add","5","True"
"4000597","Add","5","True"
"4000598","Add","5","True"
"4000599","Add","5","True"
"4000600","Add","5","True"
"4000601","Add","5","True"
"4000602","Add","5","True"
"4000603","Add","5","True"
"4000604","Add","5","True"
"4000605","Add","5","True"
"4000606","Add","5","True"
"4000607","Add","5","True"
"4000608","Add","5","True"
"4000609","Add","5","True"
"4000610","Add","5","True"
"4000611","Add","5","True"
"4000612","Add","5","True"
"4000613","Add","5","True"
"4000614","Add","5","True"
"4000615","Add","5","True"
"4000616","Add","5","True"
"4000617","Add","5","True"
"4000618","Add","5","True"
"4000619","Add","5","True"
"4000620","Add","5","True"
"4000621","Add","5","True"
"4000622","Add","5","True"
"4000623","Add","5","True"
"4000624","Add","5","True"
"4000625","Add","5","True"
"4000626","Add","5","True"
"4000627","Add","5","True"
"4000628","Add","5","True"
"4000629","Add","5","True"
"4000630","Add","5","True"
"4000631","Add","5","True"
"4000632","Add","5","True"
"4000633","Add","5","True"
"4000634","Add","5","True"
"4000635","Add","5","True"
"4000636","Add","5","True"
"4000637","Add","5","True"
"4000638","Add","5","True"
"4000639","Add","5","True"
"4000640","Add","5","True"
"4000641","Add","5","True"
"4000642","Add","5","True"
"4000643","Add","5","True"
"4000644","Add","5","True"
"4000645","Add","5","True"
"4000646","Add","5","True"
"4000647","Add","5","True"
"4000648","Add","5","True"
"4000649","Add","5","True"
"4000650","Add","5","True"
"4000651","Add","5","True"
"4000652","Add","5","True"
"4000653","Add","5","True"
"4000654","Add","5","True"
"4000655","Add","5","True"
"4000656","Add","5","True"
"4000657","Add","5","True"
"4000658","Add","5","True"
"4000659","Add","5","True"
"4000660","Add","5","True"
"4000661","Add","5","True"
"4000662","Add","5","True"
"4000663","Add","5","True"
"4000664","Add","5","True"
"4000665","Add","5","True"
"4000666","Add","5","True"
"4000667","Add","5","True"
"4000668","Add","5","True"
"4000669","Add","5","True"
"4000670","Add","5","True"
"4000671","Add","5","True"
"4000672","Add","5","True"
"4000673","Add","5","True"
"4000674","Add","5","True"
"4000675","Add","5","True"
"4000676","Add","5","True"
"4000677","Add","5","True"
"4000678","Add","5","True"
"4000679","Add","5","True"
"4000680","Add","5","True"
"4000681","Add","5","True"
"4000682","Add","5","True"
"4000683","Add","5","True"
"4000684","Add","5","True"
"4000685","Add","5","True"
"4000686","Add","5","True"
"4000687","Add","5","True"
"4000688","Add","5","True"
"4000689","Add","5","True"
"4000690","Add","5","True"
"4000691","Add","5","True"
"4000692","Add","5","True"
"4000693","Add","5","True"
"4000694","Add","5","True"
"4000695","Add","5","True"
"4000696","Add","5","True"
"4000697","Add","5","True"
"4000698","Add","5","True"
"4000699","Add","5","True"
"4000700","Add","5","True"
"4000701","Add","5","True"
"4000702","Add","5","True"
"4000703","Add","5","True"
"4000704","Add","5","True"
"4000705","Add","5","True"
"4000706","Add","5","True"
"4000707","Add","5","True"
"4000708","Add","5","True"
"4000709","Add","5","True"
"4000710","Add","5","True"
"4000711","Add","5","True"
"4000712","Add","5","True"
"4000713","Add","5","True"
"4000714","Add","5","True"
"4000715","Add","5","True"
"4000716","Add","5","True"
"4000717","Add","5","True"
"4000718","Add","5","True"
"4000719","Add","5","True"
"4000720","Add","5","True"
"4000721","Add","5","True"
"4000722","Add","5","True"
"4000723","Add","5","True"
"4000724","Add","5","True"
"4000725","Add","5","True"
"4000726","Add","5","True"
"4000727","Add","5","True"
"4000728","Add","5","True"
"4000729","Add","5","True"
"4000730","Add","5","True"
"4000731","Add","5","True"
"4000732","Add","5","True"
"4000733","Add","5","True"
"4000734","Add","5","True"
"4000735","Add","5","True"
"4000736","Add","5","True"
"4000737","Add","5","True"
"4000738","Add","5","True"
"4000739","Add","5","True"
"4000740","Add","5","True"
"4000741","Add","5","True"
"4000742","Add","5","True"
"4000743","Add","5","True"
"4000744","Add","5","True"
"4000745","Add","5","True"
"4000746","Add","5","True"
"4000747","Add","5","True"
"4000748","Add","5","True"
"4000749","Add","5","True"
"4000750","Add","5","True"
"4000751","Add","5","True"
"4000752","Add","5","True"
"4000753","Add","5","True"
"4000754","Add","5","True"
"4000755","Add","5","True"
"4000756","Add","5","True"
"4000757","Add","5","True"
"4000758","Add","5","True"
"4000759","Add","5","True"
"4000760","Add","5","True"
"4000761","Add","5","True"
"4000762","Add","5","True"
"4000763","Add","5","True"
"4000764","Add","5","True"
"4000765","Add","5","True"
"4000766","Add","5","True"
"4000767","Add","5","True"
"4000768","Add","5","True"
"4000769","Add","5","True"
"4000770","Add","5","True"
"4000771","Add","5","True"
"4000772","Add","5","True"
"4000773","Add","5","True"
"4000774","Add","5","True"
"4000775","Add","5","True"
"4000776","Add","5","True"
"4000777","Add","5","True"
"4000778","Add","5","True"
"4000779","Add","5","True"
"4000780","Add","5","True"
"4000781","Add","5","True"
"4000782","Add","5","True"
"4000783","Add","5","True"
"4000784","Add","5","True"
"4000785","Add","5","True"
"4000786","Add","5","True"
"4000787","Add","5","True"
"4000788","Add","5","True"
"4000789","Add","5","True"
"4000790","Add","5","True"
"4000791","Add","5","True"
"4000792","Add","5","True"
"4000793","Add","5","True"
"4000794","Add","5","True"
"4000795","Add","5","True"
"4000796","Add","5","True"
"4000797","Add","5","True"
"4000798","Add","5","True"
"4000799","Add","5","True"
"4000800","Add","5","True"
"4000801","Add","5","True"
"4000802","Add","5","True"
"4000803","Add","5","True"
"4000804","Add","5","True"
"4000805","Add","5","True"
"4000806","Add","5","True"
"4000807","Add","5","True"
"4000808","Add","5","True"
"4000809","Add","5","True"
"4000810","Add","5","True"
"4000811","Add","5","True"
"4000812","Add","5","True"
"4000813","Add","5","True"
"4000814","Add","5","True"
"4000815","Add","5","True"
"4000816","Add","5","True"
"4000817","Add","5","True"
"4000818","Add","5","True"
"4000819","Add","5","True"
"4000820","Add","5","True"
"4000821","Add","5","True"
"4000822","Add","5","True"
"4000823","Add","5","True"
"4000824","Add","5","True"
"4000825","Add","5","True"
"4000826","Add","5","True"
"4000827","Add","5","True"
"4000828","Add","5","True"
"4000829","Add","5","True"
"4000830","Add","5","True"
"4000831","Add","5","True"
"4000832","Add","5","True"
"4000833","Add","5","True"
"4000834","Add","5","True"
"4000835","Add","5","True"
"4000836","Add","5","True"
"4000837","Add","5","True"
"4000838","Add","5","True"
"4000839","Add","5","True"
"4000840","Add","5","True"
"4000841","Add","5","True"
"4000842","Add","5","True"
"4000843","Add","5","True"
"4000844","Add","5","True"
"4000845","Add","5","True"
"4000846","Add","5","True"
"4000847","Add","5","True"
"4000848","Add","5","True"
"4000849","Add","5","True"
"4000850","Add","5","True"
"4000851","Add","5","True"
"4000852","Add","5","True"
"4000853","Add","5","True"
"4000854","Add","5","True"
"4000855","Add","5","True"
"4000856","Add","5","True"
"4000857","Add","5","True"
"4000858","Add","5","True"
"4000859","Add","5","True"
"4000860","Add","5","True"
"4000861","Add","5","True"
"4000862","Add","5","True"
"4000863","Add","5","True"
"4000864","Add","5","True"
"4000865","Add","5","True"
"4000866","Add","5","True"
"4000867","Add","5","True"
"4000868","Add","5","True"
"4000869","Add","5","True"
"4000870","Add","5","True"
"4000871","Add","5","True"
"4000872","Add","5","True"
"4000873","Add","5","True"
"4000874","Add","5","True"
"4000875","Add","5","True"
"4000876","Add","5","True"
"4000877","Add","5","True"
"4000878","Add","5","True"
"4000879","Add","5","True"
"4000880","Add","5","True"
"4000881","Add","5","True"
"4000882","Add","5","True"
"4000883","Add","5","True"
"4000884","Add","5","True"
"4000885","Add","5","True"
"4000886","Add","5","True"
"4000887","Add","5","True"
"4000888","Add","5","True"
"4000889","Add","5","True"
"4000890","Add","5","True"
"4000891","Add","5","True"
"4000892","Add","5","True"
"4000893","Add","5","True"
"4000894","Add","5","True"
"4000895","Add","5","True"
"4000896","Add","5","True"
"4000897","Add","5","True"
"4000898","Add","5","True"
"4000899","Add","5","True"
"4000900","Add","5","True"
"4000901","Add","5","True"
"4000902","Add","5","True"
"4000903","Add","5","True"
"4000904","Add","5","True"
"4000905","Add","5","True"
"4000906","Add","5","True"
"4000907","Add","5","True"
"4000908","Add","5","True"
"4000909","Add","5","True"
"4000910","Add","5","True"
"4000911","Add","5","True"
"4000912","Add","5","True"
"4000913","Add","5","True"
"4000914","Add","5","True"
"4000915","Add","5","True"
"4000916","Add","5","True"
"4000917","Add","5","True"
"4000918","Add","5","True"
"4000919","Add","5","True"
"4000920","Add","5","True"
"4000921","Add","5","True"
"4000922","Add","5","True"
"4000923","Add","5","True"
"4000924","Add","5","True"
"4000925","Add","5","True"
"4000926","Add","5","True"
"4000927","Add","5","True"
"4000928","Add","5","True"
"4000929","Add","5","True"
"4000930","Add","5","True"
"4000931","Add","5","True"
"4000932","Add","5","True"
"4000933","Add","5","True"
"4000934","Add","5","True"
"4000935","Add","5","True"
"4000936","Add","5","True"
"4000937","Add","5","True"
"4000938","Add","5","True"
"4000939","Add","5","True"
"4000940","Add","5","True"
"4000941","Add","5","True"
"4000942","Add","5","True"
"4000943","Add","5","True"
"4000944","Add","5","True"
"4000945","Add","5","True"
"4000946","Add","5","True"
"4000947","Add","5","True"
"4000948","Add","5","True"
"4000949","Add","5","True"
"4000950","Add","5","True"
"4000951","Add","5","True"
"4000952","Add","5","True"
"4000953","Add","5","True"
"4000954","Add","5","True"
"4000955","Add","5","True"
"4000956","Add","5","True"
"4000957","Add","5","True"
"4000958","Add","5","True"
"4000959","Add","5","True"
"4000960","Add","5","True"
"4000961","Add","5","True"
"4000962","Add","5","True"
"4000963","Add","5","True"
"4000964","Add","5","True"
"4000965","Add","5","True"
"4000966","Add","5","True"
"4000967","Add","5","True"
"4000968","Add","5","True"
"4000969","Add","5","True"
"4000970","Add","5","True"
"4000971","Add","5","True"
"4000972","Add","5","True"
"4000973","Add","5","True"
"4000974","Add","5","True"
"4000975","Add","5","True"
"4000976","Add","5","True"
"4000977","Add","5","True"
"4000978","Add","5","True"
"4000979","Add","5","True"
"4000980","Add","5","True"
"4000981","Add","5","True"
"4000982","Add","5","True"
"4000983","Add","5","True"
"4000984","Add","5","True"
"4000985","Add","5","True"
"4000986","Add","5","True"
"4000987","Add","5","True"
"4000988","Add","5","True"
"4000989","Add","5","True"
"4000990","Add","5","True"
"4000991","Add","5","True"
"4000992","Add","5","True"
"4000993","Add","5","True"
"4000994","Add","5","True"
"4000995","Add","5","True"
"4000996","Add","5","True"
"4000997","Add","5","True"
"4000998","Add","5","True"
"4000999","Add","5","True"
"4001000","Add","5","True"
"4001001","Add","5","True"
"4001002","Add","5","True"
"4001003","Add","5","True"
"4001004","Add","5","True"
"4001005","Add","5","True"
"4001006","Add","5","True"
"4001007","Add","5","True"
"4001008","Add","5","True"
"4001009","Add","5","True"
"4001010","Add","5","True"
"4001011","Add","5","True"
"4001012","Add","5","True"
"4001013","Add","5","True"
"4001014","Add","5","True"
"4001015","Add","5","True"
"4001016","Add","5","True"
"4001017","Add","5","True"
"4001018","Add","5","True"
"4001019","Add","5","True"
"4001020","Add","5","True"
"4001021","Add","5","True"
"4001022","Add","5","True"
"4001023","Add","5","True"
"4001024","Add","5","True"
"4001025","Add","5","True"
"4001026","Add","5","True"
"4001027","Add","5","True"
"4001028","Add","5","True"
"4001029","Add","5","True"
"4001030","Add","5","True"
"4001031","Add","5","True"
"4001032","Add","5","True"
"4001033","Add","5","True"
"4001034","Add","5","True"
"4001035","Add","5","True"
"4001036","Add","5","True"
"4001037","Add","5","True"
"4001038","Add","5","True"
"4001039","Add","5","True"
"4001040","Add","5","True"
"4001041","Add","5","True"
"4001042","Add","5","True"
"4001043","Add","5","True"
"4001044","Add","5","True"
"4001045","Add","5","True"
"4001046","Add","5","True"
"4001047","Add","5","True"
"4001048","Add","5","True"
"4001049","Add","5","True"
"4001050","Add","5","True"
"4001051","Add","5","True"
"4001052","Add","5","True"
"4001053","Add","5","True"
"4001054","Add","5","True"
"4001055","Add","5","True"
"4001056","Add","5","True"
"4001057","Add","5","True"
"4001058","Add","5","True"
"4001059","Add","5","True"
"4001060","Add","5","True"
"4001061","Add","5","True"
"4001062","Add","5","True"
"4001063","Add","5","True"
"4001064","Add","5","True"
"4001065","Add","5","True"
"4001066","Add","5","True"
"4001067","Add","5","True"
"4001068","Add","5","True"
"4001069","Add","5","True"
"4001070","Add","5","True"
"4001071","Add","5","True"
"4001072","Add","5","True"
"4001073","Add","5","True"
"4001074","Add","5","True"
"4001075","Add","5","True"
"4001076","Add","5","True"
"4001077","Add","5","True"
"4001078","Add","5","True"
"4001079","Add","5","True"
"4001080","Add","5","True"
"4001081","Add","5","True"
"4001082","Add","5","True"
"4001083","Add","5","True"
"4001084","Add","5","True"
"4001085","Add","5","True"
"4001086","Add","5","True"
"4001087","Add","5","True"
"4001088","Add","5","True"
"4001089","Add","5","True"
"4001090","Add","5","True"
"4001091","Add","5","True"
"4001092","Add","5","True"
"4001093","Add","5","True"
"4001094","Add","5","True"
"4001095","Add","5","True"
"4001096","Add","5","True"
"4001097","Add","5","True"
"4001098","Add","5","True"
"4001099","Add","5","True"
"4001100","Add","5","True"
"4001101","Add","5","True"
"4001102","Add","5","True"
"4001103","Add","5","True"
"4001104","Add","5","True"
"4001105","Add","5","True"
"4001106","Add","5","True"
"4001107","Add","5","True"
"4001108","Add","5","True"
"4001109","Add","5","True"
"4001110","Add","5","True"
"4001111","Add","5","True"
"4001112","Add","5","True"
"4001113","Add","5","True"
"4001114","Add","5","True"
"4001115","Add","5","True"
"4001116","Add","5","True"
"4001117","Add","5","True"
"4001118","Add","5","True"
"4001119","Add","5","True"
"4001120","Add","5","True"
"4001121","Add","5","True"
"4001122","Add","5","True"
"4001123","Add","5","True"
"4001124","Add","5","True"
"4001125","Add","5","True"
"4001126","Add","5","True"
"4001127","Add","5","True"
"4001128","Add","5","True"
"4001129","Add","5","True"
"4001130","Add","5","True"
"4001131","Add","5","True"
"4001132","Add","5","True"
"4001133","Add","5","True"
"4001134","Add","5","True"
"4001135","Add","5","True"
"4001136","Add","5","True"
"4001137","Add","5","True"
"4001138","Add","5","True"
"4001139","Add","5","True"
"4001140","Add","5","True"
"4001141","Add","5","True"
"4001142","Add","5","True"
"4001143","Add","5","True"
"4001144","Add","5","True"
"4001145","Add","5","True"
"4001146","Add","5","True"
"4001147","Add","5","True"
"4001148","Add","5","True"
"4001149","Add","5","True"
"4001150","Add","5","True"
"4001151","Add","5","True"
"4001152","Add","5","True"
"4001153","Add","5","True"
"4001154","Add","5","True"
"4001155","Add","5","True"
"4001156","Add","5","True"
"4001157","Add","5","True"
"4001158","Add","5","True"
"4001159","Add","5","True"
"4001160","Add","5","True"
"4001161","Add","5","True"
"4001162","Add","5","True"
"4001163","Add","5","True"
"4001164","Add","5","True"
"4001165","Add","5","True"
"4001166","Add","5","True"
"4001167","Add","5","True"
"4001168","Add","5","True"
"4001169","Add","5","True"
"4001170","Add","5","True"
"4001171","Add","5","True"
"4001172","Add","5","True"
"4001173","Add","5","True"
"4001174","Add","5","True"
"4001175","Add","5","True"
"4001176","Add","5","True"
"4001177","Add","5","True"
"4001178","Add","5","True"
"4001179","Add","5","True"
"4001180","Add","5","True"
"4001181","Add","5","True"
"4001182","Add","5","True"
"4001183","Add","5","True"
"4001184","Add","5","True"
"4001185","Add","5","True"
"4001186","Add","5","True"
"4001187","Add","5","True"
"4001188","Add","5","True"
"4001189","Add","5","True"
"4001190","Add","5","True"
"4001191","Add","5","True"
"4001192","Add","5","True"
"4001193","Add","5","True"
"4001194","Add","5","True"
"4001195","Add","5","True"
"4001196","Add","5","True"
"4001197","Add","5","True"
"4001198","Add","5","True"
"4001199","Add","5","True"
"4001200","Add","5","True"
"4001201","Add","5","True"
"4001202","Add","5","True"
"4001203","Add","5","True"
"4001204","Add","5","True"
"4001205","Add","5","True"
"4001206","Add","5","True"
"4001207","Add","5","True"
"4001208","Add","5","True"
"4001209","Add","5","True"
"4001210","Add","5","True"
"4001211","Add","5","True"
"4001212","Add","5","True"
"4001213","Add","5","True"
"4001214","Add","5","True"
"4001215","Add","5","True"
"4001216","Add","5","True"
"4001217","Add","5","True"
"4001218","Add","5","True"
"4001219","Add","5","True"
"4001220","Add","5","True"
"4001221","Add","5","True"
"4001222","Add","5","True"
"4001223","Add","5","True"
"4001224","Add","5","True"
"4001225","Add","5","True"
"4001226","Add","5","True"
"4001227","Add","5","True"
"4001228","Add","5","True"
"4001229","Add","5","True"
"4001230","Add","5","True"
"4001231","Add","5","True"
"4001232","Add","5","True"
"4001233","Add","5","True"
"4001234","Add","5","True"
"4001235","Add","5","True"
"4001236","Add","5","True"
"4001237","Add","5","True"
"4001238","Add","5","True"
"4001239","Add","5","True"
"4001240","Add","5","True"
"4001241","Add","5","True"
"4001242","Add","5","True"
"4001243","Add","5","True"
"4001244","Add","5","True"
"4001245","Add","5","True"
"4001246","Add","5","True"
"4001247","Add","5","True"
"4001248","Add","5","True"
"4001249","Add","5","True"
"4001250","Add","5","True"
"4001251","Add","5","True"
"4001252","Add","5","True"
"4001253","Add","5","True"
"4001254","Add","5","True"
"4001255","Add","5","True"
"4001256","Add","5","True"
"4001257","Add","5","True"
"4001258","Add","5","True"
"4001259","Add","5","True"
"4001260","Add","5","True"
"4001261","Add","5","True"
"4001262","Add","5","True"
"4001263","Add","5","True"
"4001264","Add","5","True"
"4001265","Add","5","True"
"4001266","Add","5","True"
"4001267","Add","5","True"
"4001268","Add","5","True"
"4001269","Add","5","True"
"4001270","Add","5","True"
"4001271","Add","5","True"
"4001272","Add","5","True"
"4001273","Add","5","True"
"4001274","Add","5","True"
"4001275","Add","5","True"
"4001276","Add","5","True"
"4001277","Add","5","True"
"4001278","Add","5","True"
"4001279","Add","5","True"
"4001280","Add","5","True"
"4001281","Add","5","True"
"4001282","Add","5","True"
"4001283","Add","5","True"
"4001284","Add","5","True"
"4001285","Add","5","True"
"4001286","Add","5","True"
"4001287","Add","5","True"
"4001288","Add","5","True"
"4001289","Add","5","True"
"4001290","Add","5","True"
"4001291","Add","5","True"
"4001292","Add","5","True"
"4001293","Add","5","True"
"4001294","Add","5","True"
"4001295","Add","5","True"
"4001296","Add","5","True"
"4001297","Add","5","True"
"4001298","Add","5","True"
"4001299","Add","5","True"
"4001300","Add","5","True"
"4001301","Add","5","True"
"4001302","Add","5","True"
"4001303","Add","5","True"
"4001304","Add","5","True"
"4001305","Add","5","True"
"4001306","Add","5","True"
"4001307","Add","5","True"
"4001308","Add","5","True"
"4001309","Add","5","True"
"4001310","Add","5","True"
"4001311","Add","5","True"
"4001312","Add","5","True"
"4001313","Add","5","True"
"4001314","Add","5","True"
"4001315","Add","5","True"
"4001316","Add","5","True"
"4001317","Add","5","True"
"4001318","Add","5","True"
"4001319","Add","5","True"
"4001320","Add","5","True"
"4001321","Add","5","True"
"4001322","Add","5","True"
"4001323","Add","5","True"
"4001324","Add","5","True"
"4001325","Add","5","True"
"4001326","Add","5","True"
"4001327","Add","5","True"
"4001328","Add","5","True"
"4001329","Add","5","True"
"4001330","Add","5","True"
"4001331","Add","5","True"
"4001332","Add","5","True"
"4001333","Add","5","True"
"4001334","Add","5","True"
"4001335","Add","5","True"
"4001336","Add","5","True"
"4001337","Add","5","True"
"4001338","Add","5","True"
"4001339","Add","5","True"
"4001340","Add","5","True"
"4001341","Add","5","True"
"4001342","Add","5","True"
"4001343","Add","5","True"
"4001344","Add","5","True"
"4001345","Add","5","True"
"4001346","Add","5","True"
"4001347","Add","5","True"
"4001348","Add","5","True"
"4001349","Add","5","True"
"4001350","Add","5","True"
"4001351","Add","5","True"
"4001352","Add","5","True"
"4001353","Add","5","True"
"4001354","Add","5","True"
"4001355","Add","5","True"
"4001356","Add","5","True"
"4001357","Add","5","True"
"4001358","Add","5","True"
"4001359","Add","5","True"
"4001360","Add","5","True"
"4001361","Add","5","True"
"4001362","Add","5","True"
"4001363","Add","5","True"
"4001364","Add","5","True"
"4001365","Add","5","True"
"4001366","Add","5","True"
"4001367","Add","5","True"
"4001368","Add","5","True"
"4001369","Add","5","True"
"4001370","Add","5","True"
"4001371","Add","5","True"
"4001372","Add","5","True"
"4001373","Add","5","True"
"4001374","Add","5","True"
"4001375","Add","5","True"
"4001376","Add","5","True"
"4001377","Add","5","True"
"4001378","Add","5","True"
"4001379","Add","5","True"
"4001380","Add","5","True"
"4001381","Add","5","True"
"4001382","Add","5","True"
"4001383","Add","5","True"
"4001384","Add","5","True"
"4001385","Add","5","True"
"4001386","Add","5","True"
"4001387","Add","5","True"
"4001388","Add","5","True"
"4001389","Add","5","True"
"4001390","Add","5","True"
"4001391","Add","5","True"
"4001392","Add","5","True"
"4001393","Add","5","True"
"4001394","Add","5","True"
"4001395","Add","5","True"
"4001396","Add","5","True"
"4001397","Add","5","True"
"4001398","Add","5","True"
"4001399","Add","5","True"
"4001400","Add","5","True"
"4001401","Add","5","True"
"4001402","Add","5","True"
"4001403","Add","5","True"
"4001404","Add","5","True"
"4001405","Add","5","True"
"4001406","Add","5","True"
"4001407","Add","5","True"
"4001408","Add","5","True"
"4001409","Add","5","True"
"4001410","Add","5","True"
"4001411","Add","5","True"
"4001412","Add","5","True"
"4001413","Add","5","True"
"4001414","Add","5","True"
"4001415","Add","5","True"
"4001416","Add","5","True"
"4001417","Add","5","True"
"4001418","Add","5","True"
"4001419","Add","5","True"
"4001420","Add","5","True"
"4001421","Add","5","True"
"4001422","Add","5","True"
"4001423","Add","5","True"
"4001424","Add","5","True"
"4001425","Add","5","True"
"4001426","Add","5","True"
"4001427","Add","5","True"
"4001428","Add","5","True"
"4001429","Add","5","True"
"4001430","Add","5","True"
"4001431","Add","5","True"
"4001432","Add","5","True"
"4001433","Add","5","True"
"4001434","Add","5","True"
"4001435","Add","5","True"
"4001436","Add","5","True"
"4001437","Add","5","True"
"4001438","Add","5","True"
"4001439","Add","5","True"
"4001440","Add","5","True"
"4001441","Add","5","True"
"4001442","Add","5","True"
"4001443","Add","5","True"
"4001444","Add","5","True"
"4001445","Add","5","True"
"4001446","Add","5","True"
"4001447","Add","5","True"
"4001448","Add","5","True"
"4001449","Add","5","True"
"4001450","Add","5","True"
"4001451","Add","5","True"
"4001452","Add","5","True"
"4001453","Add","5","True"
"4001454","Add","5","True"
"4001455","Add","5","True"
"4001456","Add","5","True"
"4001457","Add","5","True"
"4001458","Add","5","True"
"4001459","Add","5","True"
"4001460","Add","5","True"
"4001461","Add","5","True"
"4001462","Add","5","True"
"4001463","Add","5","True"
"4001464","Add","5","True"
"4001465","Add","5","True"
"4001466","Add","5","True"
"4001467","Add","5","True"
"4001468","Add","5","True"
"4001469","Add","5","True"
"4001470","Add","5","True"
"4001471","Add","5","True"
"4001472","Add","5","True"
"4001473","Add","5","True"
"4001474","Add","5","True"
"4001475","Add","5","True"
"4001476","Add","5","True"
"4001477","Add","5","True"
"4001478","Add","5","True"
"4001479","Add","5","True"
"4001480","Add","5","True"
"4001481","Add","5","True"
"4001482","Add","5","True"
"4001483","Add","5","True"
"4001484","Add","5","True"
"4001485","Add","5","True"
"4001486","Add","5","True"
"4001487","Add","5","True"
"4001488","Add","5","True"
"4001489","Add","5","True"
"4001490","Add","5","True"
"4001491","Add","5","True"
"4001492","Add","5","True"
"4001493","Add","5","True"
"4001494","Add","5","True"
"4001495","Add","5","True"
"4001496","Add","5","True"
"4001497","Add","5","True"
"4001498","Add","5","True"
"4001499","Add","5","True"
"4001500","Add","5","True"
"4001501","Add","5","True"
"4001502","Add","5","True"
"4001503","Add","5","True"
"4001504","Add","5","True"
"4001505","Add","5","True"
"4001506","Add","5","True"
"4001507","Add","5","True"
"4001508","Add","5","True"
"4001509","Add","5","True"
"4001510","Add","5","True"
"4001511","Add","5","True"
"4001512","Add","5","True"
"4001513","Add","5","True"
"4001514","Add","5","True"
"4001515","Add","5","True"
"4001516","Add","5","True"
"4001517","Add","5","True"
"4001518","Add","5","True"
"4001519","Add","5","True"
"4001520","Add","5","True"
"4001521","Add","5","True"
"4001522","Add","5","True"
"4001523","Add","5","True"
"4001524","Add","5","True"
"4001525","Add","5","True"
"4001526","Add","5","True"
"4001527","Add","5","True"
"4001528","Add","5","True"
"4001529","Add","5","True"
"4001530","Add","5","True"
"4001531","Add","5","True"
"4001532","Add","5","True"
"4001533","Add","5","True"
"4001534","Add","5","True"
"4001535","Add","5","True"
"4001536","Add","5","True"
"4001537","Add","5","True"
"4001538","Add","5","True"
"4001539","Add","5","True"
"4001540","Add","5","True"
"4001541","Add","5","True"
"4001542","Add","5","True"
"4001543","Add","5","True"
"4001544","Add","5","True"
"4001545","Add","5","True"
"4001546","Add","5","True"
"4001547","Add","5","True"
"4001548","Add","5","True"
"4001549","Add","5","True"
"4001550","Add","5","True"
"4001551","Add","5","True"
"4001552","Add","5","True"
"4001553","Add","5","True"
"4001554","Add","5","True"
"4001555","Add","5","True"
"4001556","Add","5","True"
"4001557","Add","5","True"
"4001558","Add","5","True"
"4001559","Add","5","True"
"4001560","Add","5","True"
"4001561","Add","5","True"
"4001562","Add","5","True"
"4001563","Add","5","True"
"4001564","Add","5","True"
"4001565","Add","5","True"
"4001566","Add","5","True"
"4001567","Add","5","True"
"4001568","Add","5","True"
"4001569","Add","5","True"
"4001570","Add","5","True"
"4001571","Add","5","True"
"4001572","Add","5","True"
"4001573","Add","5","True"
"4001574","Add","5","True"
"4001575","Add","5","True"
"4001576","Add","5","True"
"4001577","Add","5","True"
"4001578","Add","5","True"
"4001579","Add","5","True"
"4001580","Add","5","True"
"4001581","Add","5","True"
"4001582","Add","5","True"
"4001583","Add","5","True"
"4001584","Add","5","True"
"4001585","Add","5","True"
"4001586","Add","5","True"
"4001587","Add","5","True"
"4001588","Add","5","True"
"4001589","Add","5","True"
"4001590","Add","5","True"
"4001591","Add","5","True"
"4001592","Add","5","True"
"4001593","Add","5","True"
"4001594","Add","5","True"
"4001595","Add","5","True"
"4001596","Add","5","True"
"4001597","Add","5","True"
"4001598","Add","5","True"
"4001599","Add","5","True"
"4001600","Add","5","True"
"4001601","Add","5","True"
"4001602","Add","5","True"
"4001603","Add","5","True"
"4001604","Add","5","True"
"4001605","Add","5","True"
"4001606","Add","5","True"
"4001607","Add","5","True"
"4001608","Add","5","True"
"4001609","Add","5","True"
"4001610","Add","5","True"
"4001611","Add","5","True"
"4001612","Add","5","True"
"4001613","Add","5","True"
"4001614","Add","5","True"
"4001615","Add","5","True"
"4001616","Add","5","True"
"4001617","Add","5","True"
"4001618","Add","5","True"
"4001619","Add","5","True"
"4001620","Add","5","True"
"4001621","Add","5","True"
"4001622","Add","5","True"
"4001623","Add","5","True"
"4001624","Add","5","True"
"4001625","Add","5","True"
"4001626","Add","5","True"
"4001627","Add","5","True"
"4001628","Add","5","True"
"4001629","Add","5","True"
"4001630","Add","5","True"
"4001631","Add","5","True"
"4001632","Add","5","True"
"4001633","Add","5","True"
"4001634","Add","5","True"
"4001635","Add","5","True"
"4001636","Add","5","True"
"4001637","Add","5","True"
"4001638","Add","5","True"
"4001639","Add","5","True"
"4001640","Add","5","True"
"4001641","Add","5","True"
"4001642","Add","5","True"
"4001643","Add","5","True"
"4001644","Add","5","True"
"4001645","Add","5","True"
"4001646","Add","5","True"
"4001647","Add","5","True"
"4001648","Add","5","True"
"4001649","Add","5","True"
"4001650","Add","5","True"
"4001651","Add","5","True"
"4001652","Add","5","True"
"4001653","Add","5","True"
"4001654","Add","5","True"
"4001655","Add","5","True"
"4001656","Add","5","True"
"4001657","Add","5","True"
"4001658","Add","5","True"
"4001659","Add","5","True"
"4001660","Add","5","True"
"4001661","Add","5","True"
"4001662","Add","5","True"
"4001663","Add","5","True"
"4001664","Add","5","True"
"4001665","Add","5","True"
"4001666","Add","5","True"
"4001667","Add","5","True"
"4001668","Add","5","True"
"4001669","Add","5","True"
"4001670","Add","5","True"
"4001671","Add","5","True"
"4001672","Add","5","True"
"4001673","Add","5","True"
"4001674","Add","5","True"
"4001675","Add","5","True"
"4001676","Add","5","True"
"4001677","Add","5","True"
"4001678","Add","5","True"
"4001679","Add","5","True"
"4001680","Add","5","True"
"4001681","Add","5","True"
"4001682","Add","5","True"
"4001683","Add","5","True"
"4001684","Add","5","True"
"4001685","Add","5","True"
"4001686","Add","5","True"
"4001687","Add","5","True"
"4001688","Add","5","True"
"4001689","Add","5","True"
"4001690","Add","5","True"
"4001691","Add","5","True"
"4001692","Add","5","True"
"4001693","Add","5","True"
"4001694","Add","5","True"
"4001695","Add","5","True"
"4001696","Add","5","True"
"4001697","Add","5","True"
"4001698","Add","5","True"
"4001699","Add","5","True"
"4001700","Add","5","True"
"4001701","Add","5","True"
"4001702","Add","5","True"
"4001703","Add","5","True"
"4001704","Add","5","True"
"4001705","Add","5","True"
"4001706","Add","5","True"
"4001707","Add","5","True"
"4001708","Add","5","True"
"4001709","Add","5","True"
"4001710","Add","5","True"
"4001711","Add","5","True"
"4001712","Add","5","True"
"4001713","Add","5","True"
"4001714","Add","5","True"
"4001715","Add","5","True"
"4001716","Add","5","True"
"4001717","Add","5","True"
"4001718","Add","5","True"
"4001719","Add","5","True"
"4001720","Add","5","True"
"4001721","Add","5","True"
"4001722","Add","5","True"
"4001723","Add","5","True"
"4001724","Add","5","True"
"4001725","Add","5","True"
"4001726","Add","5","True"
"4001727","Add","5","True"
"4001728","Add","5","True"
"4001729","Add","5","True"
"4001730","Add","5","True"
"4001731","Add","5","True"
"4001732","Add","5","True"
"4001733","Add","5","True"
"4001734","Add","5","True"
"4001735","Add","5","True"
"4001736","Add","5","True"
"4001737","Add","5","True"
"4001738","Add","5","True"
"4001739","Add","5","True"
"4001740","Add","5","True"
"4001741","Add","5","True"
"4001742","Add","5","True"
"4001743","Add","5","True"
"4001744","Add","5","True"
"4001745","Add","5","True"
"4001746","Add","5","True"
"4001747","Add","5","True"
"4001748","Add","5","True"
"4001749","Add","5","True"
"4001750","Add","5","True"
"4001751","Add","5","True"
"4001752","Add","5","True"
"4001753","Add","5","True"
"4001754","Add","5","True"
"4001755","Add","5","True"
"4001756","Add","5","True"
"4001757","Add","5","True"
"4001758","Add","5","True"
"4001759","Add","5","True"
"4001760","Add","5","True"
"4001761","Add","5","True"
"4001762","Add","5","True"
"4001763","Add","5","True"
"4001764","Add","5","True"
"4001765","Add","5","True"
"4001766","Add","5","True"
"4001767","Add","5","True"
"4001768","Add","5","True"
"4001769","Add","5","True"
"4001770","Add","5","True"
"4001771","Add","5","True"
"4001772","Add","5","True"
"4001773","Add","5","True"
"4001774","Add","5","True"
"4001775","Add","5","True"
"4001776","Add","5","True"
"4001777","Add","5","True"
"4001778","Add","5","True"
"4001779","Add","5","True"
"4001780","Add","5","True"
"4001781","Add","5","True"
"4001782","Add","5","True"
"4001783","Add","5","True"
"4001784","Add","5","True"
"4001785","Add","5","True"
"4001786","Add","5","True"
"4001787","Add","5","True"
"4001788","Add","5","True"
"4001789","Add","5","True"
"4001790","Add","5","True"
"4001791","Add","5","True"
"4001792","Add","5","True"
"4001793","Add","5","True"
"4001794","Add","5","True"
"4001795","Add","5","True"
"4001796","Add","5","True"
"4001797","Add","5","True"
"4001798","Add","5","True"
"4001799","Add","5","True"
"4001800","Add","5","True"
"4001801","Add","5","True"
"4001802","Add","5","True"
"4001803","Add","5","True"
"4001804","Add","5","True"
"4001805","Add","5","True"
"4001806","Add","5","True"
"4001807","Add","5","True"
"4001808","Add","5","True"
"4001809","Add","5","True"
"4001810","Add","5","True"
"4001811","Add","5","True"
"4001812","Add","5","True"
"4001813","Add","5","True"
"4001814","Add","5","True"
"4001815","Add","5","True"
"4001816","Add","5","True"
"4001817","Add","5","True"
"4001818","Add","5","True"
"4001819","Add","5","True"
"4001820","Add","5","True"
"4001821","Add","5","True"
"4001822","Add","5","True"
"4001823","Add","5","True"
"4001824","Add","5","True"
"4001825","Add","5","True"
"4001826","Add","5","True"
"4001827","Add","5","True"
"4001828","Add","5","True"
"4001829","Add","5","True"
"4001830","Add","5","True"
"4001831","Add","5","True"
"4001832","Add","5","True"
"4001833","Add","5","True"
"4001834","Add","5","True"
"4001835","Add","5","True"
"4001836","Add","5","True"
"4001837","Add","5","True"
"4001838","Add","5","True"
"4001839","Add","5","True"
"4001840","Add","5","True"
"4001841","Add","5","True"
"4001842","Add","5","True"
"4001843","Add","5","True"
"4001844","Add","5","True"
"4001845","Add","5","True"
"4001846","Add","5","True"
"4001847","Add","5","True"
"4001848","Add","5","True"
"4001849","Add","5","True"
"4001850","Add","5","True"
"4001851","Add","5","True"
"4001852","Add","5","True"
"4001853","Add","5","True"
"4001854","Add","5","True"
"4001855","Add","5","True"
"4001856","Add","5","True"
"4001857","Add","5","True"
"4001858","Add","5","True"
"4001859","Add","5","True"
"4001860","Add","5","True"
"4001861","Add","5","True"
"4001862","Add","5","True"
"4001863","Add","5","True"
"4001864","Add","5","True"
"4001865","Add","5","True"
"4001866","Add","5","True"
"4001867","Add","5","True"
"4001868","Add","5","True"
"4001869","Add","5","True"
"4001870","Add","5","True"
"4001871","Add","5","True"
"4001872","Add","5","True"
"4001873","Add","5","True"
"4001874","Add","5","True"
"4001875","Add","5","True"
"4001876","Add","5","True"
"4001877","Add","5","True"
"4001878","Add","5","True"
"4001879","Add","5","True"
"4001880","Add","5","True"
"4001881","Add","5","True"
"4001882","Add","5","True"
"4001883","Add","5","True"
"4001884","Add","5","True"
"4001885","Add","5","True"
"4001886","Add","5","True"
"4001887","Add","5","True"
"4001888","Add","5","True"
"4001889","Add","5","True"
"4001890","Add","5","True"
"4001891","Add","5","True"
"4001892","Add","5","True"
"4001893","Add","5","True"
"4001894","Add","5","True"
"4001895","Add","5","True"
"4001896","Add","5","True"
"4001897","Add","5","True"
"4001898","Add","5","True"
"4001899","Add","5","True"
"4001900","Add","5","True"
"4001901","Add","5","True"
"4001902","Add","5","True"
"4001903","Add","5","True"
"4001904","Add","5","True"
"4001905","Add","5","True"
"4001906","Add","5","True"
"4001907","Add","5","True"
"4001908","Add","5","True"
"4001909","Add","5","True"
"4001910","Add","5","True"
"4001911","Add","5","True"
"4001912","Add","5","True"
"4001913","Add","5","True"
"4001914","Add","5","True"
"4001915","Add","5","True"
"4001916","Add","5","True"
"4001917","Add","5","True"
"4001918","Add","5","True"
"4001919","Add","5","True"
"4001920","Add","5","True"
"4001921","Add","5","True"
"4001922","Add","5","True"
"4001923","Add","5","True"
"4001924","Add","5","True"
"4001925","Add","5","True"
"4001926","Add","5","True"
"4001927","Add","5","True"
"4001928","Add","5","True"
"4001929","Add","5","True"
"4001930","Add","5","True"
"4001931","Add","5","True"
"4001932","Add","5","True"
"4001933","Add","5","True"
"4001934","Add","5","True"
"4001935","Add","5","True"
"4001936","Add","5","True"
"4001937","Add","5","True"
"4001938","Add","5","True"
"4001939","Add","5","True"
"4001940","Add","5","True"
"4001941","Add","5","True"
"4001942","Add","5","True"
"4001943","Add","5","True"
"4001944","Add","5","True"
"4001945","Add","5","True"
"4001946","Add","5","True"
"4001947","Add","5","True"
"4001948","Add","5","True"
"4001949","Add","5","True"
"4001950","Add","5","True"
"4001951","Add","5","True"
"4001952","Add","5","True"
"4001953","Add","5","True"
"4001954","Add","5","True"
"4001955","Add","5","True"
"4001956","Add","5","True"
"4001957","Add","5","True"
"4001958","Add","5","True"
"4001959","Add","5","True"
"4001960","Add","5","True"
"4001961","Add","5","True"
"4001962","Add","5","True"
"4001963","Add","5","True"
"4001964","Add","5","True"
"4001965","Add","5","True"
"4001966","Add","5","True"
"4001967","Add","5","True"
"4001968","Add","5","True"
"4001969","Add","5","True"
"4001970","Add","5","True"
"4001971","Add","5","True"
"4001972","Add","5","True"
"4001973","Add","5","True"
"4001974","Add","5","True"
"4001975","Add","5","True"
"4001976","Add","5","True"
"4001977","Add","5","True"
"4001978","Add","5","True"
"4001979","Add","5","True"
"4001980","Add","5","True"
"4001981","Add","5","True"
"4001982","Add","5","True"
"4001983","Add","5","True"
"4001984","Add","5","True"
"4001985","Add","5","True"
"4001986","Add","5","True"
"4001987","Add","5","True"
"4001988","Add","5","True"
"4001989","Add","5","True"
"4001990","Add","5","True"
"4001991","Add","5","True"
"4001992","Add","5","True"
"4001993","Add","5","True"
"4001994","Add","5","True"
"4001995","Add","5","True"
"4001996","Add","5","True"
"4001997","Add","5","True"
"4001998","Add","5","True"
"4001999","Add","5","True"
"4002000","Add","5","True"
"4002001","Add","5","True"
"4002002","Add","5","True"
"4002003","Add","5","True"
"4002004","Add","5","True"
"4002005","Add","5","True"
"4002006","Add","5","True"
"4002007","Add","5","True"
"4002008","Add","5","True"
"4002009","Add","5","True"
"4002010","Add","5","True"
"4002011","Add","5","True"
"4002012","Add","5","True"
"4002013","Add","5","True"
"4002014","Add","5","True"
"4002015","Add","5","True"
"4002016","Add","5","True"
"4002017","Add","5","True"
"4002018","Add","5","True"
"4002019","Add","5","True"
"4002020","Add","5","True"
"4002021","Add","5","True"
"4002022","Add","5","True"
"4002023","Add","5","True"
"4002024","Add","5","True"
"4002025","Add","5","True"
"4002026","Add","5","True"
"4002027","Add","5","True"
"4002028","Add","5","True"
"4002029","Add","5","True"
"4002030","Add","5","True"
"4002031","Add","5","True"
"4002032","Add","5","True"
"4002033","Add","5","True"
"4002034","Add","5","True"
"4002035","Add","5","True"
"4002036","Add","5","True"
"4002037","Add","5","True"
"4002038","Add","5","True"
"4002039","Add","5","True"
"4002040","Add","5","True"
"4002041","Add","5","True"
"4002042","Add","5","True"
"4002043","Add","5","True"
"4002044","Add","5","True"
"4002045","Add","5","True"
"4002046","Add","5","True"
"4002047","Add","5","True"
"4002048","Add","5","True"
"4002049","Add","5","True"
"4002050","Add","5","True"
"4002051","Add","5","True"
"4002052","Add","5","True"
"4002053","Add","5","True"
"4002054","Add","5","True"
"4002055","Add","5","True"
"4002056","Add","5","True"
"4002057","Add","5","True"
"4002058","Add","5","True"
"4002059","Add","5","True"
"4002060","Add","5","True"
"4002061","Add","5","True"
"4002062","Add","5","True"
"4002063","Add","5","True"
"4002064","Add","5","True"
"4002065","Add","5","True"
"4002066","Add","5","True"
"4002067","Add","5","True"
"4002068","Add","5","True"
"4002069","Add","5","True"
"4002070","Add","5","True"
"4002071","Add","5","True"
"4002072","Add","5","True"
"4002073","Add","5","True"
"4002074","Add","5","True"
"4002075","Add","5","True"
"4002076","Add","5","True"
"4002077","Add","5","True"
"4002078","Add","5","True"
"4002079","Add","5","True"
"4002080","Add","5","True"
"4002081","Add","5","True"
"4002082","Add","5","True"
"4002083","Add","5","True"
"4002084","Add","5","True"
"4002085","Add","5","True"
"4002086","Add","5","True"
"4002087","Add","5","True"
"4002088","Add","5","True"
"4002089","Add","5","True"
"4002090","Add","5","True"
"4002091","Add","5","True"
"4002092","Add","5","True"
"4002093","Add","5","True"
"4002094","Add","5","True"
"4002095","Add","5","True"
"4002096","Add","5","True"
"4002097","Add","5","True"
"4002098","Add","5","True"
"4002099","Add","5","True"
"4002100","Add","5","True"
"4002101","Add","5","True"
"4002102","Add","5","True"
"4002103","Add","5","True"
"4002104","Add","5","True"
"4002105","Add","5","True"
"4002106","Add","5","True"
"4002107","Add","5","True"
"4002108","Add","5","True"
"4002109","Add","5","True"
"4002110","Add","5","True"
"4002111","Add","5","True"
"4002112","Add","5","True"
"4002113","Add","5","True"
"4002114","Add","5","True"
"4002115","Add","5","True"
"4002116","Add","5","True"
"4002117","Add","5","True"
"4002118","Add","5","True"
"4002119","Add","5","True"
"4002120","Add","5","True"
"4002121","Add","5","True"
"4002122","Add","5","True"
"4002123","Add","5","True"
"4002124","Add","5","True"
"4002125","Add","5","True"
"4002126","Add","5","True"
"4002127","Add","5","True"
"4002128","Add","5","True"
"4002129","Add","5","True"
"4002130","Add","5","True"
"4002131","Add","5","True"
"4002132","Add","5","True"
"4002133","Add","5","True"
"4002134","Add","5","True"
"4002135","Add","5","True"
"4002136","Add","5","True"
"4002137","Add","5","True"
"4002138","Add","5","True"
"4002139","Add","5","True"
"4002140","Add","5","True"
"4002141","Add","5","True"
"4002142","Add","5","True"
"4002143","Add","5","True"
"4002144","Add","5","True"
"4002145","Add","5","True"
"4002146","Add","5","True"
"4002147","Add","5","True"
"4002148","Add","5","True"
"4002149","Add","5","True"
"4002150","Add","5","True"
"4002151","Add","5","True"
"4002152","Add","5","True"
"4002153","Add","5","True"
"4002154","Add","5","True"
"4002155","Add","5","True"
"4002156","Add","5","True"
"4002157","Add","5","True"
"4002158","Add","5","True"
"4002159","Add","5","True"
"4002160","Add","5","True"
"4002161","Add","5","True"
"4002162","Add","5","True"
"4002163","Add","5","True"
"4002164","Add","5","True"
"4002165","Add","5","True"
"4002166","Add","5","True"
"4002167","Add","5","True"
"4002168","Add","5","True"
"4002169","Add","5","True"
"4002170","Add","5","True"
"4002171","Add","5","True"
"4002172","Add","5","True"
"4002173","Add","5","True"
"4002174","Add","5","True"
"4002175","Add","5","True"
"4002176","Add","5","True"
"4002177","Add","5","True"
"4002178","Add","5","True"
"4002179","Add","5","True"
"4002180","Add","5","True"
"4002181","Add","5","True"
"4002182","Add","5","True"
"4002183","Add","5","True"
"4002184","Add","5","True"
"4002185","Add","5","True"
"4002186","Add","5","True"
"4002187","Add","5","True"
"4002188","Add","5","True"
"4002189","Add","5","True"
"4002190","Add","5","True"
"4002191","Add","5","True"
"4002192","Add","5","True"
"4002193","Add","5","True"
"4002194","Add","5","True"
"4002195","Add","5","True"
"4002196","Add","5","True"
"4002197","Add","5","True"
"4002198","Add","5","True"
"4002199","Add","5","True"
"4002200","Add","5","True"
"4002201","Add","5","True"
"4002202","Add","5","True"
"4002203","Add","5","True"
"4002204","Add","5","True"
"4002205","Add","5","True"
"4002206","Add","5","True"
"4002207","Add","5","True"
"4002208","Add","5","True"
"4002209","Add","5","True"
"4002210","Add","5","True"
"4002211","Add","5","True"
"4002212","Add","5","True"
"4002213","Add","5","True"
"4002214","Add","5","True"
"4002215","Add","5","True"
"4002216","Add","5","True"
"4002217","Add","5","True"
"4002218","Add","5","True"
"4002219","Add","5","True"
"4002220","Add","5","True"
"4002221","Add","5","True"
"4002222","Add","5","True"
"4002223","Add","5","True"
"4002224","Add","5","True"
"4002225","Add","5","True"
"4002226","Add","5","True"
"4002227","Add","5","True"
"4002228","Add","5","True"
"4002229","Add","5","True"
"4002230","Add","5","True"
"4002231","Add","5","True"
"4002232","Add","5","True"
"4002233","Add","5","True"
"4002234","Add","5","True"
"4002235","Add","5","True"
"4002236","Add","5","True"
"4002237","Add","5","True"
"4002238","Add","5","True"
"4002239","Add","5","True"
"4002240","Add","5","True"
"4002241","Add","5","True"
"4002242","Add","5","True"
"4002243","Add","5","True"
"4002244","Add","5","True"
"4002245","Add","5","True"
"4002246","Add","5","True"
"4002247","Add","5","True"
"4002248","Add","5","True"
"4002249","Add","5","True"
"4002250","Add","5","True"
"4002251","Add","5","True"
"4002252","Add","5","True"
"4002253","Add","5","True"
"4002254","Add","5","True"
"4002255","Add","5","True"
"4002256","Add","5","True"
"4002257","Add","5","True"
"4002258","Add","5","True"
"4002259","Add","5","True"
"4002260","Add","5","True"
"4002261","Add","5","True"
"4002262","Add","5","True"
